CodCliente,Fecha,FechaTS,Cantidad,FormaIngreso,Medida,Temporada,Sintetico
137,2011-10-21 11:24:00,2011-10-21,184.0,HUMEDO,LATAS,1,False
46,2011-10-21 11:29:00,2011-10-21,13.0,HUMEDO,LATAS,1,False
230,2011-10-21 11:32:00,2011-10-21,42.75,HUMEDO,LATAS,1,False
137,2011-10-21 11:34:00,2011-10-21,63.25,HUMEDO,LATAS,1,False
251,2011-10-21 11:40:00,2011-10-21,80.75,HUMEDO,LATAS,1,False
251,2011-10-21 11:42:00,2011-10-21,53.0,HUMEDO,LATAS,1,False
137,2011-10-21 11:44:00,2011-10-21,46.5,HUMEDO,LATAS,1,False
54,2011-10-21 11:47:00,2011-10-21,275.75,HUMEDO,LATAS,1,False
251,2011-10-21 11:49:00,2011-10-21,78.0,HUMEDO,LATAS,1,False
137,2011-10-21 11:51:00,2011-10-21,90.0,HUMEDO,LATAS,1,False
46,2011-10-21 11:52:00,2011-10-21,2.25,HUMEDO,LATAS,1,False
125,2011-10-21 11:55:00,2011-10-21,60.0,HUMEDO,LATAS,1,False
137,2011-10-24 13:38:00,2011-10-24,4.25,HUMEDO,LATAS,1,False
54,2011-10-24 09:23:00,2011-10-24,27.25,HUMEDO,LATAS,1,False
46,2011-10-24 09:22:00,2011-10-24,6.0,HUMEDO,LATAS,1,False
46,2011-10-24 09:20:00,2011-10-24,12.0,HUMEDO,LATAS,1,False
46,2011-10-24 09:17:00,2011-10-24,28.0,HUMEDO,LATAS,1,False
234,2011-10-25 14:21:00,2011-10-25,33.0,HUMEDO,LATAS,1,False
177,2011-10-25 11:20:00,2011-10-25,14.75,HUMEDO,LATAS,1,False
125,2011-10-25 11:18:00,2011-10-25,6.0,HUMEDO,LATAS,1,False
177,2011-10-25 11:16:00,2011-10-25,23.5,HUMEDO,LATAS,1,False
251,2011-10-25 11:15:00,2011-10-25,80.5,HUMEDO,LATAS,1,False
251,2011-10-25 11:13:00,2011-10-25,38.0,HUMEDO,LATAS,1,False
137,2011-10-25 11:12:00,2011-10-25,94.0,HUMEDO,LATAS,1,False
125,2011-10-25 11:10:00,2011-10-25,20.0,HUMEDO,LATAS,1,False
137,2011-10-25 11:08:00,2011-10-25,154.0,HUMEDO,LATAS,1,False
237,2011-10-25 10:27:00,2011-10-25,5.25,HUMEDO,LATAS,1,False
251,2011-10-25 09:06:00,2011-10-25,9.5,HUMEDO,LATAS,1,False
251,2011-10-25 08:59:00,2011-10-25,100.25,HUMEDO,LATAS,1,False
251,2011-10-25 08:57:00,2011-10-25,33.0,HUMEDO,LATAS,1,False
54,2011-10-25 08:32:00,2011-10-25,32.0,HUMEDO,LATAS,1,False
137,2011-10-25 08:49:00,2011-10-25,149.0,HUMEDO,LATAS,1,False
237,2011-10-25 08:43:00,2011-10-25,24.75,HUMEDO,LATAS,1,False
125,2011-10-25 08:42:00,2011-10-25,28.0,HUMEDO,LATAS,1,False
251,2011-10-25 08:40:00,2011-10-25,79.25,HUMEDO,LATAS,1,False
125,2011-10-25 08:39:00,2011-10-25,9.0,HUMEDO,LATAS,1,False
234,2011-10-25 08:37:00,2011-10-25,12.75,HUMEDO,LATAS,1,False
46,2011-10-25 08:31:00,2011-10-25,8.75,HUMEDO,LATAS,1,False
46,2011-10-25 08:29:00,2011-10-25,21.5,HUMEDO,LATAS,1,False
251,2011-10-25 08:26:00,2011-10-25,56.5,HUMEDO,LATAS,1,False
118,2011-10-25 08:24:00,2011-10-25,10.5,HUMEDO,LATAS,1,False
137,2011-10-25 08:18:00,2011-10-25,184.5,HUMEDO,LATAS,1,False
54,2011-10-25 08:54:00,2011-10-25,9.5,HUMEDO,LATAS,1,False
46,2011-10-26 16:30:00,2011-10-26,54.75,HUMEDO,LATAS,1,False
125,2011-10-26 10:13:00,2011-10-26,61.75,HUMEDO,LATAS,1,False
54,2011-10-26 08:57:00,2011-10-26,3.19,SECO,QUINTALES,1,False
54,2011-10-26 08:55:00,2011-10-26,8.75,HUMEDO,LATAS,1,False
54,2011-10-26 08:37:00,2011-10-26,129.25,HUMEDO,LATAS,1,False
114,2011-10-27 17:10:00,2011-10-27,83.25,HUMEDO,LATAS,1,False
267,2011-10-27 15:41:00,2011-10-27,157.0,HUMEDO,LATAS,1,False
267,2011-10-27 15:36:00,2011-10-27,18.75,HUMEDO,LATAS,1,False
267,2011-10-27 15:28:00,2011-10-27,6.25,HUMEDO,LATAS,1,False
267,2011-10-27 15:25:00,2011-10-27,5.5,HUMEDO,LATAS,1,False
267,2011-10-27 15:22:00,2011-10-27,100.0,HUMEDO,LATAS,1,False
267,2011-10-27 15:34:00,2011-10-27,3.25,HUMEDO,LATAS,1,False
54,2011-10-27 13:22:00,2011-10-27,136.5,HUMEDO,LATAS,1,False
247,2011-10-27 12:20:00,2011-10-27,31.75,HUMEDO,LATAS,1,False
114,2011-10-27 12:19:00,2011-10-27,27.5,HUMEDO,LATAS,1,False
114,2011-10-27 12:17:00,2011-10-27,27.5,HUMEDO,LATAS,1,False
177,2011-10-27 12:11:00,2011-10-27,27.5,HUMEDO,LATAS,1,False
177,2011-10-27 12:07:00,2011-10-27,27.5,HUMEDO,LATAS,1,False
267,2011-10-27 15:00:00,2011-10-27,10.5,HUMEDO,LATAS,1,False
125,2011-10-28 15:16:00,2011-10-28,54.0,HUMEDO,LATAS,1,False
125,2011-10-28 13:32:00,2011-10-28,39.25,HUMEDO,LATAS,1,False
46,2011-10-28 10:14:00,2011-10-28,7.0,HUMEDO,LATAS,1,False
237,2011-10-28 09:04:00,2011-10-28,21.75,HUMEDO,LATAS,1,False
137,2011-10-28 08:59:00,2011-10-28,150.25,HUMEDO,LATAS,1,False
46,2011-10-28 10:13:00,2011-10-28,26.0,HUMEDO,LATAS,1,False
251,2011-10-29 13:50:00,2011-10-29,84.25,HUMEDO,LATAS,1,False
54,2011-10-29 16:38:00,2011-10-29,116.25,HUMEDO,LATAS,1,False
54,2011-10-29 13:57:00,2011-10-29,91.25,HUMEDO,LATAS,1,False
251,2011-10-29 13:48:00,2011-10-29,83.75,HUMEDO,LATAS,1,False
46,2011-10-29 08:32:00,2011-10-29,48.75,HUMEDO,LATAS,1,False
125,2011-10-29 13:16:00,2011-10-29,50.0,HUMEDO,LATAS,1,False
114,2011-10-29 13:13:00,2011-10-29,64.25,HUMEDO,LATAS,1,False
251,2011-10-29 13:22:00,2011-10-29,80.0,HUMEDO,LATAS,1,False
267,2011-10-31 15:15:00,2011-10-31,137.75,HUMEDO,LATAS,1,False
137,2011-10-31 16:58:00,2011-10-31,166.5,HUMEDO,LATAS,1,False
177,2011-10-31 16:53:00,2011-10-31,4.0,HUMEDO,LATAS,1,False
251,2011-10-31 16:50:00,2011-10-31,26.25,HUMEDO,LATAS,1,False
291,2011-10-31 16:45:00,2011-10-31,245.25,HUMEDO,LATAS,1,False
137,2011-10-31 16:43:00,2011-10-31,45.75,HUMEDO,LATAS,1,False
227,2011-10-31 16:39:00,2011-10-31,5.0,HUMEDO,LATAS,1,False
54,2011-10-31 16:29:00,2011-10-31,162.5,HUMEDO,LATAS,1,False
125,2011-10-31 12:53:00,2011-10-31,46.0,HUMEDO,LATAS,1,False
46,2011-10-31 08:08:00,2011-10-31,11.0,HUMEDO,LATAS,1,False
251,2011-10-31 16:41:00,2011-10-31,47.0,HUMEDO,LATAS,1,False
193,2011-11-01 15:06:00,2011-11-01,27.5,HUMEDO,LATAS,1,False
177,2011-11-01 15:09:00,2011-11-01,13.25,HUMEDO,LATAS,1,False
125,2011-11-01 15:07:00,2011-11-01,54.75,HUMEDO,LATAS,1,False
193,2011-11-01 15:02:00,2011-11-01,17.5,HUMEDO,LATAS,1,False
118,2011-11-01 14:51:00,2011-11-01,64.5,HUMEDO,LATAS,1,False
234,2011-11-01 14:59:00,2011-11-01,1.25,HUMEDO,LATAS,1,False
193,2011-11-01 14:49:00,2011-11-01,43.75,HUMEDO,LATAS,1,False
230,2011-11-01 14:45:00,2011-11-01,5.0,HUMEDO,LATAS,1,False
175,2011-11-01 14:29:00,2011-11-01,89.5,HUMEDO,LATAS,1,False
54,2011-11-02 07:34:00,2011-11-02,60.25,HUMEDO,LATAS,1,False
251,2011-11-02 07:49:00,2011-11-02,18.25,HUMEDO,LATAS,1,False
251,2011-11-02 07:51:00,2011-11-02,6.75,HUMEDO,LATAS,1,False
237,2011-11-02 07:53:00,2011-11-02,15.5,HUMEDO,LATAS,1,False
282,2011-11-03 09:04:00,2011-11-03,58.5,HUMEDO,LATAS,1,False
338,2011-11-03 09:40:00,2011-11-03,12.0,HUMEDO,LATAS,1,False
338,2011-11-03 09:43:00,2011-11-03,4.0,HUMEDO,LATAS,1,False
193,2011-11-03 09:46:00,2011-11-03,19.75,HUMEDO,LATAS,1,False
193,2011-11-03 09:48:00,2011-11-03,37.5,HUMEDO,LATAS,1,False
237,2011-11-03 09:51:00,2011-11-03,17.0,HUMEDO,LATAS,1,False
54,2011-11-03 15:54:00,2011-11-03,202.75,HUMEDO,LATAS,1,False
54,2011-11-04 15:05:00,2011-11-04,78.0,HUMEDO,LATAS,1,False
137,2011-11-04 15:32:00,2011-11-04,90.25,HUMEDO,LATAS,1,False
46,2011-11-04 08:54:00,2011-11-04,14.25,HUMEDO,LATAS,1,False
282,2011-11-04 09:27:00,2011-11-04,90.75,HUMEDO,LATAS,1,False
54,2011-11-05 07:53:00,2011-11-05,15.5,HUMEDO,LATAS,1,False
177,2011-11-05 09:17:00,2011-11-05,10.25,HUMEDO,LATAS,1,False
56,2011-11-05 10:06:00,2011-11-05,15.0,HUMEDO,LATAS,1,False
54,2011-11-05 13:39:00,2011-11-05,62.75,HUMEDO,LATAS,1,False
114,2011-11-05 17:00:00,2011-11-05,25.0,HUMEDO,LATAS,1,False
137,2011-11-05 17:02:00,2011-11-05,78.75,HUMEDO,LATAS,1,False
38,2011-11-05 17:04:00,2011-11-05,55.0,HUMEDO,LATAS,1,False
46,2011-11-07 09:54:00,2011-11-07,14.5,HUMEDO,LATAS,1,False
113,2011-11-07 10:41:00,2011-11-07,72.75,HUMEDO,LATAS,1,False
114,2011-11-07 13:29:00,2011-11-07,84.25,HUMEDO,LATAS,1,False
54,2011-11-07 13:31:00,2011-11-07,58.0,HUMEDO,LATAS,1,False
267,2011-11-07 13:54:00,2011-11-07,68.25,HUMEDO,LATAS,1,False
267,2011-11-07 14:05:00,2011-11-07,281.25,HUMEDO,LATAS,1,False
114,2011-11-08 08:42:00,2011-11-08,76.0,HUMEDO,LATAS,1,False
54,2011-11-08 15:49:00,2011-11-08,28.0,HUMEDO,LATAS,1,False
193,2011-11-08 08:34:00,2011-11-08,20.25,HUMEDO,LATAS,1,False
125,2011-11-08 12:54:00,2011-11-08,33.0,HUMEDO,LATAS,1,False
237,2011-11-08 08:32:00,2011-11-08,75.0,HUMEDO,LATAS,1,False
310,2011-11-08 11:36:00,2011-11-08,82.0,HUMEDO,LATAS,1,False
193,2011-11-08 08:27:00,2011-11-08,43.5,HUMEDO,LATAS,1,False
177,2011-11-08 08:22:00,2011-11-08,4.0,HUMEDO,LATAS,1,False
251,2011-11-08 08:20:00,2011-11-08,64.25,HUMEDO,LATAS,1,False
251,2011-11-08 08:18:00,2011-11-08,82.5,HUMEDO,LATAS,1,False
251,2011-11-08 08:15:00,2011-11-08,88.0,HUMEDO,LATAS,1,False
282,2011-11-08 08:30:00,2011-11-08,61.0,HUMEDO,LATAS,1,False
267,2011-11-09 08:03:00,2011-11-09,9.0,HUMEDO,LATAS,1,False
113,2011-11-09 13:05:00,2011-11-09,68.0,HUMEDO,LATAS,1,False
125,2011-11-09 14:53:00,2011-11-09,65.0,HUMEDO,LATAS,1,False
54,2011-11-09 16:29:00,2011-11-09,46.75,HUMEDO,LATAS,1,False
38,2011-11-10 16:29:00,2011-11-10,112.0,HUMEDO,LATAS,1,False
175,2011-11-10 14:09:00,2011-11-10,82.75,HUMEDO,LATAS,1,False
46,2011-11-10 13:51:00,2011-11-10,73.25,HUMEDO,LATAS,1,False
114,2011-11-10 07:56:00,2011-11-10,84.5,HUMEDO,LATAS,1,False
251,2011-11-10 12:39:00,2011-11-10,81.5,HUMEDO,LATAS,1,False
46,2011-11-10 07:41:00,2011-11-10,66.5,HUMEDO,LATAS,1,False
251,2011-11-10 12:40:00,2011-11-10,75.0,HUMEDO,LATAS,1,False
46,2011-11-11 12:02:00,2011-11-11,51.25,HUMEDO,LATAS,1,False
54,2011-11-11 13:32:00,2011-11-11,61.75,HUMEDO,LATAS,1,False
14,2011-11-12 14:38:00,2011-11-12,26.5,HUMEDO,LATAS,1,False
251,2011-11-12 14:16:00,2011-11-12,81.25,HUMEDO,LATAS,1,False
251,2011-11-12 14:04:00,2011-11-12,83.0,HUMEDO,LATAS,1,False
54,2011-11-12 10:31:00,2011-11-12,50.75,HUMEDO,LATAS,1,False
234,2011-11-12 10:26:00,2011-11-12,5.75,HUMEDO,LATAS,1,False
234,2011-11-12 10:22:00,2011-11-12,15.5,HUMEDO,LATAS,1,False
251,2011-11-12 10:23:00,2011-11-12,65.0,HUMEDO,LATAS,1,False
251,2011-11-12 10:20:00,2011-11-12,79.5,HUMEDO,LATAS,1,False
38,2011-11-12 10:18:00,2011-11-12,161.25,HUMEDO,LATAS,1,False
237,2011-11-12 09:01:00,2011-11-12,79.0,HUMEDO,LATAS,1,False
54,2011-11-12 10:25:00,2011-11-12,85.5,HUMEDO,LATAS,1,False
193,2011-11-13 16:23:00,2011-11-13,72.75,HUMEDO,LATAS,1,False
83,2011-11-13 14:55:00,2011-11-13,75.75,HUMEDO,LATAS,1,False
54,2011-11-13 15:06:00,2011-11-13,65.0,HUMEDO,LATAS,1,False
251,2011-11-13 10:48:00,2011-11-13,85.75,HUMEDO,LATAS,1,False
114,2011-11-13 09:11:00,2011-11-13,72.25,HUMEDO,LATAS,1,False
237,2011-11-13 12:17:00,2011-11-13,25.25,HUMEDO,LATAS,1,False
251,2011-11-14 08:09:00,2011-11-14,86.0,HUMEDO,LATAS,1,False
267,2011-11-15 15:44:00,2011-11-15,20.25,HUMEDO,LATAS,1,False
344,2011-11-15 09:53:00,2011-11-15,16.0,HUMEDO,LATAS,1,False
344,2011-11-15 10:16:00,2011-11-15,64.5,HUMEDO,LATAS,1,False
344,2011-11-15 10:18:00,2011-11-15,10.5,HUMEDO,LATAS,1,False
177,2011-11-15 15:20:00,2011-11-15,25.75,HUMEDO,LATAS,1,False
177,2011-11-15 15:21:00,2011-11-15,1.0,HUMEDO,LATAS,1,False
267,2011-11-15 15:41:00,2011-11-15,40.0,HUMEDO,LATAS,1,False
45,2011-11-16 12:26:00,2011-11-16,74.5,HUMEDO,LATAS,1,False
46,2011-11-16 10:31:00,2011-11-16,22.5,HUMEDO,LATAS,1,False
251,2011-11-16 15:17:00,2011-11-16,84.75,HUMEDO,LATAS,1,False
54,2011-11-16 13:38:00,2011-11-16,96.0,HUMEDO,LATAS,1,False
230,2011-11-16 08:54:00,2011-11-16,60.5,HUMEDO,LATAS,1,False
251,2011-11-16 08:48:00,2011-11-16,85.5,HUMEDO,LATAS,1,False
125,2011-11-16 08:50:00,2011-11-16,40.0,HUMEDO,LATAS,1,False
193,2011-11-16 08:52:00,2011-11-16,25.5,HUMEDO,LATAS,1,False
33,2011-11-16 08:47:00,2011-11-16,37.0,HUMEDO,LATAS,1,False
54,2011-11-16 08:18:00,2011-11-16,53.0,HUMEDO,LATAS,1,False
46,2011-11-17 17:22:00,2011-11-17,16.0,HUMEDO,LATAS,1,False
54,2011-11-17 11:54:00,2011-11-17,66.75,HUMEDO,LATAS,1,False
251,2011-11-17 11:41:00,2011-11-17,100.75,HUMEDO,LATAS,1,False
105,2011-11-17 09:38:00,2011-11-17,26.25,HUMEDO,LATAS,1,False
193,2011-11-17 17:09:00,2011-11-17,77.25,HUMEDO,LATAS,1,False
45,2011-11-17 08:40:00,2011-11-17,80.0,HUMEDO,LATAS,1,False
54,2011-11-17 08:35:00,2011-11-17,26.25,HUMEDO,LATAS,1,False
310,2011-11-17 08:04:00,2011-11-17,43.75,HUMEDO,LATAS,1,False
46,2011-11-17 09:06:00,2011-11-17,62.0,HUMEDO,LATAS,1,False
344,2011-11-18 09:26:00,2011-11-18,14.75,HUMEDO,LATAS,1,False
237,2011-11-18 09:57:00,2011-11-18,68.25,HUMEDO,LATAS,1,False
105,2011-11-18 13:13:00,2011-11-18,4.75,HUMEDO,LATAS,1,False
251,2011-11-18 15:26:00,2011-11-18,256.0,HUMEDO,LATAS,1,False
45,2011-11-18 15:33:00,2011-11-18,100.25,HUMEDO,LATAS,1,False
54,2011-11-18 16:12:00,2011-11-18,131.75,HUMEDO,LATAS,1,False
83,2011-11-19 14:59:00,2011-11-19,79.5,HUMEDO,LATAS,1,False
45,2011-11-19 16:20:00,2011-11-19,97.0,HUMEDO,LATAS,1,False
177,2011-11-19 15:01:00,2011-11-19,20.75,HUMEDO,LATAS,1,False
251,2011-11-19 14:15:00,2011-11-19,86.0,HUMEDO,LATAS,1,False
46,2011-11-19 10:57:00,2011-11-19,24.0,HUMEDO,LATAS,1,False
177,2011-11-19 13:04:00,2011-11-19,5.0,HUMEDO,LATAS,1,False
267,2011-11-19 09:22:00,2011-11-19,15.0,HUMEDO,LATAS,1,False
234,2011-11-19 13:41:00,2011-11-19,79.5,HUMEDO,LATAS,1,False
54,2011-11-21 15:26:00,2011-11-21,72.25,HUMEDO,LATAS,1,False
267,2011-11-21 14:52:00,2011-11-21,240.5,HUMEDO,LATAS,1,False
267,2011-11-21 14:50:00,2011-11-21,9.0,HUMEDO,LATAS,1,False
267,2011-11-21 14:41:00,2011-11-21,4.5,HUMEDO,LATAS,1,False
247,2011-11-21 12:13:00,2011-11-21,76.0,HUMEDO,LATAS,1,False
46,2011-11-21 11:02:00,2011-11-21,30.0,HUMEDO,LATAS,1,False
251,2011-11-21 10:48:00,2011-11-21,33.0,HUMEDO,LATAS,1,False
278,2011-11-21 10:31:00,2011-11-21,66.0,HUMEDO,LATAS,1,False
278,2011-11-21 10:30:00,2011-11-21,66.0,HUMEDO,LATAS,1,False
278,2011-11-21 10:29:00,2011-11-21,66.0,HUMEDO,LATAS,1,False
278,2011-11-21 10:28:00,2011-11-21,66.0,HUMEDO,LATAS,1,False
251,2011-11-21 10:43:00,2011-11-21,33.0,HUMEDO,LATAS,1,False
45,2011-11-22 15:33:00,2011-11-22,93.25,HUMEDO,LATAS,1,False
45,2011-11-22 15:29:00,2011-11-22,78.75,HUMEDO,LATAS,1,False
54,2011-11-22 16:24:00,2011-11-22,48.0,HUMEDO,LATAS,1,False
54,2011-11-22 14:15:00,2011-11-22,73.25,HUMEDO,LATAS,1,False
177,2011-11-22 14:46:00,2011-11-22,2.0,HUMEDO,LATAS,1,False
237,2011-11-23 07:23:00,2011-11-23,48.0,HUMEDO,LATAS,1,False
46,2011-11-23 07:31:00,2011-11-23,5.75,HUMEDO,LATAS,1,False
193,2011-11-23 08:23:00,2011-11-23,73.0,HUMEDO,LATAS,1,False
193,2011-11-23 08:28:00,2011-11-23,73.0,HUMEDO,LATAS,1,False
193,2011-11-23 08:32:00,2011-11-23,73.0,HUMEDO,LATAS,1,False
251,2011-11-23 08:34:00,2011-11-23,29.75,HUMEDO,LATAS,1,False
344,2011-11-23 08:53:00,2011-11-23,5.5,HUMEDO,LATAS,1,False
175,2011-11-24 16:48:00,2011-11-24,171.75,HUMEDO,LATAS,1,False
86,2011-11-24 11:08:00,2011-11-24,74.5,HUMEDO,LATAS,1,False
54,2011-11-24 09:10:00,2011-11-24,70.0,HUMEDO,LATAS,1,False
251,2011-11-24 08:18:00,2011-11-24,55.0,HUMEDO,LATAS,1,False
177,2011-11-24 08:16:00,2011-11-24,4.25,HUMEDO,LATAS,1,False
56,2011-11-24 08:15:00,2011-11-24,31.5,HUMEDO,LATAS,1,False
230,2011-11-24 08:12:00,2011-11-24,114.0,HUMEDO,LATAS,1,False
86,2011-11-24 11:09:00,2011-11-24,1.95,SECO,QUINTALES,1,False
251,2011-11-24 08:10:00,2011-11-24,86.75,HUMEDO,LATAS,1,False
236,2011-11-24 08:07:00,2011-11-24,28.5,HUMEDO,LATAS,1,False
56,2011-11-24 08:06:00,2011-11-24,36.0,HUMEDO,LATAS,1,False
230,2011-11-24 08:03:00,2011-11-24,43.25,HUMEDO,LATAS,1,False
251,2011-11-24 08:00:00,2011-11-24,85.75,HUMEDO,LATAS,1,False
282,2011-11-24 07:58:00,2011-11-24,69.0,HUMEDO,LATAS,1,False
54,2011-11-24 08:11:00,2011-11-24,139.75,HUMEDO,LATAS,1,False
46,2011-11-25 10:27:00,2011-11-25,17.0,HUMEDO,LATAS,1,False
46,2011-11-25 10:31:00,2011-11-25,14.5,HUMEDO,LATAS,1,False
267,2011-11-25 14:33:00,2011-11-25,14.5,HUMEDO,LATAS,1,False
267,2011-11-25 14:44:00,2011-11-25,45.5,HUMEDO,LATAS,1,False
45,2011-11-26 17:05:00,2011-11-26,74.25,HUMEDO,LATAS,1,False
193,2011-11-26 16:09:00,2011-11-26,58.0,HUMEDO,LATAS,1,False
114,2011-11-26 13:48:00,2011-11-26,159.25,HUMEDO,LATAS,1,False
113,2011-11-26 13:34:00,2011-11-26,62.0,HUMEDO,LATAS,1,False
237,2011-11-26 10:32:00,2011-11-26,19.25,HUMEDO,LATAS,1,False
251,2011-11-26 10:23:00,2011-11-26,66.75,HUMEDO,LATAS,1,False
125,2011-11-26 09:37:00,2011-11-26,24.25,HUMEDO,LATAS,1,False
54,2011-11-26 07:47:00,2011-11-26,44.0,HUMEDO,LATAS,1,False
54,2011-11-26 13:31:00,2011-11-26,44.0,HUMEDO,LATAS,1,False
177,2011-11-27 08:56:00,2011-11-27,3.25,HUMEDO,LATAS,1,False
113,2011-11-27 09:45:00,2011-11-27,52.25,HUMEDO,LATAS,1,False
46,2011-11-27 14:59:00,2011-11-27,16.0,HUMEDO,LATAS,1,False
255,2011-11-27 15:30:00,2011-11-27,30.0,HUMEDO,LATAS,1,False
150,2011-11-27 15:31:00,2011-11-27,20.25,HUMEDO,LATAS,1,False
230,2011-11-27 16:48:00,2011-11-27,12.5,HUMEDO,LATAS,1,False
193,2011-11-28 15:53:00,2011-11-28,20.5,HUMEDO,LATAS,1,False
344,2011-11-29 12:54:00,2011-11-29,2.25,HUMEDO,LATAS,1,False
193,2011-11-29 12:50:00,2011-11-29,100.0,HUMEDO,LATAS,1,False
38,2011-11-29 12:34:00,2011-11-29,5.0,HUMEDO,LATAS,1,False
38,2011-11-29 12:38:00,2011-11-29,66.0,HUMEDO,LATAS,1,False
113,2011-11-29 12:43:00,2011-11-29,68.0,HUMEDO,LATAS,1,False
54,2011-11-30 07:41:26,2011-11-30,27.0,HUMEDO,LATAS,1,False
177,2011-11-30 08:57:29,2011-11-30,7.0,HUMEDO,LATAS,1,False
177,2011-11-30 09:16:15,2011-11-30,8.0,HUMEDO,LATAS,1,False
150,2011-11-30 10:05:54,2011-11-30,10.75,HUMEDO,LATAS,1,False
46,2011-11-30 10:15:07,2011-11-30,7.25,HUMEDO,LATAS,1,False
332,2011-11-30 10:53:18,2011-11-30,6.0,HUMEDO,LATAS,1,False
234,2011-11-30 11:21:10,2011-11-30,9.0,HUMEDO,LATAS,1,False
125,2011-11-30 13:18:36,2011-11-30,50.25,HUMEDO,LATAS,1,False
113,2011-11-30 13:42:26,2011-11-30,45.75,HUMEDO,LATAS,1,False
54,2011-12-01 16:48:13,2011-12-01,36.75,HUMEDO,LATAS,1,False
347,2011-12-01 16:44:30,2011-12-01,101.75,HUMEDO,LATAS,1,False
277,2011-12-01 16:07:41,2011-12-01,1.16,SECO,LATAS,1,False
230,2011-12-01 15:06:39,2011-12-01,17.75,HUMEDO,LATAS,1,False
332,2011-12-01 16:39:59,2011-12-01,7.5,HUMEDO,LATAS,1,False
349,2011-12-01 14:30:12,2011-12-01,28.5,HUMEDO,LATAS,1,False
177,2011-12-01 10:57:30,2011-12-01,5.0,HUMEDO,LATAS,1,False
175,2011-12-01 09:24:55,2011-12-01,388.25,HUMEDO,LATAS,1,False
54,2011-12-01 14:43:44,2011-12-01,55.0,HUMEDO,LATAS,1,False
54,2011-12-02 17:07:58,2011-12-02,17.0,HUMEDO,LATAS,1,False
125,2011-12-02 16:57:22,2011-12-02,89.5,HUMEDO,LATAS,1,False
46,2011-12-02 16:42:03,2011-12-02,57.0,HUMEDO,LATAS,1,False
350,2011-12-02 14:22:41,2011-12-02,9.5,HUMEDO,LATAS,1,False
45,2011-12-02 15:12:11,2011-12-02,99.75,HUMEDO,LATAS,1,False
247,2011-12-02 13:11:19,2011-12-02,46.5,HUMEDO,LATAS,1,False
46,2011-12-02 10:11:50,2011-12-02,35.0,HUMEDO,LATAS,1,False
175,2011-12-02 08:39:20,2011-12-02,391.0,HUMEDO,LATAS,1,False
113,2011-12-02 13:41:55,2011-12-02,74.25,HUMEDO,LATAS,1,False
56,2011-12-03 10:42:08,2011-12-03,15.0,HUMEDO,LATAS,1,False
54,2011-12-03 14:13:22,2011-12-03,66.75,HUMEDO,LATAS,1,False
230,2011-12-03 14:47:22,2011-12-03,78.25,HUMEDO,LATAS,1,False
251,2011-12-03 12:18:45,2011-12-03,91.5,HUMEDO,LATAS,1,False
177,2011-12-03 11:15:02,2011-12-03,5.0,HUMEDO,LATAS,1,False
351,2011-12-03 10:42:53,2011-12-03,3.0,HUMEDO,LATAS,1,False
251,2011-12-03 10:37:49,2011-12-03,29.0,HUMEDO,LATAS,1,False
54,2011-12-03 14:11:42,2011-12-03,76.0,HUMEDO,LATAS,1,False
46,2011-12-03 10:22:31,2011-12-03,7.75,HUMEDO,LATAS,1,False
175,2011-12-03 10:10:47,2011-12-03,93.5,HUMEDO,LATAS,1,False
86,2011-12-03 10:02:04,2011-12-03,3.84,SECO,LATAS,1,False
86,2011-12-03 09:58:01,2011-12-03,66.75,HUMEDO,LATAS,1,False
350,2011-12-03 09:12:09,2011-12-03,8.0,HUMEDO,LATAS,1,False
237,2011-12-03 09:08:08,2011-12-03,18.5,HUMEDO,LATAS,1,False
234,2011-12-03 10:34:56,2011-12-03,88.25,HUMEDO,LATAS,1,False
38,2011-12-04 17:08:20,2011-12-04,99.5,HUMEDO,LATAS,1,False
175,2011-12-04 16:44:06,2011-12-04,82.5,HUMEDO,LATAS,1,False
83,2011-12-04 13:50:00,2011-12-04,73.5,HUMEDO,LATAS,1,False
54,2011-12-04 13:22:45,2011-12-04,6.0,HUMEDO,LATAS,1,False
38,2011-12-04 08:15:38,2011-12-04,85.5,HUMEDO,LATAS,1,False
137,2011-12-04 08:14:02,2011-12-04,70.0,HUMEDO,LATAS,1,False
46,2011-12-04 13:36:33,2011-12-04,53.0,HUMEDO,LATAS,1,False
177,2011-12-05 10:51:17,2011-12-05,5.0,HUMEDO,LATAS,1,False
251,2011-12-05 11:06:37,2011-12-05,85.0,HUMEDO,LATAS,1,False
175,2011-12-05 11:09:36,2011-12-05,11.0,HUMEDO,LATAS,1,False
177,2011-12-05 16:48:20,2011-12-05,2.0,HUMEDO,LATAS,1,False
177,2011-12-06 14:32:17,2011-12-06,7.75,HUMEDO,LATAS,1,False
230,2011-12-06 14:20:42,2011-12-06,39.5,HUMEDO,LATAS,1,False
113,2011-12-06 16:18:02,2011-12-06,10.5,HUMEDO,LATAS,1,False
127,2011-12-06 12:56:31,2011-12-06,22.75,HUMEDO,LATAS,1,False
353,2011-12-06 09:15:19,2011-12-06,2.0,HUMEDO,LATAS,1,False
251,2011-12-06 13:36:29,2011-12-06,80.75,HUMEDO,LATAS,1,False
177,2011-12-07 11:22:10,2011-12-07,22.0,HUMEDO,LATAS,1,False
344,2011-12-07 12:57:34,2011-12-07,7.5,HUMEDO,LATAS,1,False
230,2011-12-07 14:40:19,2011-12-07,13.5,HUMEDO,LATAS,1,False
251,2011-12-07 15:08:47,2011-12-07,85.0,HUMEDO,LATAS,1,False
125,2011-12-07 15:16:36,2011-12-07,60.25,HUMEDO,LATAS,1,False
38,2011-12-07 16:14:06,2011-12-07,92.75,HUMEDO,LATAS,1,False
56,2011-12-07 16:17:45,2011-12-07,6.0,HUMEDO,LATAS,1,False
177,2011-12-07 16:25:26,2011-12-07,90.0,HUMEDO,LATAS,1,False
54,2011-12-07 16:59:08,2011-12-07,78.0,HUMEDO,LATAS,1,False
177,2011-12-08 16:55:07,2011-12-08,27.75,HUMEDO,LATAS,1,False
230,2011-12-08 11:51:02,2011-12-08,25.0,HUMEDO,LATAS,1,False
354,2011-12-08 11:51:46,2011-12-08,6.25,HUMEDO,LATAS,1,False
46,2011-12-09 09:47:03,2011-12-09,10.75,HUMEDO,LATAS,1,False
83,2011-12-10 07:44:17,2011-12-10,80.0,HUMEDO,LATAS,1,False
46,2011-12-10 07:58:46,2011-12-10,3.5,HUMEDO,LATAS,1,False
177,2011-12-10 10:58:10,2011-12-10,15.0,HUMEDO,LATAS,1,False
85,2011-12-10 11:02:30,2011-12-10,2.36,SECO,LATAS,1,False
335,2011-12-12 11:42:01,2011-12-12,2.75,HUMEDO,LATAS,1,False
38,2011-12-12 16:55:04,2011-12-12,60.75,HUMEDO,LATAS,1,False
125,2011-12-12 16:53:14,2011-12-12,39.5,HUMEDO,LATAS,1,False
354,2011-12-12 13:51:54,2011-12-12,3.75,HUMEDO,LATAS,1,False
230,2011-12-12 13:50:12,2011-12-12,25.0,HUMEDO,LATAS,1,False
193,2011-12-12 11:19:35,2011-12-12,10.25,HUMEDO,LATAS,1,False
46,2011-12-12 09:37:04,2011-12-12,31.0,HUMEDO,LATAS,1,False
193,2011-12-12 09:15:14,2011-12-12,98.75,HUMEDO,LATAS,1,False
113,2011-12-12 08:39:05,2011-12-12,15.0,HUMEDO,LATAS,1,False
54,2011-12-12 08:38:29,2011-12-12,30.25,HUMEDO,LATAS,1,False
83,2011-12-12 08:37:36,2011-12-12,80.0,HUMEDO,LATAS,1,False
230,2011-12-12 08:08:15,2011-12-12,98.75,HUMEDO,LATAS,1,False
177,2011-12-12 07:48:45,2011-12-12,53.25,HUMEDO,LATAS,1,False
186,2011-12-12 07:39:58,2011-12-12,85.75,HUMEDO,LATAS,1,False
54,2011-12-13 08:52:02,2011-12-13,7.0,HUMEDO,LATAS,1,False
310,2011-12-13 12:05:41,2011-12-13,186.5,HUMEDO,LATAS,1,False
125,2011-12-13 16:10:23,2011-12-13,40.0,HUMEDO,LATAS,1,False
177,2011-12-14 16:41:20,2011-12-14,7.5,HUMEDO,LATAS,1,False
186,2011-12-14 15:31:53,2011-12-14,73.0,HUMEDO,LATAS,1,False
282,2011-12-14 14:26:11,2011-12-14,7.75,HUMEDO,LATAS,1,False
33,2011-12-14 12:07:04,2011-12-14,37.0,HUMEDO,LATAS,1,False
46,2011-12-14 11:07:03,2011-12-14,24.75,HUMEDO,LATAS,1,False
234,2011-12-14 12:45:30,2011-12-14,35.25,HUMEDO,LATAS,1,False
251,2011-12-15 10:02:02,2011-12-15,43.0,HUMEDO,LATAS,1,False
332,2011-12-15 10:50:43,2011-12-15,6.0,HUMEDO,LATAS,1,False
54,2011-12-15 13:00:50,2011-12-15,52.0,HUMEDO,LATAS,1,False
175,2011-12-15 17:02:55,2011-12-15,66.75,HUMEDO,LATAS,1,False
282,2011-12-16 15:53:57,2011-12-16,88.75,HUMEDO,LATAS,1,False
125,2011-12-16 17:17:27,2011-12-16,51.25,HUMEDO,LATAS,1,False
230,2011-12-16 16:00:36,2011-12-16,120.75,HUMEDO,LATAS,1,False
56,2011-12-16 15:26:42,2011-12-16,47.25,HUMEDO,LATAS,1,False
54,2011-12-16 13:28:42,2011-12-16,14.0,SECO,LATAS,1,False
46,2011-12-16 13:34:05,2011-12-16,7.0,HUMEDO,LATAS,1,False
234,2011-12-16 13:25:53,2011-12-16,40.25,HUMEDO,LATAS,1,False
193,2011-12-16 09:20:40,2011-12-16,22.0,HUMEDO,LATAS,1,False
54,2011-12-16 14:15:16,2011-12-16,83.0,HUMEDO,LATAS,1,False
54,2011-12-17 07:48:47,2011-12-17,54.25,HUMEDO,LATAS,1,False
113,2011-12-17 09:53:33,2011-12-17,53.75,HUMEDO,LATAS,1,False
332,2011-12-17 10:29:05,2011-12-17,10.0,HUMEDO,LATAS,1,False
38,2011-12-17 15:54:28,2011-12-17,29.0,HUMEDO,LATAS,1,False
125,2011-12-17 16:36:15,2011-12-17,29.25,HUMEDO,LATAS,1,False
234,2011-12-18 15:44:06,2011-12-18,38.75,HUMEDO,LATAS,1,False
251,2011-12-18 10:57:21,2011-12-18,27.75,HUMEDO,LATAS,1,False
113,2011-12-18 13:56:42,2011-12-18,20.25,HUMEDO,LATAS,1,False
356,2011-12-19 08:34:45,2011-12-19,5.0,HUMEDO,LATAS,1,False
84,2011-12-19 09:33:27,2011-12-19,29.0,HUMEDO,LATAS,1,False
46,2011-12-19 09:43:54,2011-12-19,41.0,HUMEDO,LATAS,1,False
56,2011-12-19 12:01:51,2011-12-19,25.0,HUMEDO,LATAS,1,False
177,2011-12-19 16:17:26,2011-12-19,4.75,HUMEDO,LATAS,1,False
202,2011-12-20 16:49:11,2011-12-20,32.0,HUMEDO,LATAS,1,False
172,2011-12-20 16:50:59,2011-12-20,24.25,HUMEDO,LATAS,1,False
45,2011-12-20 13:51:23,2011-12-20,89.5,HUMEDO,LATAS,1,False
54,2011-12-20 08:32:11,2011-12-20,244.0,HUMEDO,LATAS,1,False
83,2011-12-20 10:19:20,2011-12-20,82.25,HUMEDO,LATAS,1,False
54,2011-12-20 09:05:14,2011-12-20,139.0,HUMEDO,LATAS,1,False
54,2011-12-20 13:05:14,2011-12-20,88.75,HUMEDO,LATAS,1,False
54,2011-12-21 07:35:11,2011-12-21,25.0,HUMEDO,LATAS,1,False
234,2011-12-21 08:27:02,2011-12-21,30.5,HUMEDO,LATAS,1,False
54,2011-12-21 08:27:39,2011-12-21,239.0,HUMEDO,LATAS,1,False
332,2011-12-21 11:08:35,2011-12-21,5.25,HUMEDO,LATAS,1,False
113,2011-12-21 11:19:43,2011-12-21,53.25,HUMEDO,LATAS,1,False
234,2011-12-21 13:25:50,2011-12-21,91.0,HUMEDO,LATAS,1,False
175,2011-12-21 13:42:05,2011-12-21,99.0,HUMEDO,LATAS,1,False
45,2011-12-22 15:27:37,2011-12-22,100.75,HUMEDO,LATAS,1,False
54,2011-12-22 14:54:40,2011-12-22,83.5,HUMEDO,LATAS,1,False
251,2011-12-22 14:00:03,2011-12-22,85.75,HUMEDO,LATAS,1,False
38,2011-12-22 09:07:41,2011-12-22,77.0,HUMEDO,LATAS,1,False
54,2011-12-22 09:58:20,2011-12-22,89.0,HUMEDO,LATAS,1,False
125,2011-12-22 13:57:42,2011-12-22,64.5,HUMEDO,LATAS,1,False
251,2011-12-23 16:54:35,2011-12-23,90.0,HUMEDO,LATAS,1,False
54,2011-12-23 15:15:00,2011-12-23,163.75,HUMEDO,LATAS,1,False
45,2011-12-23 14:13:38,2011-12-23,99.0,HUMEDO,LATAS,1,False
293,2011-12-23 14:02:43,2011-12-23,65.75,HUMEDO,LATAS,1,False
251,2011-12-23 13:51:06,2011-12-23,90.0,HUMEDO,LATAS,1,False
46,2011-12-23 11:31:33,2011-12-23,118.0,HUMEDO,LATAS,1,False
175,2011-12-23 11:19:26,2011-12-23,99.25,HUMEDO,LATAS,1,False
56,2011-12-23 10:07:23,2011-12-23,39.75,HUMEDO,LATAS,1,False
251,2011-12-23 09:50:07,2011-12-23,12.0,HUMEDO,LATAS,1,False
230,2011-12-23 13:03:20,2011-12-23,97.0,HUMEDO,LATAS,1,False
234,2011-12-24 12:17:05,2011-12-24,16.25,HUMEDO,LATAS,1,False
45,2011-12-24 12:13:41,2011-12-24,75.25,HUMEDO,LATAS,1,False
54,2011-12-24 12:05:25,2011-12-24,25.0,HUMEDO,LATAS,1,False
54,2011-12-24 12:03:54,2011-12-24,38.0,HUMEDO,LATAS,1,False
230,2011-12-24 11:23:57,2011-12-24,78.5,HUMEDO,LATAS,1,False
251,2011-12-24 10:59:11,2011-12-24,90.75,HUMEDO,LATAS,1,False
82,2011-12-24 09:04:50,2011-12-24,25.0,HUMEDO,LATAS,1,False
86,2011-12-24 11:42:17,2011-12-24,80.5,HUMEDO,LATAS,1,False
237,2011-12-26 14:26:28,2011-12-26,31.5,HUMEDO,LATAS,1,False
234,2011-12-26 16:21:22,2011-12-26,21.0,HUMEDO,LATAS,1,False
193,2011-12-26 16:09:21,2011-12-26,93.75,HUMEDO,LATAS,1,False
251,2011-12-26 15:02:13,2011-12-26,90.0,HUMEDO,LATAS,1,False
237,2011-12-26 13:01:05,2011-12-26,31.5,HUMEDO,LATAS,1,False
332,2011-12-26 12:59:20,2011-12-26,42.0,HUMEDO,LATAS,1,False
365,2011-12-26 12:50:26,2011-12-26,5.0,HUMEDO,LATAS,1,False
46,2011-12-26 12:45:45,2011-12-26,49.75,HUMEDO,LATAS,1,False
230,2011-12-26 10:25:14,2011-12-26,85.0,HUMEDO,LATAS,1,False
364,2011-12-26 10:23:49,2011-12-26,1.75,HUMEDO,LATAS,1,False
56,2011-12-26 08:39:48,2011-12-26,27.0,HUMEDO,LATAS,1,False
230,2011-12-27 13:15:28,2011-12-27,89.0,HUMEDO,LATAS,1,False
247,2011-12-27 13:20:41,2011-12-27,21.0,HUMEDO,LATAS,1,False
54,2011-12-27 14:12:15,2011-12-27,27.25,HUMEDO,LATAS,1,False
234,2011-12-27 15:17:05,2011-12-27,43.75,HUMEDO,LATAS,1,False
46,2011-12-28 16:08:22,2011-12-28,76.25,HUMEDO,LATAS,1,False
251,2011-12-28 14:34:45,2011-12-28,90.25,HUMEDO,LATAS,1,False
45,2011-12-28 14:53:02,2011-12-28,91.75,HUMEDO,LATAS,1,False
113,2011-12-28 12:41:02,2011-12-28,43.5,HUMEDO,LATAS,1,False
293,2011-12-28 09:56:21,2011-12-28,12.5,HUMEDO,LATAS,1,False
105,2011-12-28 13:59:15,2011-12-28,39.5,HUMEDO,LATAS,1,False
46,2011-12-29 07:48:00,2011-12-29,54.25,HUMEDO,LATAS,1,False
228,2011-12-29 08:11:58,2011-12-29,69.0,HUMEDO,LATAS,1,False
54,2011-12-29 11:41:09,2011-12-29,90.25,HUMEDO,LATAS,1,False
251,2011-12-29 12:59:53,2011-12-29,90.0,HUMEDO,LATAS,1,False
230,2011-12-29 15:26:56,2011-12-29,27.0,HUMEDO,LATAS,1,False
231,2011-12-30 13:24:38,2011-12-30,49.25,HUMEDO,LATAS,1,False
234,2011-12-30 16:46:01,2011-12-30,76.0,HUMEDO,LATAS,1,False
29,2011-12-30 15:51:57,2011-12-30,62.5,HUMEDO,LATAS,1,False
45,2011-12-30 15:40:17,2011-12-30,83.25,HUMEDO,LATAS,1,False
46,2011-12-30 14:53:15,2011-12-30,25.25,HUMEDO,LATAS,1,False
251,2011-12-30 13:51:48,2011-12-30,182.0,HUMEDO,LATAS,1,False
193,2011-12-30 12:39:33,2011-12-30,89.25,HUMEDO,LATAS,1,False
86,2011-12-30 08:16:49,2011-12-30,80.75,HUMEDO,LATAS,1,False
251,2011-12-30 11:47:20,2011-12-30,90.0,HUMEDO,LATAS,1,False
56,2011-12-30 11:38:44,2011-12-30,23.0,HUMEDO,LATAS,1,False
46,2011-12-30 10:14:23,2011-12-30,61.25,HUMEDO,LATAS,1,False
368,2011-12-30 10:05:03,2011-12-30,27.0,HUMEDO,LATAS,1,False
54,2011-12-30 08:41:57,2011-12-30,20.0,HUMEDO,LATAS,1,False
175,2011-12-30 08:11:08,2011-12-30,238.25,HUMEDO,LATAS,1,False
86,2011-12-30 11:55:15,2011-12-30,41.25,HUMEDO,LATAS,1,False
234,2011-12-31 12:01:38,2011-12-31,58.0,HUMEDO,LATAS,1,False
251,2011-12-31 12:23:05,2011-12-31,181.75,HUMEDO,LATAS,1,False
371,2011-12-31 12:18:52,2011-12-31,13.75,HUMEDO,LATAS,1,False
56,2011-12-31 12:18:07,2011-12-31,35.0,HUMEDO,LATAS,1,False
86,2011-12-31 12:12:33,2011-12-31,80.0,HUMEDO,LATAS,1,False
193,2011-12-31 12:10:46,2011-12-31,86.5,HUMEDO,LATAS,1,False
234,2011-12-31 12:07:07,2011-12-31,86.5,HUMEDO,LATAS,1,False
230,2011-12-31 12:03:28,2011-12-31,79.0,HUMEDO,LATAS,1,False
193,2011-12-31 11:55:49,2011-12-31,69.75,HUMEDO,LATAS,1,False
46,2011-12-31 11:15:33,2011-12-31,5.0,HUMEDO,LATAS,1,False
83,2011-12-31 11:43:06,2011-12-31,75.0,HUMEDO,LATAS,1,False
113,2011-12-31 09:54:42,2011-12-31,13.5,HUMEDO,LATAS,1,False
113,2011-12-31 09:48:32,2011-12-31,4.75,HUMEDO,LATAS,1,False
175,2011-12-31 09:47:05,2011-12-31,89.25,HUMEDO,LATAS,1,False
234,2011-12-31 09:15:53,2011-12-31,58.0,HUMEDO,LATAS,1,False
234,2011-12-31 09:15:11,2011-12-31,83.75,HUMEDO,LATAS,1,False
193,2011-12-31 08:43:43,2011-12-31,66.75,HUMEDO,LATAS,1,False
137,2011-12-31 07:32:23,2011-12-31,92.5,HUMEDO,LATAS,1,False
54,2011-12-31 11:49:28,2011-12-31,41.0,HUMEDO,LATAS,1,False
251,2012-01-02 16:28:41,2012-01-02,359.25,HUMEDO,LATAS,1,False
54,2012-01-02 16:20:15,2012-01-02,10.0,HUMEDO,LATAS,1,False
251,2012-01-02 16:16:27,2012-01-02,159.25,HUMEDO,LATAS,1,False
175,2012-01-02 12:48:00,2012-01-02,60.0,HUMEDO,LATAS,1,False
237,2012-01-02 11:59:30,2012-01-02,123.0,HUMEDO,LATAS,1,False
29,2012-01-02 10:33:00,2012-01-02,43.75,HUMEDO,LATAS,1,False
17,2012-01-02 15:36:21,2012-01-02,29.0,HUMEDO,LATAS,1,False
351,2012-01-02 10:26:50,2012-01-02,10.5,HUMEDO,LATAS,1,False
56,2012-01-02 10:25:54,2012-01-02,5.0,HUMEDO,LATAS,1,False
332,2012-01-02 10:01:44,2012-01-02,10.25,HUMEDO,LATAS,1,False
234,2012-01-02 09:36:18,2012-01-02,71.0,HUMEDO,LATAS,1,False
119,2012-01-02 08:34:38,2012-01-02,34.5,HUMEDO,LATAS,1,False
234,2012-01-02 08:26:10,2012-01-02,79.75,HUMEDO,LATAS,1,False
371,2012-01-02 10:28:01,2012-01-02,6.5,HUMEDO,LATAS,1,False
175,2012-01-03 07:36:07,2012-01-03,18.0,HUMEDO,LATAS,1,False
251,2012-01-03 13:57:20,2012-01-03,179.75,HUMEDO,LATAS,1,False
33,2012-01-04 16:45:52,2012-01-04,47.5,HUMEDO,LATAS,1,False
373,2012-01-04 16:18:37,2012-01-04,19.0,HUMEDO,LATAS,1,False
251,2012-01-04 14:15:23,2012-01-04,89.0,HUMEDO,LATAS,1,False
125,2012-01-04 12:44:18,2012-01-04,59.75,HUMEDO,LATAS,1,False
46,2012-01-04 10:33:58,2012-01-04,2.0,HUMEDO,LATAS,1,False
234,2012-01-04 07:34:29,2012-01-04,50.0,HUMEDO,LATAS,1,False
7,2012-01-04 13:49:36,2012-01-04,27.0,HUMEDO,LATAS,1,False
234,2012-01-05 16:20:25,2012-01-05,138.5,HUMEDO,LATAS,1,False
46,2012-01-05 09:05:08,2012-01-05,43.0,HUMEDO,LATAS,1,False
82,2012-01-05 10:28:53,2012-01-05,75.0,HUMEDO,LATAS,1,False
375,2012-01-05 10:29:39,2012-01-05,1.75,HUMEDO,LATAS,1,False
354,2012-01-05 14:40:15,2012-01-05,10.0,HUMEDO,LATAS,1,False
83,2012-01-05 15:47:22,2012-01-05,80.25,HUMEDO,LATAS,1,False
56,2012-01-05 15:54:29,2012-01-05,54.0,HUMEDO,LATAS,1,False
234,2012-01-06 15:22:27,2012-01-06,85.75,HUMEDO,LATAS,1,False
45,2012-01-06 15:05:18,2012-01-06,66.0,HUMEDO,LATAS,1,False
54,2012-01-06 15:46:49,2012-01-06,95.5,HUMEDO,LATAS,1,False
346,2012-01-06 11:59:38,2012-01-06,67.25,HUMEDO,LATAS,1,False
354,2012-01-06 10:35:11,2012-01-06,1.75,HUMEDO,LATAS,1,False
230,2012-01-06 10:34:23,2012-01-06,55.0,HUMEDO,LATAS,1,False
56,2012-01-06 09:17:30,2012-01-06,46.75,HUMEDO,LATAS,1,False
375,2012-01-06 08:49:05,2012-01-06,3.0,HUMEDO,LATAS,1,False
82,2012-01-06 08:48:10,2012-01-06,20.0,HUMEDO,LATAS,1,False
46,2012-01-06 08:43:39,2012-01-06,3.25,HUMEDO,LATAS,1,False
86,2012-01-07 17:08:03,2012-01-07,80.5,HUMEDO,LATAS,1,False
230,2012-01-07 17:04:36,2012-01-07,85.0,HUMEDO,LATAS,1,False
56,2012-01-07 16:23:32,2012-01-07,44.75,HUMEDO,LATAS,1,False
46,2012-01-07 16:20:32,2012-01-07,23.75,HUMEDO,LATAS,1,False
271,2012-01-07 16:12:50,2012-01-07,17.75,HUMEDO,LATAS,1,False
193,2012-01-07 16:08:36,2012-01-07,80.0,HUMEDO,LATAS,1,False
251,2012-01-07 14:27:42,2012-01-07,90.75,HUMEDO,LATAS,1,False
54,2012-01-07 12:57:11,2012-01-07,84.75,HUMEDO,LATAS,1,False
187,2012-01-07 11:55:43,2012-01-07,44.75,HUMEDO,LATAS,1,False
255,2012-01-07 09:13:51,2012-01-07,48.5,HUMEDO,LATAS,1,False
17,2012-01-07 09:03:37,2012-01-07,51.25,HUMEDO,LATAS,1,False
371,2012-01-07 08:48:04,2012-01-07,18.0,HUMEDO,LATAS,1,False
234,2012-01-07 15:57:12,2012-01-07,85.5,HUMEDO,LATAS,1,False
45,2012-01-08 15:49:43,2012-01-08,101.0,HUMEDO,LATAS,1,False
46,2012-01-08 16:56:28,2012-01-08,146.0,HUMEDO,LATAS,1,False
54,2012-01-08 16:01:32,2012-01-08,18.75,HUMEDO,LATAS,1,False
83,2012-01-08 14:19:03,2012-01-08,79.5,HUMEDO,LATAS,1,False
175,2012-01-08 08:43:37,2012-01-08,301.75,HUMEDO,LATAS,1,False
46,2012-01-08 10:19:44,2012-01-08,40.5,HUMEDO,LATAS,1,False
234,2012-01-08 09:28:04,2012-01-08,69.25,HUMEDO,LATAS,1,False
45,2012-01-08 11:37:24,2012-01-08,100.0,HUMEDO,LATAS,1,False
234,2012-01-09 07:57:40,2012-01-09,66.5,HUMEDO,LATAS,1,False
46,2012-01-09 08:08:04,2012-01-09,108.0,HUMEDO,LATAS,1,False
83,2012-01-09 08:27:33,2012-01-09,74.0,HUMEDO,LATAS,1,False
251,2012-01-09 10:29:21,2012-01-09,148.5,HUMEDO,LATAS,1,False
54,2012-01-09 12:35:01,2012-01-09,91.0,HUMEDO,LATAS,1,False
346,2012-01-09 12:46:52,2012-01-09,52.5,HUMEDO,LATAS,1,False
56,2012-01-09 14:13:08,2012-01-09,41.0,HUMEDO,LATAS,1,False
45,2012-01-09 15:52:37,2012-01-09,85.75,HUMEDO,LATAS,1,False
175,2012-01-10 13:08:44,2012-01-10,95.0,HUMEDO,LATAS,1,False
124,2012-01-10 15:41:00,2012-01-10,18.5,HUMEDO,LATAS,1,False
54,2012-01-10 12:26:23,2012-01-10,61.5,HUMEDO,LATAS,1,False
251,2012-01-10 12:48:56,2012-01-10,90.0,HUMEDO,LATAS,1,False
230,2012-01-10 09:15:18,2012-01-10,124.5,HUMEDO,LATAS,1,False
379,2012-01-10 08:59:12,2012-01-10,27.0,HUMEDO,LATAS,1,False
84,2012-01-10 08:58:13,2012-01-10,50.0,HUMEDO,LATAS,1,False
46,2012-01-10 09:22:40,2012-01-10,47.5,HUMEDO,LATAS,1,False
382,2012-01-11 16:16:10,2012-01-11,6.75,HUMEDO,LATAS,1,False
113,2012-01-11 16:11:25,2012-01-11,31.0,HUMEDO,LATAS,1,False
235,2012-01-11 15:56:43,2012-01-11,18.5,HUMEDO,LATAS,1,False
374,2012-01-11 15:15:28,2012-01-11,69.75,HUMEDO,LATAS,1,False
346,2012-01-11 15:09:04,2012-01-11,64.25,HUMEDO,LATAS,1,False
54,2012-01-11 14:57:31,2012-01-11,62.25,HUMEDO,LATAS,1,False
251,2012-01-11 14:24:34,2012-01-11,90.0,HUMEDO,LATAS,1,False
113,2012-01-11 16:12:25,2012-01-11,1.0,HUMEDO,LATAS,1,False
237,2012-01-11 13:20:04,2012-01-11,39.25,HUMEDO,LATAS,1,False
46,2012-01-11 12:44:45,2012-01-11,63.0,HUMEDO,LATAS,1,False
293,2012-01-11 12:43:57,2012-01-11,31.0,HUMEDO,LATAS,1,False
45,2012-01-11 12:42:45,2012-01-11,163.75,HUMEDO,LATAS,1,False
230,2012-01-11 08:26:22,2012-01-11,85.0,HUMEDO,LATAS,1,False
230,2012-01-11 08:25:45,2012-01-11,74.5,HUMEDO,LATAS,1,False
54,2012-01-11 13:56:31,2012-01-11,53.75,HUMEDO,LATAS,1,False
29,2012-01-12 16:42:12,2012-01-12,41.0,HUMEDO,LATAS,1,False
251,2012-01-12 16:35:12,2012-01-12,178.0,HUMEDO,LATAS,1,False
235,2012-01-12 16:23:16,2012-01-12,24.0,HUMEDO,LATAS,1,False
46,2012-01-12 14:16:50,2012-01-12,2.5,HUMEDO,LATAS,1,False
54,2012-01-12 13:03:27,2012-01-12,90.75,HUMEDO,LATAS,1,False
83,2012-01-12 11:38:29,2012-01-12,80.75,HUMEDO,LATAS,1,False
251,2012-01-12 11:02:03,2012-01-12,62.0,HUMEDO,LATAS,1,False
289,2012-01-12 10:29:53,2012-01-12,34.0,HUMEDO,LATAS,1,False
17,2012-01-12 10:36:00,2012-01-12,52.75,HUMEDO,LATAS,1,False
374,2012-01-12 10:15:45,2012-01-12,73.25,HUMEDO,LATAS,1,False
230,2012-01-12 10:05:08,2012-01-12,78.25,HUMEDO,LATAS,1,False
56,2012-01-12 08:59:38,2012-01-12,55.0,HUMEDO,LATAS,1,False
175,2012-01-12 08:42:01,2012-01-12,141.0,HUMEDO,LATAS,1,False
29,2012-01-12 10:38:29,2012-01-12,17.75,HUMEDO,LATAS,1,False
271,2012-01-13 12:59:46,2012-01-13,15.75,HUMEDO,LATAS,1,False
54,2012-01-13 14:35:20,2012-01-13,83.75,HUMEDO,LATAS,1,False
251,2012-01-13 15:14:48,2012-01-13,185.0,HUMEDO,LATAS,1,False
234,2012-01-13 15:18:56,2012-01-13,34.25,HUMEDO,LATAS,1,False
86,2012-01-13 15:38:48,2012-01-13,80.5,HUMEDO,LATAS,1,False
54,2012-01-13 16:55:53,2012-01-13,54.25,HUMEDO,LATAS,1,False
46,2012-01-13 12:24:53,2012-01-13,33.25,HUMEDO,LATAS,1,False
230,2012-01-13 15:30:19,2012-01-13,90.0,HUMEDO,LATAS,1,False
332,2012-01-13 12:08:57,2012-01-13,18.0,HUMEDO,LATAS,1,False
17,2012-01-13 14:00:55,2012-01-13,15.0,HUMEDO,LATAS,1,False
150,2012-01-13 11:27:22,2012-01-13,98.0,HUMEDO,LATAS,1,False
119,2012-01-13 07:57:11,2012-01-13,62.0,HUMEDO,LATAS,1,False
119,2012-01-13 08:03:44,2012-01-13,32.0,HUMEDO,LATAS,1,False
54,2012-01-13 08:11:26,2012-01-13,50.0,HUMEDO,LATAS,1,False
54,2012-01-13 08:14:10,2012-01-13,26.25,HUMEDO,LATAS,1,False
230,2012-01-13 11:40:07,2012-01-13,91.0,HUMEDO,LATAS,1,False
251,2012-01-13 11:06:08,2012-01-13,61.75,HUMEDO,LATAS,1,False
113,2012-01-13 11:10:56,2012-01-13,24.0,HUMEDO,LATAS,1,False
237,2012-01-13 11:15:07,2012-01-13,21.5,HUMEDO,LATAS,1,False
29,2012-01-13 10:57:20,2012-01-13,51.0,HUMEDO,LATAS,1,False
219,2012-01-14 17:05:14,2012-01-14,81.75,HUMEDO,LATAS,1,False
150,2012-01-14 17:01:18,2012-01-14,158.5,HUMEDO,LATAS,1,False
234,2012-01-14 15:51:52,2012-01-14,71.5,HUMEDO,LATAS,1,False
219,2012-01-14 15:42:50,2012-01-14,81.25,HUMEDO,LATAS,1,False
45,2012-01-14 13:24:07,2012-01-14,101.0,HUMEDO,LATAS,1,False
175,2012-01-14 13:14:36,2012-01-14,98.5,HUMEDO,LATAS,1,False
234,2012-01-14 12:58:38,2012-01-14,46.0,HUMEDO,LATAS,1,False
332,2012-01-14 16:33:24,2012-01-14,9.5,HUMEDO,LATAS,1,False
29,2012-01-14 11:23:30,2012-01-14,55.0,HUMEDO,LATAS,1,False
83,2012-01-14 11:39:21,2012-01-14,23.23,SECO,LATAS,1,False
175,2012-01-14 08:15:50,2012-01-14,180.5,HUMEDO,LATAS,1,False
230,2012-01-14 09:01:28,2012-01-14,30.0,HUMEDO,LATAS,1,False
54,2012-01-14 15:40:30,2012-01-14,175.0,HUMEDO,LATAS,1,False
56,2012-01-14 10:23:14,2012-01-14,70.0,HUMEDO,LATAS,1,False
351,2012-01-14 10:24:00,2012-01-14,1.0,HUMEDO,LATAS,1,False
251,2012-01-14 09:24:10,2012-01-14,180.75,HUMEDO,LATAS,1,False
219,2012-01-15 16:01:49,2012-01-15,142.5,HUMEDO,LATAS,1,False
54,2012-01-15 15:46:43,2012-01-15,141.25,HUMEDO,LATAS,1,False
234,2012-01-15 11:43:37,2012-01-15,66.75,HUMEDO,LATAS,1,False
113,2012-01-15 09:53:07,2012-01-15,35.25,HUMEDO,LATAS,1,False
84,2012-01-15 09:48:52,2012-01-15,61.0,HUMEDO,LATAS,1,False
43,2012-01-15 09:43:40,2012-01-15,21.0,HUMEDO,LATAS,1,False
375,2012-01-15 09:38:46,2012-01-15,5.0,HUMEDO,LATAS,1,False
387,2012-01-15 09:07:29,2012-01-15,1.75,HUMEDO,LATAS,1,False
230,2012-01-15 08:55:50,2012-01-15,97.5,HUMEDO,LATAS,1,False
175,2012-01-15 08:01:27,2012-01-15,90.5,HUMEDO,LATAS,1,False
332,2012-01-15 09:42:44,2012-01-15,10.0,HUMEDO,LATAS,1,False
230,2012-01-15 09:37:37,2012-01-15,164.25,HUMEDO,LATAS,1,False
85,2012-01-16 17:13:57,2012-01-16,81.0,HUMEDO,LATAS,1,False
234,2012-01-16 14:36:11,2012-01-16,75.0,HUMEDO,LATAS,1,False
150,2012-01-16 16:10:19,2012-01-16,69.0,HUMEDO,LATAS,1,False
193,2012-01-16 16:01:06,2012-01-16,96.0,HUMEDO,LATAS,1,False
230,2012-01-16 13:55:34,2012-01-16,328.75,HUMEDO,LATAS,1,False
150,2012-01-16 11:17:39,2012-01-16,49.0,HUMEDO,LATAS,1,False
288,2012-01-16 10:07:15,2012-01-16,12.5,HUMEDO,LATAS,1,False
374,2012-01-16 09:29:12,2012-01-16,21.25,HUMEDO,LATAS,1,False
234,2012-01-16 09:04:21,2012-01-16,25.0,HUMEDO,LATAS,1,False
253,2012-01-16 12:35:57,2012-01-16,42.0,HUMEDO,LATAS,1,False
150,2012-01-17 16:30:32,2012-01-17,49.0,HUMEDO,LATAS,1,False
234,2012-01-17 14:45:31,2012-01-17,63.0,HUMEDO,LATAS,1,False
85,2012-01-17 14:24:48,2012-01-17,81.0,HUMEDO,LATAS,1,False
45,2012-01-17 13:45:45,2012-01-17,83.5,HUMEDO,LATAS,1,False
54,2012-01-17 12:51:50,2012-01-17,74.0,HUMEDO,LATAS,1,False
45,2012-01-17 12:39:05,2012-01-17,54.5,HUMEDO,LATAS,1,False
271,2012-01-17 10:07:24,2012-01-17,8.0,HUMEDO,LATAS,1,False
374,2012-01-17 09:49:20,2012-01-17,15.0,HUMEDO,LATAS,1,False
175,2012-01-17 08:22:46,2012-01-17,97.75,HUMEDO,LATAS,1,False
46,2012-01-18 14:31:24,2012-01-18,23.0,HUMEDO,LATAS,1,False
29,2012-01-18 14:30:54,2012-01-18,20.0,HUMEDO,LATAS,1,False
374,2012-01-18 14:27:07,2012-01-18,69.5,HUMEDO,LATAS,1,False
150,2012-01-18 14:46:00,2012-01-18,57.0,HUMEDO,LATAS,1,False
83,2012-01-18 13:46:08,2012-01-18,80.75,HUMEDO,LATAS,1,False
234,2012-01-18 13:30:17,2012-01-18,76.0,HUMEDO,LATAS,1,False
253,2012-01-18 14:20:30,2012-01-18,98.75,HUMEDO,LATAS,1,False
113,2012-01-18 13:12:25,2012-01-18,11.75,HUMEDO,LATAS,1,False
125,2012-01-18 13:09:44,2012-01-18,59.75,HUMEDO,LATAS,1,False
374,2012-01-18 13:00:29,2012-01-18,76.5,HUMEDO,LATAS,1,False
374,2012-01-18 10:48:39,2012-01-18,8.25,HUMEDO,LATAS,1,False
230,2012-01-18 09:57:09,2012-01-18,82.75,HUMEDO,LATAS,1,False
54,2012-01-18 13:23:03,2012-01-18,87.5,HUMEDO,LATAS,1,False
45,2012-01-19 16:52:33,2012-01-19,60.0,HUMEDO,LATAS,1,False
253,2012-01-19 16:42:07,2012-01-19,93.0,HUMEDO,LATAS,1,False
271,2012-01-19 16:41:13,2012-01-19,8.25,HUMEDO,LATAS,1,False
346,2012-01-19 15:30:22,2012-01-19,30.25,HUMEDO,LATAS,1,False
374,2012-01-19 11:55:44,2012-01-19,70.25,HUMEDO,LATAS,1,False
219,2012-01-19 11:48:55,2012-01-19,90.0,HUMEDO,LATAS,1,False
46,2012-01-19 11:40:18,2012-01-19,18.25,HUMEDO,LATAS,1,False
338,2012-01-19 11:25:31,2012-01-19,58.5,HUMEDO,LATAS,1,False
45,2012-01-19 10:44:23,2012-01-19,37.0,HUMEDO,LATAS,1,False
259,2012-01-19 10:40:10,2012-01-19,79.75,HUMEDO,LATAS,1,False
288,2012-01-19 09:52:29,2012-01-19,21.75,HUMEDO,LATAS,1,False
45,2012-01-19 08:19:44,2012-01-19,100.0,HUMEDO,LATAS,1,False
47,2012-01-19 11:41:31,2012-01-19,12.0,HUMEDO,LATAS,1,False
228,2012-01-20 15:48:21,2012-01-20,81.0,HUMEDO,LATAS,1,False
253,2012-01-20 16:18:54,2012-01-20,33.75,HUMEDO,LATAS,1,False
282,2012-01-20 15:59:53,2012-01-20,79.75,HUMEDO,LATAS,1,False
282,2012-01-20 15:57:49,2012-01-20,73.75,HUMEDO,LATAS,1,False
157,2012-01-20 14:46:44,2012-01-20,80.0,HUMEDO,LATAS,1,False
271,2012-01-20 16:45:13,2012-01-20,89.5,HUMEDO,LATAS,1,False
219,2012-01-20 12:00:07,2012-01-20,30.0,HUMEDO,LATAS,1,False
48,2012-01-20 11:19:25,2012-01-20,52.75,HUMEDO,LATAS,1,False
85,2012-01-20 08:39:07,2012-01-20,79.5,HUMEDO,LATAS,1,False
230,2012-01-20 08:38:02,2012-01-20,173.0,HUMEDO,LATAS,1,False
234,2012-01-20 12:35:53,2012-01-20,64.5,HUMEDO,LATAS,1,False
234,2012-01-21 12:07:48,2012-01-21,54.5,HUMEDO,LATAS,1,False
85,2012-01-21 10:42:08,2012-01-21,79.0,HUMEDO,LATAS,1,False
282,2012-01-21 16:52:03,2012-01-21,80.25,HUMEDO,LATAS,1,False
46,2012-01-21 14:11:44,2012-01-21,34.0,HUMEDO,LATAS,1,False
332,2012-01-21 10:09:31,2012-01-21,29.5,HUMEDO,LATAS,1,False
54,2012-01-21 07:43:03,2012-01-21,19.25,HUMEDO,LATAS,1,False
193,2012-01-21 08:50:01,2012-01-21,169.0,HUMEDO,LATAS,1,False
46,2012-01-21 07:58:08,2012-01-21,10.0,HUMEDO,LATAS,1,False
332,2012-01-21 10:08:33,2012-01-21,25.75,HUMEDO,LATAS,1,False
47,2012-01-21 07:58:54,2012-01-21,5.0,HUMEDO,LATAS,1,False
48,2012-01-22 09:32:25,2012-01-22,48.75,HUMEDO,LATAS,1,False
193,2012-01-22 12:05:04,2012-01-22,98.75,HUMEDO,LATAS,1,False
238,2012-01-22 15:48:22,2012-01-22,76.25,HUMEDO,LATAS,1,False
253,2012-01-22 15:55:12,2012-01-22,58.0,HUMEDO,LATAS,1,False
230,2012-01-23 15:48:49,2012-01-23,91.75,HUMEDO,LATAS,1,False
255,2012-01-23 15:39:46,2012-01-23,93.0,HUMEDO,LATAS,1,False
282,2012-01-23 14:36:46,2012-01-23,80.0,HUMEDO,LATAS,1,False
251,2012-01-23 14:21:57,2012-01-23,90.5,HUMEDO,LATAS,1,False
234,2012-01-23 15:55:25,2012-01-23,33.0,HUMEDO,LATAS,1,False
190,2012-01-23 10:53:11,2012-01-23,159.25,HUMEDO,LATAS,1,False
46,2012-01-23 08:23:21,2012-01-23,38.75,HUMEDO,LATAS,1,False
46,2012-01-23 08:22:52,2012-01-23,23.0,HUMEDO,LATAS,1,False
288,2012-01-23 12:44:18,2012-01-23,7.0,HUMEDO,LATAS,1,False
282,2012-01-24 16:12:51,2012-01-24,55.0,HUMEDO,LATAS,1,False
45,2012-01-24 15:59:34,2012-01-24,24.0,HUMEDO,LATAS,1,False
45,2012-01-24 15:59:08,2012-01-24,79.0,HUMEDO,LATAS,1,False
230,2012-01-24 13:07:20,2012-01-24,80.5,HUMEDO,LATAS,1,False
190,2012-01-24 11:27:33,2012-01-24,80.0,HUMEDO,LATAS,1,False
255,2012-01-24 11:08:05,2012-01-24,52.0,HUMEDO,LATAS,1,False
271,2012-01-24 10:39:41,2012-01-24,78.25,HUMEDO,LATAS,1,False
234,2012-01-24 12:22:41,2012-01-24,65.5,HUMEDO,LATAS,1,False
85,2012-01-25 15:38:20,2012-01-25,71.0,HUMEDO,LATAS,1,False
282,2012-01-25 16:33:37,2012-01-25,55.0,HUMEDO,LATAS,1,False
45,2012-01-25 16:30:22,2012-01-25,148.25,HUMEDO,LATAS,1,False
219,2012-01-25 16:11:16,2012-01-25,171.0,HUMEDO,LATAS,1,False
85,2012-01-25 15:34:21,2012-01-25,61.0,HUMEDO,LATAS,1,False
193,2012-01-25 07:23:48,2012-01-25,9.5,HUMEDO,LATAS,1,False
157,2012-01-25 14:56:32,2012-01-25,83.5,HUMEDO,LATAS,1,False
230,2012-01-25 12:07:21,2012-01-25,209.25,HUMEDO,LATAS,1,False
190,2012-01-25 11:33:44,2012-01-25,80.0,HUMEDO,LATAS,1,False
85,2012-01-25 15:32:21,2012-01-25,66.0,HUMEDO,LATAS,1,False
190,2012-01-26 16:17:04,2012-01-26,80.0,HUMEDO,LATAS,1,False
234,2012-01-26 16:07:53,2012-01-26,79.75,HUMEDO,LATAS,1,False
85,2012-01-26 14:33:51,2012-01-26,99.25,HUMEDO,LATAS,1,False
193,2012-01-26 14:10:05,2012-01-26,101.0,HUMEDO,LATAS,1,False
234,2012-01-26 13:08:15,2012-01-26,45.0,HUMEDO,LATAS,1,False
125,2012-01-26 09:59:30,2012-01-26,42.0,HUMEDO,LATAS,1,False
85,2012-01-26 09:51:48,2012-01-26,80.0,HUMEDO,LATAS,1,False
46,2012-01-26 08:47:51,2012-01-26,7.75,HUMEDO,LATAS,1,False
230,2012-01-26 12:57:39,2012-01-26,79.75,HUMEDO,LATAS,1,False
190,2012-01-27 14:56:36,2012-01-27,80.0,HUMEDO,LATAS,1,False
234,2012-01-27 16:13:21,2012-01-27,78.75,HUMEDO,LATAS,1,False
157,2012-01-27 15:36:44,2012-01-27,40.0,HUMEDO,LATAS,1,False
293,2012-01-27 14:37:22,2012-01-27,83.0,HUMEDO,LATAS,1,False
45,2012-01-27 12:25:43,2012-01-27,87.75,HUMEDO,LATAS,1,False
125,2012-01-27 10:32:56,2012-01-27,90.0,HUMEDO,LATAS,1,False
125,2012-01-27 10:28:46,2012-01-27,75.75,HUMEDO,LATAS,1,False
83,2012-01-27 12:51:50,2012-01-27,26.25,SECO,LATAS,1,False
293,2012-01-27 11:34:36,2012-01-27,78.5,HUMEDO,LATAS,1,False
175,2012-01-28 07:34:08,2012-01-28,80.0,HUMEDO,LATAS,1,False
86,2012-01-28 07:44:46,2012-01-28,80.25,HUMEDO,LATAS,1,False
238,2012-01-30 14:08:36,2012-01-30,69.25,HUMEDO,LATAS,1,False
54,2012-01-30 13:40:00,2012-01-30,93.0,HUMEDO,LATAS,1,False
293,2012-01-30 09:51:49,2012-01-30,66.5,HUMEDO,LATAS,1,False
251,2012-01-30 12:21:40,2012-01-30,90.0,HUMEDO,LATAS,1,False
237,2012-01-30 12:04:54,2012-01-30,35.25,HUMEDO,LATAS,1,False
45,2012-01-30 11:17:46,2012-01-30,68.5,HUMEDO,LATAS,1,False
392,2012-01-30 11:05:40,2012-01-30,10.5,HUMEDO,LATAS,1,False
182,2012-01-30 11:04:16,2012-01-30,59.0,HUMEDO,LATAS,1,False
230,2012-01-30 10:51:48,2012-01-30,53.0,HUMEDO,LATAS,1,False
238,2012-01-30 10:22:06,2012-01-30,75.0,HUMEDO,LATAS,1,False
54,2012-01-30 17:03:51,2012-01-30,60.75,HUMEDO,LATAS,1,False
83,2012-01-30 13:18:26,2012-01-30,80.25,HUMEDO,LATAS,1,False
46,2012-01-30 09:25:14,2012-01-30,10.0,HUMEDO,LATAS,1,False
182,2012-01-30 09:22:13,2012-01-30,80.0,HUMEDO,LATAS,1,False
125,2012-01-30 08:03:32,2012-01-30,648.25,HUMEDO,LATAS,1,False
125,2012-01-30 08:22:06,2012-01-30,75.5,HUMEDO,LATAS,1,False
344,2012-01-30 09:23:11,2012-01-30,11.0,HUMEDO,LATAS,1,False
293,2012-01-30 08:26:05,2012-01-30,256.5,HUMEDO,LATAS,1,False
234,2012-01-30 08:50:41,2012-01-30,99.5,HUMEDO,LATAS,1,False
125,2012-01-30 08:25:05,2012-01-30,60.0,HUMEDO,LATAS,1,False
83,2012-01-30 08:54:04,2012-01-30,80.75,HUMEDO,LATAS,1,False
125,2012-01-30 09:03:45,2012-01-30,48.75,HUMEDO,LATAS,1,False
54,2012-01-30 09:19:19,2012-01-30,13.0,HUMEDO,LATAS,1,False
230,2012-01-30 09:20:48,2012-01-30,150.5,HUMEDO,LATAS,1,False
338,2012-01-30 09:21:26,2012-01-30,24.0,HUMEDO,LATAS,1,False
251,2012-01-30 08:52:23,2012-01-30,87.0,HUMEDO,LATAS,1,False
293,2012-01-31 09:32:04,2012-01-31,45.0,HUMEDO,LATAS,1,False
46,2012-01-31 12:47:49,2012-01-31,1.0,HUMEDO,LATAS,1,False
193,2012-01-31 14:07:08,2012-01-31,91.25,HUMEDO,LATAS,1,False
54,2012-01-31 14:47:31,2012-01-31,29.5,HUMEDO,LATAS,1,False
234,2012-01-31 17:11:35,2012-01-31,81.0,HUMEDO,LATAS,1,False
86,2012-02-01 16:46:38,2012-02-01,80.0,HUMEDO,LATAS,1,False
17,2012-02-01 15:32:34,2012-02-01,50.0,HUMEDO,LATAS,1,False
294,2012-02-01 08:42:00,2012-02-01,41.25,HUMEDO,LATAS,1,False
338,2012-02-01 15:15:42,2012-02-01,53.5,HUMEDO,LATAS,1,False
48,2012-02-01 16:54:47,2012-02-01,31.75,HUMEDO,LATAS,1,False
251,2012-02-01 15:03:16,2012-02-01,180.0,HUMEDO,LATAS,1,False
125,2012-02-01 08:23:50,2012-02-01,79.75,HUMEDO,LATAS,1,False
79,2012-02-01 14:41:17,2012-02-01,75.75,HUMEDO,LATAS,1,False
83,2012-02-01 14:27:43,2012-02-01,80.75,HUMEDO,LATAS,1,False
193,2012-02-01 10:40:01,2012-02-01,90.25,HUMEDO,LATAS,1,False
46,2012-02-01 09:02:23,2012-02-01,9.75,HUMEDO,LATAS,1,False
193,2012-02-01 14:58:39,2012-02-01,75.75,HUMEDO,LATAS,1,False
23,2012-02-02 16:43:40,2012-02-02,60.25,HUMEDO,LATAS,1,False
193,2012-02-02 16:30:40,2012-02-02,98.0,HUMEDO,LATAS,1,False
23,2012-02-02 14:35:03,2012-02-02,75.75,HUMEDO,LATAS,1,False
293,2012-02-02 12:44:33,2012-02-02,111.25,HUMEDO,LATAS,1,False
251,2012-02-02 14:22:25,2012-02-02,180.0,HUMEDO,LATAS,1,False
48,2012-02-02 10:20:33,2012-02-02,10.0,HUMEDO,LATAS,1,False
175,2012-02-02 08:29:16,2012-02-02,80.0,HUMEDO,LATAS,1,False
380,2012-02-02 07:57:55,2012-02-02,2.25,HUMEDO,LATAS,1,False
356,2012-02-02 11:29:10,2012-02-02,5.0,HUMEDO,LATAS,1,False
46,2012-02-03 12:59:59,2012-02-03,7.0,HUMEDO,LATAS,1,False
255,2012-02-03 16:47:30,2012-02-03,45.25,HUMEDO,LATAS,1,False
251,2012-02-03 16:43:15,2012-02-03,271.0,HUMEDO,LATAS,1,False
193,2012-02-03 15:19:26,2012-02-03,90.75,HUMEDO,LATAS,1,False
231,2012-02-03 15:10:47,2012-02-03,60.5,HUMEDO,LATAS,1,False
193,2012-02-03 14:23:33,2012-02-03,85.5,HUMEDO,LATAS,1,False
177,2012-02-03 14:16:20,2012-02-03,21.75,HUMEDO,LATAS,1,False
29,2012-02-03 12:59:23,2012-02-03,30.0,HUMEDO,LATAS,1,False
395,2012-02-03 09:30:18,2012-02-03,3.75,HUMEDO,LATAS,1,False
113,2012-02-03 12:39:10,2012-02-03,26.75,HUMEDO,LATAS,1,False
175,2012-02-03 12:11:56,2012-02-03,90.25,HUMEDO,LATAS,1,False
300,2012-02-03 11:40:25,2012-02-03,14.25,HUMEDO,LATAS,1,False
396,2012-02-03 09:31:25,2012-02-03,3.0,HUMEDO,LATAS,1,False
234,2012-02-03 09:10:41,2012-02-03,53.0,HUMEDO,LATAS,1,False
228,2012-02-03 09:03:21,2012-02-03,28.25,HUMEDO,LATAS,1,False
85,2012-02-03 08:21:45,2012-02-03,81.0,HUMEDO,LATAS,1,False
113,2012-02-03 12:39:42,2012-02-03,7.75,HUMEDO,LATAS,1,False
193,2012-02-04 14:35:04,2012-02-04,39.0,HUMEDO,LATAS,1,False
193,2012-02-04 15:12:36,2012-02-04,92.25,HUMEDO,LATAS,1,False
251,2012-02-04 14:56:48,2012-02-04,180.0,HUMEDO,LATAS,1,False
175,2012-02-04 13:06:48,2012-02-04,90.5,HUMEDO,LATAS,1,False
46,2012-02-04 15:03:33,2012-02-04,55.5,HUMEDO,LATAS,1,False
228,2012-02-04 11:51:55,2012-02-04,64.0,HUMEDO,LATAS,1,False
228,2012-02-04 10:14:37,2012-02-04,50.75,HUMEDO,LATAS,1,False
293,2012-02-04 12:19:28,2012-02-04,50.0,HUMEDO,LATAS,1,False
397,2012-02-04 11:09:51,2012-02-04,2.0,HUMEDO,LATAS,1,False
251,2012-02-05 14:59:35,2012-02-05,89.75,HUMEDO,LATAS,1,False
193,2012-02-05 16:59:30,2012-02-05,53.75,HUMEDO,LATAS,1,False
46,2012-02-05 15:52:11,2012-02-05,87.75,HUMEDO,LATAS,1,False
177,2012-02-05 15:42:56,2012-02-05,165.5,HUMEDO,LATAS,1,False
85,2012-02-05 15:20:31,2012-02-05,28.25,HUMEDO,LATAS,1,False
193,2012-02-05 15:13:50,2012-02-05,90.25,HUMEDO,LATAS,1,False
125,2012-02-05 14:42:28,2012-02-05,79.75,HUMEDO,LATAS,1,False
253,2012-02-05 14:13:04,2012-02-05,50.0,HUMEDO,LATAS,1,False
17,2012-02-05 12:32:33,2012-02-05,54.25,HUMEDO,LATAS,1,False
175,2012-02-05 10:25:25,2012-02-05,84.0,HUMEDO,LATAS,1,False
173,2012-02-05 10:17:30,2012-02-05,4.75,HUMEDO,LATAS,1,False
338,2012-02-05 10:11:33,2012-02-05,56.25,HUMEDO,LATAS,1,False
83,2012-02-05 07:29:24,2012-02-05,81.5,HUMEDO,LATAS,1,False
54,2012-02-06 16:38:13,2012-02-06,169.5,HUMEDO,LATAS,1,False
251,2012-02-06 16:10:49,2012-02-06,15.0,HUMEDO,LATAS,1,False
45,2012-02-06 15:57:17,2012-02-06,60.0,HUMEDO,LATAS,1,False
46,2012-02-06 16:46:53,2012-02-06,91.5,HUMEDO,LATAS,1,False
293,2012-02-06 10:02:35,2012-02-06,23.5,HUMEDO,LATAS,1,False
228,2012-02-06 09:11:00,2012-02-06,44.25,HUMEDO,LATAS,1,False
46,2012-02-06 08:42:28,2012-02-06,25.5,HUMEDO,LATAS,1,False
29,2012-02-06 08:39:54,2012-02-06,27.0,HUMEDO,LATAS,1,False
237,2012-02-06 11:40:35,2012-02-06,59.5,HUMEDO,LATAS,1,False
85,2012-02-07 13:44:03,2012-02-07,80.0,HUMEDO,LATAS,1,False
193,2012-02-07 12:38:48,2012-02-07,76.0,HUMEDO,LATAS,1,False
193,2012-02-07 09:57:53,2012-02-07,78.5,HUMEDO,LATAS,1,False
54,2012-02-07 12:45:59,2012-02-07,42.25,HUMEDO,LATAS,1,False
125,2012-02-07 09:49:26,2012-02-07,68.75,HUMEDO,LATAS,1,False
175,2012-02-07 07:39:53,2012-02-07,90.0,HUMEDO,LATAS,1,False
261,2012-02-07 09:52:59,2012-02-07,74.0,HUMEDO,LATAS,1,False
46,2012-02-08 16:29:16,2012-02-08,80.5,HUMEDO,LATAS,1,False
46,2012-02-08 07:25:03,2012-02-08,93.25,HUMEDO,LATAS,1,False
125,2012-02-08 10:01:06,2012-02-08,38.25,HUMEDO,LATAS,1,False
29,2012-02-08 10:33:45,2012-02-08,32.5,HUMEDO,LATAS,1,False
125,2012-02-08 11:20:22,2012-02-08,49.0,HUMEDO,LATAS,1,False
251,2012-02-08 12:13:44,2012-02-08,89.0,HUMEDO,LATAS,1,False
150,2012-02-08 15:04:17,2012-02-08,83.75,HUMEDO,LATAS,1,False
54,2012-02-08 16:56:45,2012-02-08,45.0,HUMEDO,LATAS,1,False
230,2012-02-09 15:39:23,2012-02-09,80.0,HUMEDO,LATAS,1,False
228,2012-02-09 14:58:10,2012-02-09,55.5,HUMEDO,LATAS,1,False
219,2012-02-09 14:07:55,2012-02-09,96.25,HUMEDO,LATAS,1,False
399,2012-02-09 14:50:04,2012-02-09,88.0,HUMEDO,LATAS,1,False
251,2012-02-09 12:57:42,2012-02-09,91.5,HUMEDO,LATAS,1,False
230,2012-02-09 12:31:05,2012-02-09,80.0,HUMEDO,LATAS,1,False
255,2012-02-09 09:40:41,2012-02-09,29.25,HUMEDO,LATAS,1,False
219,2012-02-10 15:07:47,2012-02-10,77.25,HUMEDO,LATAS,1,False
54,2012-02-10 12:03:20,2012-02-10,35.75,HUMEDO,LATAS,1,False
219,2012-02-10 11:05:49,2012-02-10,81.25,HUMEDO,LATAS,1,False
54,2012-02-10 12:04:43,2012-02-10,32.25,HUMEDO,LATAS,1,False
48,2012-02-10 10:08:09,2012-02-10,25.0,HUMEDO,LATAS,1,False
234,2012-02-10 08:59:08,2012-02-10,15.0,HUMEDO,LATAS,1,False
219,2012-02-10 11:02:09,2012-02-10,21.25,HUMEDO,LATAS,1,False
251,2012-02-11 12:54:46,2012-02-11,178.25,HUMEDO,LATAS,1,False
46,2012-02-11 15:48:53,2012-02-11,75.25,HUMEDO,LATAS,1,False
125,2012-02-11 15:33:00,2012-02-11,64.25,HUMEDO,LATAS,1,False
193,2012-02-11 15:31:59,2012-02-11,90.25,HUMEDO,LATAS,1,False
83,2012-02-11 13:30:19,2012-02-11,80.0,HUMEDO,LATAS,1,False
46,2012-02-11 13:29:25,2012-02-11,66.0,HUMEDO,LATAS,1,False
175,2012-02-11 11:51:41,2012-02-11,84.0,HUMEDO,LATAS,1,False
175,2012-02-11 14:23:33,2012-02-11,87.25,HUMEDO,LATAS,1,False
401,2012-02-11 11:49:10,2012-02-11,0.75,HUMEDO,LATAS,1,False
228,2012-02-11 10:28:52,2012-02-11,35.0,HUMEDO,LATAS,1,False
344,2012-02-11 10:21:43,2012-02-11,2.5,HUMEDO,LATAS,1,False
400,2012-02-11 09:28:55,2012-02-11,2.0,HUMEDO,LATAS,1,False
251,2012-02-11 08:26:54,2012-02-11,83.25,HUMEDO,LATAS,1,False
54,2012-02-11 08:26:13,2012-02-11,49.0,HUMEDO,LATAS,1,False
83,2012-02-11 08:22:05,2012-02-11,80.0,HUMEDO,LATAS,1,False
175,2012-02-11 11:50:18,2012-02-11,80.0,HUMEDO,LATAS,1,False
54,2012-02-12 16:00:45,2012-02-12,45.75,HUMEDO,LATAS,1,False
234,2012-02-12 15:13:35,2012-02-12,39.75,HUMEDO,LATAS,1,False
175,2012-02-12 13:20:53,2012-02-12,107.25,HUMEDO,LATAS,1,False
186,2012-02-12 10:45:31,2012-02-12,39.5,HUMEDO,LATAS,1,False
185,2012-02-12 10:55:49,2012-02-12,61.75,HUMEDO,LATAS,1,False
185,2012-02-12 08:19:21,2012-02-12,75.0,HUMEDO,LATAS,1,False
46,2012-02-12 08:18:41,2012-02-12,8.0,HUMEDO,LATAS,1,False
83,2012-02-12 07:43:19,2012-02-12,80.25,HUMEDO,LATAS,1,False
251,2012-02-12 10:32:10,2012-02-12,82.0,HUMEDO,LATAS,1,False
255,2012-02-13 08:40:00,2012-02-13,29.0,HUMEDO,LATAS,1,False
23,2012-02-13 09:29:59,2012-02-13,34.0,HUMEDO,LATAS,1,False
251,2012-02-13 09:44:55,2012-02-13,91.0,HUMEDO,LATAS,1,False
193,2012-02-13 10:09:38,2012-02-13,92.5,HUMEDO,LATAS,1,False
150,2012-02-13 14:33:01,2012-02-13,8.75,HUMEDO,LATAS,1,False
7,2012-02-13 14:37:59,2012-02-13,19.0,HUMEDO,LATAS,1,False
83,2012-02-13 14:46:31,2012-02-13,81.0,HUMEDO,LATAS,1,False
46,2012-02-13 15:19:00,2012-02-13,35.0,HUMEDO,LATAS,1,False
282,2012-02-14 16:28:27,2012-02-14,76.0,HUMEDO,LATAS,1,False
234,2012-02-14 10:41:52,2012-02-14,46.0,HUMEDO,LATAS,1,False
249,2012-02-14 09:51:59,2012-02-14,5.0,HUMEDO,LATAS,1,False
83,2012-02-14 10:24:00,2012-02-14,80.75,HUMEDO,LATAS,1,False
251,2012-02-14 10:26:15,2012-02-14,59.0,HUMEDO,LATAS,1,False
172,2012-02-15 14:46:05,2012-02-15,44.0,HUMEDO,LATAS,1,False
54,2012-02-15 14:08:30,2012-02-15,51.75,HUMEDO,LATAS,1,False
48,2012-02-15 14:07:17,2012-02-15,80.0,HUMEDO,LATAS,1,False
83,2012-02-15 12:50:34,2012-02-15,81.0,HUMEDO,LATAS,1,False
219,2012-02-15 14:04:26,2012-02-15,87.25,HUMEDO,LATAS,1,False
46,2012-02-15 11:12:03,2012-02-15,42.0,HUMEDO,LATAS,1,False
82,2012-02-15 10:42:57,2012-02-15,20.25,HUMEDO,LATAS,1,False
193,2012-02-15 08:07:55,2012-02-15,73.0,HUMEDO,LATAS,1,False
233,2012-02-15 08:06:57,2012-02-15,88.5,HUMEDO,LATAS,1,False
230,2012-02-15 11:34:13,2012-02-15,3.25,HUMEDO,LATAS,1,False
83,2012-02-16 08:43:31,2012-02-16,80.25,HUMEDO,LATAS,1,False
172,2012-02-16 11:37:47,2012-02-16,27.0,HUMEDO,LATAS,1,False
234,2012-02-16 11:50:56,2012-02-16,56.0,HUMEDO,LATAS,1,False
233,2012-02-16 14:58:05,2012-02-16,61.0,HUMEDO,LATAS,1,False
219,2012-02-17 14:53:55,2012-02-17,46.25,HUMEDO,LATAS,1,False
234,2012-02-17 11:13:40,2012-02-17,32.0,HUMEDO,LATAS,1,False
282,2012-02-17 15:16:23,2012-02-17,76.0,HUMEDO,LATAS,1,False
83,2012-02-17 07:52:46,2012-02-17,80.75,HUMEDO,LATAS,1,False
219,2012-02-17 10:29:39,2012-02-17,75.0,HUMEDO,LATAS,1,False
230,2012-02-18 08:14:11,2012-02-18,75.0,HUMEDO,LATAS,1,False
125,2012-02-18 09:14:13,2012-02-18,9.75,HUMEDO,LATAS,1,False
234,2012-02-18 10:27:49,2012-02-18,71.0,HUMEDO,LATAS,1,False
54,2012-02-18 12:08:10,2012-02-18,40.0,HUMEDO,LATAS,1,False
238,2012-02-18 12:23:46,2012-02-18,70.0,HUMEDO,LATAS,1,False
293,2012-02-18 15:35:18,2012-02-18,93.75,HUMEDO,LATAS,1,False
219,2012-02-19 15:13:10,2012-02-19,56.5,HUMEDO,LATAS,1,False
83,2012-02-19 15:02:55,2012-02-19,80.75,HUMEDO,LATAS,1,False
219,2012-02-19 12:06:53,2012-02-19,80.0,HUMEDO,LATAS,1,False
46,2012-02-19 10:46:07,2012-02-19,64.5,HUMEDO,LATAS,1,False
293,2012-02-19 10:17:14,2012-02-19,90.0,HUMEDO,LATAS,1,False
86,2012-02-19 07:44:04,2012-02-19,77.0,HUMEDO,LATAS,1,False
172,2012-02-19 10:37:38,2012-02-19,9.0,HUMEDO,LATAS,1,False
255,2012-02-20 08:20:29,2012-02-20,22.5,HUMEDO,LATAS,1,False
230,2012-02-20 11:54:04,2012-02-20,6.75,HUMEDO,LATAS,1,False
293,2012-02-20 14:27:56,2012-02-20,93.5,HUMEDO,LATAS,1,False
46,2012-02-21 15:30:04,2012-02-21,4.0,HUMEDO,LATAS,1,False
293,2012-02-21 11:26:21,2012-02-21,67.0,HUMEDO,LATAS,1,False
233,2012-02-21 12:07:06,2012-02-21,80.5,HUMEDO,LATAS,1,False
219,2012-02-21 15:25:47,2012-02-21,17.0,HUMEDO,LATAS,1,False
234,2012-02-22 11:09:24,2012-02-22,21.5,HUMEDO,LATAS,1,False
281,2012-02-22 09:25:07,2012-02-22,3.0,HUMEDO,LATAS,1,False
293,2012-02-23 11:33:04,2012-02-23,117.5,HUMEDO,LATAS,1,False
234,2012-02-23 11:33:49,2012-02-23,33.25,HUMEDO,LATAS,1,False
177,2012-02-23 11:57:29,2012-02-23,27.75,HUMEDO,LATAS,1,False
177,2012-02-23 16:16:54,2012-02-23,1.87,SECO,LATAS,1,False
255,2012-02-24 09:41:42,2012-02-24,10.75,HUMEDO,LATAS,1,False
45,2012-02-24 09:43:51,2012-02-24,100.75,HUMEDO,LATAS,1,False
293,2012-02-24 13:07:36,2012-02-24,107.75,HUMEDO,LATAS,1,False
45,2012-02-24 15:56:11,2012-02-24,104.0,HUMEDO,LATAS,1,False
293,2012-02-25 14:08:45,2012-02-25,38.75,HUMEDO,LATAS,1,False
272,2012-02-25 16:15:57,2012-02-25,42.75,HUMEDO,LATAS,1,False
45,2012-02-25 12:50:49,2012-02-25,96.75,HUMEDO,LATAS,1,False
45,2012-02-26 12:02:54,2012-02-26,72.25,HUMEDO,LATAS,1,False
293,2012-02-26 13:37:53,2012-02-26,103.0,HUMEDO,LATAS,1,False
86,2012-02-27 07:25:20,2012-02-27,80.0,HUMEDO,LATAS,1,False
293,2012-02-27 10:49:33,2012-02-27,95.25,HUMEDO,LATAS,1,False
45,2012-02-27 13:56:30,2012-02-27,80.0,HUMEDO,LATAS,1,False
83,2012-02-28 11:41:10,2012-02-28,101.5,SECO,LATAS,1,False
177,2012-02-28 15:34:02,2012-02-28,42.0,HUMEDO,LATAS,1,False
293,2012-02-28 16:06:45,2012-02-28,97.25,HUMEDO,LATAS,1,False
45,2012-02-29 16:11:27,2012-02-29,100.0,HUMEDO,LATAS,1,False
272,2012-02-29 16:16:34,2012-02-29,29.75,HUMEDO,LATAS,1,False
226,2012-02-29 15:14:27,2012-02-29,1.5,HUMEDO,LATAS,1,False
45,2012-02-29 09:51:07,2012-02-29,59.75,HUMEDO,LATAS,1,False
293,2012-02-29 14:46:54,2012-02-29,117.25,HUMEDO,LATAS,1,False
45,2012-02-29 15:02:44,2012-02-29,86.5,HUMEDO,LATAS,1,False
255,2012-03-01 12:01:44,2012-03-01,15.0,HUMEDO,LATAS,1,False
46,2012-03-02 10:04:38,2012-03-02,24.0,HUMEDO,LATAS,1,False
45,2012-03-02 11:05:10,2012-03-02,88.0,HUMEDO,LATAS,1,False
45,2012-03-02 15:00:34,2012-03-02,66.0,HUMEDO,LATAS,1,False
230,2012-03-03 16:07:33,2012-03-03,23.5,HUMEDO,LATAS,1,False
83,2012-03-03 16:08:32,2012-03-03,80.0,HUMEDO,LATAS,1,False
83,2012-03-05 16:51:02,2012-03-05,81.0,HUMEDO,LATAS,1,False
157,2012-03-05 12:09:49,2012-03-05,59.25,HUMEDO,LATAS,1,False
228,2012-03-05 07:50:17,2012-03-05,61.0,HUMEDO,LATAS,1,False
272,2012-03-05 11:57:57,2012-03-05,61.0,HUMEDO,LATAS,1,False
190,2012-03-06 16:13:49,2012-03-06,78.25,HUMEDO,LATAS,1,False
46,2012-03-07 09:27:08,2012-03-07,34.0,HUMEDO,LATAS,1,False
202,2012-03-07 16:56:17,2012-03-07,22.75,HUMEDO,LATAS,1,False
125,2012-03-08 15:51:51,2012-03-08,15.5,HUMEDO,LATAS,1,False
46,2012-03-09 14:03:14,2012-03-09,19.0,HUMEDO,LATAS,1,False
190,2012-03-09 16:34:40,2012-03-09,48.0,HUMEDO,LATAS,1,False
230,2012-03-09 13:44:54,2012-03-09,66.0,HUMEDO,LATAS,1,False
228,2012-03-10 08:54:34,2012-03-10,25.0,HUMEDO,LATAS,1,False
83,2012-03-10 10:20:29,2012-03-10,80.0,HUMEDO,LATAS,1,False
54,2012-03-10 15:22:17,2012-03-10,42.0,HUMEDO,LATAS,1,False
200,2012-03-12 09:42:11,2012-03-12,28.5,HUMEDO,LATAS,1,False
29,2012-03-12 13:51:24,2012-03-12,91.0,HUMEDO,LATAS,1,False
200,2012-03-12 16:17:51,2012-03-12,26.5,HUMEDO,LATAS,1,False
190,2012-03-13 10:50:35,2012-03-13,77.0,HUMEDO,LATAS,1,False
338,2012-03-13 09:25:58,2012-03-13,32.0,HUMEDO,LATAS,1,False
246,2012-03-14 15:08:36,2012-03-14,2.0,HUMEDO,LATAS,1,False
219,2012-03-14 17:05:24,2012-03-14,63.75,HUMEDO,LATAS,1,False
253,2012-03-15 12:00:36,2012-03-15,36.25,HUMEDO,LATAS,1,False
190,2012-03-15 13:41:46,2012-03-15,70.75,HUMEDO,LATAS,1,False
150,2012-03-16 13:20:15,2012-03-16,32.75,HUMEDO,LATAS,1,False
190,2012-03-16 13:57:02,2012-03-16,60.0,HUMEDO,LATAS,1,False
219,2012-03-16 16:39:35,2012-03-16,96.25,HUMEDO,LATAS,1,False
150,2012-03-17 11:32:28,2012-03-17,24.5,HUMEDO,LATAS,1,False
219,2012-03-19 16:45:04,2012-03-19,81.25,HUMEDO,LATAS,1,False
150,2012-03-19 15:35:30,2012-03-19,67.75,HUMEDO,LATAS,1,False
200,2012-03-19 08:26:34,2012-03-19,30.25,HUMEDO,LATAS,1,False
190,2012-03-19 15:29:23,2012-03-19,85.0,HUMEDO,LATAS,1,False
234,2012-03-20 07:33:38,2012-03-20,39.0,HUMEDO,LATAS,1,False
226,2012-03-21 08:27:24,2012-03-21,61.75,HUMEDO,LATAS,1,False
293,2012-03-21 11:33:35,2012-03-21,35.25,HUMEDO,LATAS,1,False
253,2012-03-21 13:23:35,2012-03-21,41.0,HUMEDO,LATAS,1,False
219,2012-03-21 16:46:06,2012-03-21,56.0,HUMEDO,LATAS,1,False
293,2012-03-22 10:40:49,2012-03-22,24.0,HUMEDO,LATAS,1,False
293,2012-03-26 08:06:08,2012-03-26,54.25,HUMEDO,LATAS,1,False
219,2012-03-26 15:26:40,2012-03-26,35.25,HUMEDO,LATAS,1,False
293,2012-03-26 13:25:20,2012-03-26,47.0,HUMEDO,LATAS,1,False
219,2012-03-26 08:04:34,2012-03-26,113.25,HUMEDO,LATAS,1,False
234,2012-03-26 08:05:21,2012-03-26,15.5,HUMEDO,LATAS,1,False
272,2012-03-26 11:06:58,2012-03-26,30.75,HUMEDO,LATAS,1,False
293,2012-03-28 11:40:30,2012-03-28,89.0,HUMEDO,LATAS,1,False
273,2012-03-29 16:55:51,2012-03-29,15.0,HUMEDO,LATAS,1,False
293,2012-03-29 09:50:54,2012-03-29,42.75,HUMEDO,LATAS,1,False
293,2012-04-09 07:40:43,2012-04-09,35.25,HUMEDO,LATAS,1,False
54,2012-04-09 07:43:38,2012-04-09,28.25,HUMEDO,LATAS,1,False
233,2012-04-09 07:36:38,2012-04-09,100.5,HUMEDO,LATAS,1,False
193,2012-04-13 13:26:43,2012-04-13,36.35,SECO,LATAS,1,False
374,2012-04-16 13:37:51,2012-04-16,31.27,SECO,LATAS,1,False
46,2012-04-16 14:20:24,2012-04-16,29.32,SECO,LATAS,1,False
83,2012-04-19 15:30:48,2012-04-19,3.55,SECO,LATAS,1,False
54,2012-04-25 15:58:57,2012-04-25,94.18,SECO,LATAS,1,False
338,2012-05-03 13:47:08,2012-05-03,27.82,SECO,LATAS,1,False
83,2012-05-15 10:56:41,2012-05-15,5.97,SECO,LATAS,1,False
276,2012-05-23 15:08:27,2012-05-23,5.36,SECO,LATAS,1,False
247,2012-05-31 15:33:34,2012-05-31,71.18,SECO,LATAS,1,False
105,2012-10-02 00:00:00,2012-10-02,82.8,HUMEDO,LATAS,2,True
54,2012-10-02 00:00:00,2012-10-02,1020.7,HUMEDO,LATAS,2,True
45,2012-10-03 00:00:00,2012-10-03,483.0,HUMEDO,LATAS,2,True
354,2012-10-06 00:00:00,2012-10-06,35.9,HUMEDO,LATAS,2,True
353,2012-10-06 00:00:00,2012-10-06,51.8,HUMEDO,LATAS,2,True
356,2012-10-06 00:00:00,2012-10-06,61.7,HUMEDO,LATAS,2,True
N015,2012-10-06 00:00:00,2012-10-06,27.5,HUMEDO,LATAS,2,True
125,2012-10-06 00:00:00,2012-10-06,27.2,HUMEDO,LATAS,2,True
185,2012-10-07 00:00:00,2012-10-07,10.8,HUMEDO,LATAS,2,True
47,2012-10-07 00:00:00,2012-10-07,69.9,HUMEDO,LATAS,2,True
365,2012-10-07 00:00:00,2012-10-07,12.1,HUMEDO,LATAS,2,True
N012,2012-10-09 00:00:00,2012-10-09,379.9,HUMEDO,LATAS,2,True
401,2012-10-09 00:00:00,2012-10-09,683.1,HUMEDO,LATAS,2,True
282,2012-10-10 00:00:00,2012-10-10,46.2,HUMEDO,LATAS,2,True
235,2012-10-10 00:00:00,2012-10-10,324.1,HUMEDO,LATAS,2,True
251,2012-10-11 00:00:00,2012-10-11,25.2,HUMEDO,LATAS,2,True
190,2012-10-11 00:00:00,2012-10-11,39.3,HUMEDO,LATAS,2,True
344,2012-10-11 00:00:00,2012-10-11,28.6,HUMEDO,LATAS,2,True
193,2012-10-11 00:00:00,2012-10-11,59.4,HUMEDO,LATAS,2,True
271,2012-10-11 00:00:00,2012-10-11,25.9,HUMEDO,LATAS,2,True
380,2012-10-11 00:00:00,2012-10-11,16.0,HUMEDO,LATAS,2,True
237,2012-10-11 00:00:00,2012-10-11,22.5,HUMEDO,LATAS,2,True
300,2012-10-11 00:00:00,2012-10-11,21.1,HUMEDO,LATAS,2,True
294,2012-10-12 00:00:00,2012-10-12,192.2,HUMEDO,LATAS,2,True
119,2012-10-12 00:00:00,2012-10-12,22.4,HUMEDO,LATAS,2,True
246,2012-10-12 00:00:00,2012-10-12,9.1,HUMEDO,LATAS,2,True
374,2012-10-12 00:00:00,2012-10-12,20.9,HUMEDO,LATAS,2,True
271,2012-10-12 00:00:00,2012-10-12,107.8,HUMEDO,LATAS,2,True
N016,2012-10-12 00:00:00,2012-10-12,47.7,HUMEDO,LATAS,2,True
368,2012-10-14 00:00:00,2012-10-14,23.2,HUMEDO,LATAS,2,True
17,2012-10-14 00:00:00,2012-10-14,30.4,HUMEDO,LATAS,2,True
273,2012-10-14 00:00:00,2012-10-14,40.3,HUMEDO,LATAS,2,True
251,2012-10-14 00:00:00,2012-10-14,26.0,HUMEDO,LATAS,2,True
193,2012-10-15 00:00:00,2012-10-15,87.7,HUMEDO,LATAS,2,True
332,2012-10-15 00:00:00,2012-10-15,42.9,HUMEDO,LATAS,2,True
231,2012-10-15 00:00:00,2012-10-15,23.9,HUMEDO,LATAS,2,True
373,2012-10-15 00:00:00,2012-10-15,688.4,HUMEDO,LATAS,2,True
350,2012-10-15 00:00:00,2012-10-15,358.3,HUMEDO,LATAS,2,True
346,2012-10-15 00:00:00,2012-10-15,821.6,HUMEDO,LATAS,2,True
175,2012-10-15 00:00:00,2012-10-15,776.9,HUMEDO,LATAS,2,True
335,2012-10-17 00:00:00,2012-10-17,348.7,HUMEDO,LATAS,2,True
233,2012-10-17 00:00:00,2012-10-17,129.4,HUMEDO,LATAS,2,True
105,2012-10-17 00:00:00,2012-10-17,238.6,HUMEDO,LATAS,2,True
172,2012-10-17 00:00:00,2012-10-17,10.4,HUMEDO,LATAS,2,True
N001,2012-10-18 00:00:00,2012-10-18,29.1,HUMEDO,LATAS,2,True
347,2012-10-18 00:00:00,2012-10-18,27.8,HUMEDO,LATAS,2,True
N013,2012-10-18 00:00:00,2012-10-18,95.6,HUMEDO,LATAS,2,True
219,2012-10-18 00:00:00,2012-10-18,39.8,HUMEDO,LATAS,2,True
346,2012-10-18 00:00:00,2012-10-18,39.1,HUMEDO,LATAS,2,True
300,2012-10-18 00:00:00,2012-10-18,6.1,HUMEDO,LATAS,2,True
114,2012-10-18 00:00:00,2012-10-18,68.3,HUMEDO,LATAS,2,True
350,2012-10-18 00:00:00,2012-10-18,64.0,HUMEDO,LATAS,2,True
172,2012-10-19 00:00:00,2012-10-19,57.8,HUMEDO,LATAS,2,True
350,2012-10-19 00:00:00,2012-10-19,45.2,HUMEDO,LATAS,2,True
277,2012-10-19 00:00:00,2012-10-19,19.7,HUMEDO,LATAS,2,True
N007,2012-10-19 00:00:00,2012-10-19,107.9,SECO,LATAS,2,True
235,2012-10-19 00:00:00,2012-10-19,70.4,HUMEDO,LATAS,2,True
157,2012-10-19 00:00:00,2012-10-19,7.8,HUMEDO,LATAS,2,True
7,2012-10-19 00:00:00,2012-10-19,13.4,HUMEDO,LATAS,2,True
38,2012-10-20 00:00:00,2012-10-20,5.1,HUMEDO,LATAS,2,True
202,2012-10-20 00:00:00,2012-10-20,173.5,HUMEDO,LATAS,2,True
N003,2012-10-20 00:00:00,2012-10-20,54.6,HUMEDO,LATAS,2,True
14,2012-10-20 00:00:00,2012-10-20,64.6,HUMEDO,LATAS,2,True
226,2012-10-20 00:00:00,2012-10-20,148.1,HUMEDO,LATAS,2,True
43,2012-10-20 00:00:00,2012-10-20,25.8,HUMEDO,LATAS,2,True
56,2012-10-20 00:00:00,2012-10-20,37.1,HUMEDO,LATAS,2,True
364,2012-10-20 00:00:00,2012-10-20,151.3,HUMEDO,LATAS,2,True
86,2012-10-20 00:00:00,2012-10-20,8.4,HUMEDO,LATAS,2,True
371,2012-10-20 00:00:00,2012-10-20,138.5,HUMEDO,LATAS,2,True
346,2012-10-20 00:00:00,2012-10-20,19.0,HUMEDO,LATAS,2,True
228,2012-10-20 00:00:00,2012-10-20,19.6,HUMEDO,LATAS,2,True
395,2012-10-22 00:00:00,2012-10-22,11.3,HUMEDO,LATAS,2,True
310,2012-10-22 00:00:00,2012-10-22,138.0,HUMEDO,LATAS,2,True
401,2012-10-22 00:00:00,2012-10-22,42.3,HUMEDO,LATAS,2,True
294,2012-10-22 00:00:00,2012-10-22,24.1,HUMEDO,LATAS,2,True
200,2012-10-22 00:00:00,2012-10-22,79.3,HUMEDO,LATAS,2,True
43,2012-10-22 00:00:00,2012-10-22,64.7,HUMEDO,LATAS,2,True
175,2012-10-22 00:00:00,2012-10-22,76.0,HUMEDO,LATAS,2,True
114,2012-10-22 00:00:00,2012-10-22,21.2,HUMEDO,LATAS,2,True
282,2012-10-22 00:00:00,2012-10-22,32.3,HUMEDO,LATAS,2,True
N004,2012-10-22 00:00:00,2012-10-22,53.6,HUMEDO,LATAS,2,True
14,2012-10-22 00:00:00,2012-10-22,29.3,HUMEDO,LATAS,2,True
380,2012-10-24 00:00:00,2012-10-24,131.8,HUMEDO,LATAS,2,True
373,2012-10-24 00:00:00,2012-10-24,1082.1,HUMEDO,LATAS,2,True
193,2012-10-24 00:00:00,2012-10-24,1901.6,HUMEDO,LATAS,2,True
238,2012-10-24 00:00:00,2012-10-24,206.0,HUMEDO,LATAS,2,True
82,2012-10-24 00:00:00,2012-10-24,629.6,HUMEDO,LATAS,2,True
119,2012-10-24 00:00:00,2012-10-24,562.8,HUMEDO,LATAS,2,True
113,2012-10-24 00:00:00,2012-10-24,132.7,HUMEDO,LATAS,2,True
125,2012-10-25 00:00:00,2012-10-25,925.8,HUMEDO,LATAS,2,True
235,2012-10-25 00:00:00,2012-10-25,52.2,HUMEDO,LATAS,2,True
349,2012-10-25 00:00:00,2012-10-25,92.8,HUMEDO,LATAS,2,True
401,2012-10-25 00:00:00,2012-10-25,138.8,HUMEDO,LATAS,2,True
236,2012-10-25 00:00:00,2012-10-25,149.4,HUMEDO,LATAS,2,True
289,2012-10-25 00:00:00,2012-10-25,171.0,HUMEDO,LATAS,2,True
396,2012-10-25 00:00:00,2012-10-25,77.9,HUMEDO,LATAS,2,True
236,2012-10-26 00:00:00,2012-10-26,139.3,HUMEDO,LATAS,2,True
113,2012-10-26 00:00:00,2012-10-26,156.8,HUMEDO,LATAS,2,True
259,2012-10-26 00:00:00,2012-10-26,32.8,HUMEDO,LATAS,2,True
186,2012-10-26 00:00:00,2012-10-26,103.2,HUMEDO,LATAS,2,True
395,2012-10-26 00:00:00,2012-10-26,48.2,HUMEDO,LATAS,2,True
N007,2012-10-26 00:00:00,2012-10-26,406.8,HUMEDO,LATAS,2,True
38,2012-10-26 00:00:00,2012-10-26,106.4,HUMEDO,LATAS,2,True
344,2012-10-29 00:00:00,2012-10-29,569.0,HUMEDO,LATAS,2,True
38,2012-10-29 00:00:00,2012-10-29,60.4,HUMEDO,LATAS,2,True
382,2012-10-29 00:00:00,2012-10-29,43.2,HUMEDO,LATAS,2,True
177,2012-10-29 00:00:00,2012-10-29,114.6,HUMEDO,LATAS,2,True
374,2012-10-30 00:00:00,2012-10-30,13.7,HUMEDO,LATAS,2,True
14,2012-10-30 00:00:00,2012-10-30,93.2,HUMEDO,LATAS,2,True
365,2012-10-30 00:00:00,2012-10-30,59.2,HUMEDO,LATAS,2,True
47,2012-10-30 00:00:00,2012-10-30,49.2,HUMEDO,LATAS,2,True
86,2012-10-30 00:00:00,2012-10-30,139.9,HUMEDO,LATAS,2,True
113,2012-10-30 00:00:00,2012-10-30,26.1,HUMEDO,LATAS,2,True
236,2012-10-30 00:00:00,2012-10-30,14.7,HUMEDO,LATAS,2,True
235,2012-10-30 00:00:00,2012-10-30,25.9,HUMEDO,LATAS,2,True
353,2012-10-30 00:00:00,2012-10-30,37.1,HUMEDO,LATAS,2,True
236,2012-10-31 00:00:00,2012-10-31,270.5,HUMEDO,LATAS,2,True
374,2012-10-31 00:00:00,2012-10-31,11.3,HUMEDO,LATAS,2,True
45,2012-10-31 00:00:00,2012-10-31,29.5,HUMEDO,LATAS,2,True
277,2012-10-31 00:00:00,2012-10-31,95.6,HUMEDO,LATAS,2,True
38,2012-11-01 00:00:00,2012-11-01,98.4,HUMEDO,LATAS,2,True
227,2012-11-01 00:00:00,2012-11-01,60.0,HUMEDO,LATAS,2,True
396,2012-11-01 00:00:00,2012-11-01,136.3,HUMEDO,LATAS,2,True
365,2012-11-02 00:00:00,2012-11-02,39.8,HUMEDO,LATAS,2,True
395,2012-11-02 00:00:00,2012-11-02,41.4,HUMEDO,LATAS,2,True
185,2012-11-02 00:00:00,2012-11-02,27.4,HUMEDO,LATAS,2,True
233,2012-11-02 00:00:00,2012-11-02,12.9,HUMEDO,LATAS,2,True
379,2012-11-02 00:00:00,2012-11-02,52.4,HUMEDO,LATAS,2,True
125,2012-11-02 00:00:00,2012-11-02,4.0,HUMEDO,LATAS,2,True
267,2012-11-02 00:00:00,2012-11-02,9.3,HUMEDO,LATAS,2,True
84,2012-11-02 00:00:00,2012-11-02,14.8,HUMEDO,LATAS,2,True
137,2012-11-02 00:00:00,2012-11-02,82.5,HUMEDO,LATAS,2,True
N007,2012-11-02 00:00:00,2012-11-02,6.4,HUMEDO,LATAS,2,True
247,2012-11-03 00:00:00,2012-11-03,18.1,HUMEDO,LATAS,2,True
45,2012-11-03 00:00:00,2012-11-03,20.2,HUMEDO,LATAS,2,True
271,2012-11-03 00:00:00,2012-11-03,201.1,HUMEDO,LATAS,2,True
349,2012-11-03 00:00:00,2012-11-03,135.0,HUMEDO,LATAS,2,True
375,2012-11-03 00:00:00,2012-11-03,50.5,HUMEDO,LATAS,2,True
114,2012-11-04 00:00:00,2012-11-04,14.1,HUMEDO,LATAS,2,True
379,2012-11-04 00:00:00,2012-11-04,24.0,HUMEDO,LATAS,2,True
400,2012-11-04 00:00:00,2012-11-04,147.6,HUMEDO,LATAS,2,True
236,2012-11-04 00:00:00,2012-11-04,70.4,HUMEDO,LATAS,2,True
397,2012-11-04 00:00:00,2012-11-04,26.0,HUMEDO,LATAS,2,True
113,2012-11-05 00:00:00,2012-11-05,4.0,HUMEDO,LATAS,2,True
157,2012-11-05 00:00:00,2012-11-05,13.4,HUMEDO,LATAS,2,True
238,2012-11-05 00:00:00,2012-11-05,15.7,HUMEDO,LATAS,2,True
261,2012-11-05 00:00:00,2012-11-05,98.9,HUMEDO,LATAS,2,True
29,2012-11-05 00:00:00,2012-11-05,86.8,HUMEDO,LATAS,2,True
379,2012-11-05 00:00:00,2012-11-05,27.7,HUMEDO,LATAS,2,True
46,2012-11-05 00:00:00,2012-11-05,14.7,HUMEDO,LATAS,2,True
231,2012-11-05 00:00:00,2012-11-05,16.5,HUMEDO,LATAS,2,True
118,2012-11-05 00:00:00,2012-11-05,12.5,HUMEDO,LATAS,2,True
235,2012-11-05 00:00:00,2012-11-05,8.4,HUMEDO,LATAS,2,True
190,2012-11-05 00:00:00,2012-11-05,21.8,HUMEDO,LATAS,2,True
347,2012-11-05 00:00:00,2012-11-05,42.4,HUMEDO,LATAS,2,True
N008,2012-11-05 00:00:00,2012-11-05,89.6,HUMEDO,LATAS,2,True
271,2012-11-05 00:00:00,2012-11-05,2.2,HUMEDO,LATAS,2,True
247,2012-11-05 00:00:00,2012-11-05,72.0,HUMEDO,LATAS,2,True
187,2012-11-05 00:00:00,2012-11-05,8.5,HUMEDO,LATAS,2,True
187,2012-11-06 00:00:00,2012-11-06,60.4,HUMEDO,LATAS,2,True
182,2012-11-06 00:00:00,2012-11-06,7.2,HUMEDO,LATAS,2,True
230,2012-11-06 00:00:00,2012-11-06,30.8,HUMEDO,LATAS,2,True
105,2012-11-06 00:00:00,2012-11-06,19.5,HUMEDO,LATAS,2,True
46,2012-11-06 00:00:00,2012-11-06,35.6,HUMEDO,LATAS,2,True
350,2012-11-06 00:00:00,2012-11-06,120.9,HUMEDO,LATAS,2,True
261,2012-11-06 00:00:00,2012-11-06,28.4,HUMEDO,LATAS,2,True
380,2012-11-07 00:00:00,2012-11-07,65.1,HUMEDO,LATAS,2,True
353,2012-11-07 00:00:00,2012-11-07,131.1,HUMEDO,LATAS,2,True
350,2012-11-07 00:00:00,2012-11-07,83.7,HUMEDO,LATAS,2,True
N010,2012-11-07 00:00:00,2012-11-07,10.3,HUMEDO,LATAS,2,True
233,2012-11-07 00:00:00,2012-11-07,40.3,HUMEDO,LATAS,2,True
293,2012-11-07 00:00:00,2012-11-07,4.5,HUMEDO,LATAS,2,True
190,2012-11-07 00:00:00,2012-11-07,63.6,HUMEDO,LATAS,2,True
387,2012-11-08 00:00:00,2012-11-08,11.5,HUMEDO,LATAS,2,True
351,2012-11-08 00:00:00,2012-11-08,113.3,HUMEDO,LATAS,2,True
397,2012-11-08 00:00:00,2012-11-08,92.1,HUMEDO,LATAS,2,True
235,2012-11-08 00:00:00,2012-11-08,10.2,HUMEDO,LATAS,2,True
291,2012-11-08 00:00:00,2012-11-08,23.8,HUMEDO,QUINTALES,2,True
N014,2012-11-08 00:00:00,2012-11-08,114.7,HUMEDO,LATAS,2,True
368,2012-11-09 00:00:00,2012-11-09,60.2,HUMEDO,LATAS,2,True
267,2012-11-09 00:00:00,2012-11-09,117.8,HUMEDO,LATAS,2,True
N014,2012-11-09 00:00:00,2012-11-09,11.1,HUMEDO,LATAS,2,True
261,2012-11-09 00:00:00,2012-11-09,210.6,HUMEDO,LATAS,2,True
399,2012-11-09 00:00:00,2012-11-09,118.0,HUMEDO,LATAS,2,True
373,2012-11-09 00:00:00,2012-11-09,143.5,HUMEDO,LATAS,2,True
7,2012-11-09 00:00:00,2012-11-09,759.7,HUMEDO,LATAS,2,True
267,2012-11-10 00:00:00,2012-11-10,39.0,HUMEDO,LATAS,2,True
17,2012-11-10 00:00:00,2012-11-10,11.0,HUMEDO,LATAS,2,True
368,2012-11-10 00:00:00,2012-11-10,92.0,HUMEDO,LATAS,2,True
282,2012-11-10 00:00:00,2012-11-10,101.9,HUMEDO,LATAS,2,True
261,2012-11-10 00:00:00,2012-11-10,78.1,HUMEDO,LATAS,2,True
202,2012-11-10 00:00:00,2012-11-10,144.5,HUMEDO,LATAS,2,True
273,2012-11-10 00:00:00,2012-11-10,23.6,HUMEDO,LATAS,2,True
387,2012-11-11 00:00:00,2012-11-11,1.0,HUMEDO,LATAS,2,True
356,2012-11-11 00:00:00,2012-11-11,46.8,HUMEDO,LATAS,2,True
N016,2012-11-11 00:00:00,2012-11-11,34.2,HUMEDO,LATAS,2,True
259,2012-11-11 00:00:00,2012-11-11,10.7,HUMEDO,LATAS,2,True
278,2012-11-11 00:00:00,2012-11-11,31.0,HUMEDO,LATAS,2,True
N010,2012-11-11 00:00:00,2012-11-11,3.3,HUMEDO,LATAS,2,True
395,2012-11-11 00:00:00,2012-11-11,34.8,HUMEDO,LATAS,2,True
368,2012-11-11 00:00:00,2012-11-11,69.8,HUMEDO,LATAS,2,True
14,2012-11-12 00:00:00,2012-11-12,27.7,HUMEDO,LATAS,2,True
375,2012-11-12 00:00:00,2012-11-12,209.0,HUMEDO,LATAS,2,True
177,2012-11-12 00:00:00,2012-11-12,28.2,HUMEDO,LATAS,2,True
395,2012-11-12 00:00:00,2012-11-12,66.5,HUMEDO,LATAS,2,True
175,2012-11-13 00:00:00,2012-11-13,5.3,HUMEDO,LATAS,2,True
278,2012-11-13 00:00:00,2012-11-13,31.4,HUMEDO,LATAS,2,True
236,2012-11-13 00:00:00,2012-11-13,5.8,HUMEDO,LATAS,2,True
N005,2012-11-13 00:00:00,2012-11-13,29.3,HUMEDO,LATAS,2,True
400,2012-11-13 00:00:00,2012-11-13,24.1,HUMEDO,LATAS,2,True
185,2012-11-13 00:00:00,2012-11-13,18.0,HUMEDO,LATAS,2,True
294,2012-11-13 00:00:00,2012-11-13,6.5,HUMEDO,LATAS,2,True
282,2012-11-13 00:00:00,2012-11-13,22.5,HUMEDO,LATAS,2,True
127,2012-11-13 00:00:00,2012-11-13,29.3,HUMEDO,LATAS,2,True
349,2012-11-13 00:00:00,2012-11-13,23.0,HUMEDO,LATAS,2,True
N016,2012-11-14 00:00:00,2012-11-14,420.2,HUMEDO,LATAS,2,True
219,2012-11-14 00:00:00,2012-11-14,27.8,HUMEDO,LATAS,2,True
373,2012-11-14 00:00:00,2012-11-14,269.8,HUMEDO,LATAS,2,True
382,2012-11-14 00:00:00,2012-11-14,115.0,HUMEDO,LATAS,2,True
177,2012-11-14 00:00:00,2012-11-14,545.3,HUMEDO,LATAS,2,True
226,2012-11-14 00:00:00,2012-11-14,3.5,HUMEDO,LATAS,2,True
86,2012-11-14 00:00:00,2012-11-14,73.3,HUMEDO,LATAS,2,True
371,2012-11-14 00:00:00,2012-11-14,1.8,HUMEDO,LATAS,2,True
105,2012-11-15 00:00:00,2012-11-15,66.1,HUMEDO,LATAS,2,True
399,2012-11-15 00:00:00,2012-11-15,146.3,HUMEDO,LATAS,2,True
150,2012-11-15 00:00:00,2012-11-15,50.1,HUMEDO,LATAS,2,True
380,2012-11-15 00:00:00,2012-11-15,258.3,HUMEDO,LATAS,2,True
236,2012-11-15 00:00:00,2012-11-15,6.5,HUMEDO,LATAS,2,True
79,2012-11-15 00:00:00,2012-11-15,166.7,HUMEDO,LATAS,2,True
7,2012-11-16 00:00:00,2012-11-16,9.1,HUMEDO,LATAS,2,True
281,2012-11-16 00:00:00,2012-11-16,34.8,HUMEDO,LATAS,2,True
365,2012-11-16 00:00:00,2012-11-16,138.1,HUMEDO,LATAS,2,True
193,2012-11-16 00:00:00,2012-11-16,8.2,HUMEDO,LATAS,2,True
278,2012-11-16 00:00:00,2012-11-16,9.8,HUMEDO,LATAS,2,True
200,2012-11-16 00:00:00,2012-11-16,55.9,HUMEDO,LATAS,2,True
47,2012-11-16 00:00:00,2012-11-16,29.3,HUMEDO,LATAS,2,True
396,2012-11-17 00:00:00,2012-11-17,56.4,HUMEDO,LATAS,2,True
395,2012-11-17 00:00:00,2012-11-17,178.5,HUMEDO,LATAS,2,True
29,2012-11-17 00:00:00,2012-11-17,99.3,HUMEDO,LATAS,2,True
379,2012-11-17 00:00:00,2012-11-17,6.1,HUMEDO,LATAS,2,True
387,2012-11-17 00:00:00,2012-11-17,4.9,HUMEDO,LATAS,2,True
261,2012-11-18 00:00:00,2012-11-18,1.0,HUMEDO,LATAS,2,True
185,2012-11-18 00:00:00,2012-11-18,1.0,HUMEDO,LATAS,2,True
238,2012-11-18 00:00:00,2012-11-18,1.9,HUMEDO,LATAS,2,True
247,2012-11-18 00:00:00,2012-11-18,1.1,HUMEDO,LATAS,2,True
300,2012-11-18 00:00:00,2012-11-18,54.3,HUMEDO,LATAS,2,True
187,2012-11-18 00:00:00,2012-11-18,73.4,HUMEDO,LATAS,2,True
373,2012-11-18 00:00:00,2012-11-18,6.2,HUMEDO,LATAS,2,True
230,2012-11-18 00:00:00,2012-11-18,10.5,HUMEDO,LATAS,2,True
291,2012-11-19 00:00:00,2012-11-19,171.7,HUMEDO,LATAS,2,True
N009,2012-11-19 00:00:00,2012-11-19,121.9,HUMEDO,LATAS,2,True
371,2012-11-19 00:00:00,2012-11-19,103.2,HUMEDO,LATAS,2,True
86,2012-11-19 00:00:00,2012-11-19,225.3,HUMEDO,LATAS,2,True
294,2012-11-19 00:00:00,2012-11-19,28.3,HUMEDO,LATAS,2,True
395,2012-11-20 00:00:00,2012-11-20,294.9,HUMEDO,LATAS,2,True
119,2012-11-20 00:00:00,2012-11-20,9.1,HUMEDO,LATAS,2,True
293,2012-11-20 00:00:00,2012-11-20,325.7,HUMEDO,LATAS,2,True
17,2012-11-20 00:00:00,2012-11-20,36.7,HUMEDO,LATAS,2,True
399,2012-11-20 00:00:00,2012-11-20,27.2,HUMEDO,LATAS,2,True
238,2012-11-20 00:00:00,2012-11-20,2.2,HUMEDO,LATAS,2,True
396,2012-11-21 00:00:00,2012-11-21,5.8,HUMEDO,LATAS,2,True
105,2012-11-21 00:00:00,2012-11-21,35.4,HUMEDO,LATAS,2,True
255,2012-11-21 00:00:00,2012-11-21,54.4,HUMEDO,LATAS,2,True
335,2012-11-21 00:00:00,2012-11-21,24.3,HUMEDO,LATAS,2,True
277,2012-11-21 00:00:00,2012-11-21,27.2,HUMEDO,LATAS,2,True
227,2012-11-21 00:00:00,2012-11-21,22.6,HUMEDO,LATAS,2,True
310,2012-11-21 00:00:00,2012-11-21,13.2,HUMEDO,LATAS,2,True
186,2012-11-21 00:00:00,2012-11-21,94.4,HUMEDO,LATAS,2,True
38,2012-11-22 00:00:00,2012-11-22,249.4,HUMEDO,LATAS,2,True
267,2012-11-22 00:00:00,2012-11-22,193.3,HUMEDO,LATAS,2,True
236,2012-11-22 00:00:00,2012-11-22,19.9,HUMEDO,LATAS,2,True
N002,2012-11-22 00:00:00,2012-11-22,21.3,HUMEDO,LATAS,2,True
259,2012-11-22 00:00:00,2012-11-22,185.2,SECO,LATAS,2,True
392,2012-11-22 00:00:00,2012-11-22,9.3,HUMEDO,LATAS,2,True
N012,2012-11-23 00:00:00,2012-11-23,116.4,HUMEDO,LATAS,2,True
347,2012-11-23 00:00:00,2012-11-23,24.4,HUMEDO,LATAS,2,True
380,2012-11-23 00:00:00,2012-11-23,170.7,HUMEDO,LATAS,2,True
182,2012-11-24 00:00:00,2012-11-24,18.2,HUMEDO,LATAS,2,True
379,2012-11-24 00:00:00,2012-11-24,30.7,HUMEDO,LATAS,2,True
125,2012-11-24 00:00:00,2012-11-24,116.3,HUMEDO,LATAS,2,True
193,2012-11-24 00:00:00,2012-11-24,365.8,HUMEDO,LATAS,2,True
N015,2012-11-24 00:00:00,2012-11-24,136.8,HUMEDO,LATAS,2,True
291,2012-11-25 00:00:00,2012-11-25,348.6,HUMEDO,LATAS,2,True
253,2012-11-25 00:00:00,2012-11-25,93.9,HUMEDO,LATAS,2,True
17,2012-11-25 00:00:00,2012-11-25,125.1,HUMEDO,LATAS,2,True
277,2012-11-25 00:00:00,2012-11-25,2.6,HUMEDO,LATAS,2,True
54,2012-11-25 00:00:00,2012-11-25,43.3,HUMEDO,LATAS,2,True
202,2012-11-26 00:00:00,2012-11-26,778.3,HUMEDO,LATAS,2,True
193,2012-11-26 00:00:00,2012-11-26,224.1,HUMEDO,LATAS,2,True
238,2012-11-26 00:00:00,2012-11-26,68.7,HUMEDO,LATAS,2,True
157,2012-11-28 00:00:00,2012-11-28,64.2,HUMEDO,LATAS,2,True
186,2012-11-28 00:00:00,2012-11-28,4.3,HUMEDO,LATAS,2,True
185,2012-11-28 00:00:00,2012-11-28,34.7,HUMEDO,LATAS,2,True
397,2012-11-28 00:00:00,2012-11-28,41.0,HUMEDO,LATAS,2,True
261,2012-11-29 00:00:00,2012-11-29,145.7,HUMEDO,LATAS,2,True
17,2012-11-29 00:00:00,2012-11-29,38.5,HUMEDO,LATAS,2,True
251,2012-11-29 00:00:00,2012-11-29,42.5,HUMEDO,LATAS,2,True
237,2012-11-29 00:00:00,2012-11-29,32.5,HUMEDO,LATAS,2,True
294,2012-11-29 00:00:00,2012-11-29,10.0,HUMEDO,LATAS,2,True
373,2012-11-29 00:00:00,2012-11-29,46.3,HUMEDO,LATAS,2,True
84,2012-11-30 00:00:00,2012-11-30,76.5,HUMEDO,LATAS,2,True
85,2012-11-30 00:00:00,2012-11-30,2.1,HUMEDO,LATAS,2,True
N016,2012-11-30 00:00:00,2012-11-30,17.5,HUMEDO,LATAS,2,True
375,2012-11-30 00:00:00,2012-11-30,97.9,HUMEDO,LATAS,2,True
185,2012-11-30 00:00:00,2012-11-30,21.2,HUMEDO,LATAS,2,True
356,2012-11-30 00:00:00,2012-11-30,1.3,HUMEDO,LATAS,2,True
249,2012-12-01 00:00:00,2012-12-01,111.8,HUMEDO,LATAS,2,True
395,2012-12-01 00:00:00,2012-12-01,84.2,HUMEDO,LATAS,2,True
338,2012-12-01 00:00:00,2012-12-01,49.8,HUMEDO,LATAS,2,True
251,2012-12-01 00:00:00,2012-12-01,531.3,HUMEDO,LATAS,2,True
N007,2012-12-01 00:00:00,2012-12-01,3.9,HUMEDO,LATAS,2,True
185,2012-12-01 00:00:00,2012-12-01,61.4,HUMEDO,LATAS,2,True
247,2012-12-01 00:00:00,2012-12-01,1.0,HUMEDO,LATAS,2,True
382,2012-12-02 00:00:00,2012-12-02,24.6,SECO,LATAS,2,True
157,2012-12-02 00:00:00,2012-12-02,14.9,HUMEDO,LATAS,2,True
228,2012-12-02 00:00:00,2012-12-02,123.5,HUMEDO,LATAS,2,True
84,2012-12-02 00:00:00,2012-12-02,6.6,HUMEDO,LATAS,2,True
300,2012-12-02 00:00:00,2012-12-02,61.1,HUMEDO,LATAS,2,True
353,2012-12-02 00:00:00,2012-12-02,40.1,HUMEDO,LATAS,2,True
273,2012-12-02 00:00:00,2012-12-02,92.1,HUMEDO,LATAS,2,True
N003,2012-12-03 00:00:00,2012-12-03,218.3,HUMEDO,LATAS,2,True
249,2012-12-03 00:00:00,2012-12-03,30.8,HUMEDO,LATAS,2,True
392,2012-12-03 00:00:00,2012-12-03,79.6,HUMEDO,LATAS,2,True
182,2012-12-03 00:00:00,2012-12-03,164.0,HUMEDO,LATAS,2,True
N014,2012-12-04 00:00:00,2012-12-04,7.2,HUMEDO,LATAS,2,True
177,2012-12-04 00:00:00,2012-12-04,21.8,HUMEDO,LATAS,2,True
278,2012-12-04 00:00:00,2012-12-04,47.5,HUMEDO,LATAS,2,True
23,2012-12-04 00:00:00,2012-12-04,12.5,HUMEDO,LATAS,2,True
349,2012-12-04 00:00:00,2012-12-04,105.9,HUMEDO,LATAS,2,True
400,2012-12-04 00:00:00,2012-12-04,4.7,HUMEDO,LATAS,2,True
45,2012-12-04 00:00:00,2012-12-04,1.5,HUMEDO,LATAS,2,True
310,2012-12-04 00:00:00,2012-12-04,34.8,HUMEDO,LATAS,2,True
387,2012-12-04 00:00:00,2012-12-04,24.2,HUMEDO,LATAS,2,True
375,2012-12-04 00:00:00,2012-12-04,21.7,HUMEDO,LATAS,2,True
353,2012-12-05 00:00:00,2012-12-05,25.1,HUMEDO,LATAS,2,True
247,2012-12-05 00:00:00,2012-12-05,24.8,HUMEDO,LATAS,2,True
288,2012-12-05 00:00:00,2012-12-05,61.8,HUMEDO,LATAS,2,True
310,2012-12-05 00:00:00,2012-12-05,248.2,HUMEDO,LATAS,2,True
190,2012-12-05 00:00:00,2012-12-05,53.1,HUMEDO,LATAS,2,True
182,2012-12-06 00:00:00,2012-12-06,372.6,HUMEDO,LATAS,2,True
364,2012-12-06 00:00:00,2012-12-06,388.7,HUMEDO,LATAS,2,True
251,2012-12-06 00:00:00,2012-12-06,317.3,HUMEDO,LATAS,2,True
N010,2012-12-07 00:00:00,2012-12-07,28.0,HUMEDO,LATAS,2,True
118,2012-12-07 00:00:00,2012-12-07,9.6,HUMEDO,LATAS,2,True
114,2012-12-07 00:00:00,2012-12-07,53.4,HUMEDO,LATAS,2,True
368,2012-12-07 00:00:00,2012-12-07,112.3,HUMEDO,LATAS,2,True
379,2012-12-07 00:00:00,2012-12-07,8.1,HUMEDO,LATAS,2,True
267,2012-12-07 00:00:00,2012-12-07,15.5,HUMEDO,LATAS,2,True
186,2012-12-07 00:00:00,2012-12-07,74.4,HUMEDO,LATAS,2,True
382,2012-12-07 00:00:00,2012-12-07,8.4,HUMEDO,LATAS,2,True
85,2012-12-07 00:00:00,2012-12-07,8.2,HUMEDO,LATAS,2,True
401,2012-12-07 00:00:00,2012-12-07,70.5,HUMEDO,LATAS,2,True
293,2012-12-07 00:00:00,2012-12-07,29.1,HUMEDO,LATAS,2,True
278,2012-12-07 00:00:00,2012-12-07,16.8,HUMEDO,LATAS,2,True
255,2012-12-07 00:00:00,2012-12-07,19.2,HUMEDO,LATAS,2,True
276,2012-12-08 00:00:00,2012-12-08,54.4,HUMEDO,LATAS,2,True
346,2012-12-08 00:00:00,2012-12-08,89.7,HUMEDO,LATAS,2,True
125,2012-12-08 00:00:00,2012-12-08,63.3,HUMEDO,LATAS,2,True
200,2012-12-08 00:00:00,2012-12-08,26.1,SECO,LATAS,2,True
349,2012-12-08 00:00:00,2012-12-08,56.8,HUMEDO,LATAS,2,True
382,2012-12-08 00:00:00,2012-12-08,8.5,HUMEDO,LATAS,2,True
350,2012-12-08 00:00:00,2012-12-08,28.2,HUMEDO,LATAS,2,True
380,2012-12-08 00:00:00,2012-12-08,4.5,HUMEDO,LATAS,2,True
84,2012-12-08 00:00:00,2012-12-08,1.0,HUMEDO,LATAS,2,True
48,2012-12-09 00:00:00,2012-12-09,4.0,HUMEDO,LATAS,2,True
150,2012-12-09 00:00:00,2012-12-09,44.4,HUMEDO,LATAS,2,True
288,2012-12-09 00:00:00,2012-12-09,22.6,HUMEDO,LATAS,2,True
310,2012-12-09 00:00:00,2012-12-09,1.0,HUMEDO,LATAS,2,True
401,2012-12-09 00:00:00,2012-12-09,1.0,HUMEDO,LATAS,2,True
114,2012-12-09 00:00:00,2012-12-09,1.0,HUMEDO,LATAS,2,True
364,2012-12-09 00:00:00,2012-12-09,7.7,HUMEDO,LATAS,2,True
17,2012-12-09 00:00:00,2012-12-09,2.6,HUMEDO,LATAS,2,True
186,2012-12-09 00:00:00,2012-12-09,34.1,HUMEDO,LATAS,2,True
387,2012-12-09 00:00:00,2012-12-09,13.9,HUMEDO,LATAS,2,True
281,2012-12-09 00:00:00,2012-12-09,20.9,HUMEDO,LATAS,2,True
N010,2012-12-09 00:00:00,2012-12-09,10.2,HUMEDO,LATAS,2,True
289,2012-12-09 00:00:00,2012-12-09,17.5,HUMEDO,LATAS,2,True
N007,2012-12-10 00:00:00,2012-12-10,121.2,HUMEDO,LATAS,2,True
349,2012-12-10 00:00:00,2012-12-10,166.9,HUMEDO,LATAS,2,True
105,2012-12-10 00:00:00,2012-12-10,223.2,HUMEDO,LATAS,2,True
332,2012-12-10 00:00:00,2012-12-10,81.8,HUMEDO,LATAS,2,True
N010,2012-12-10 00:00:00,2012-12-10,73.3,HUMEDO,LATAS,2,True
277,2012-12-10 00:00:00,2012-12-10,182.5,HUMEDO,LATAS,2,True
N007,2012-12-11 00:00:00,2012-12-11,1.0,HUMEDO,LATAS,2,True
276,2012-12-11 00:00:00,2012-12-11,55.6,HUMEDO,LATAS,2,True
N010,2012-12-11 00:00:00,2012-12-11,54.2,HUMEDO,LATAS,2,True
288,2012-12-11 00:00:00,2012-12-11,34.1,HUMEDO,LATAS,2,True
374,2012-12-11 00:00:00,2012-12-11,343.0,HUMEDO,LATAS,2,True
374,2012-12-12 00:00:00,2012-12-12,1.6,HUMEDO,LATAS,2,True
N004,2012-12-12 00:00:00,2012-12-12,210.2,HUMEDO,LATAS,2,True
219,2012-12-12 00:00:00,2012-12-12,11.3,HUMEDO,LATAS,2,True
119,2012-12-13 00:00:00,2012-12-13,228.9,HUMEDO,LATAS,2,True
86,2012-12-13 00:00:00,2012-12-13,93.9,HUMEDO,LATAS,2,True
380,2012-12-13 00:00:00,2012-12-13,95.8,HUMEDO,LATAS,2,True
401,2012-12-13 00:00:00,2012-12-13,161.7,HUMEDO,LATAS,2,True
48,2012-12-13 00:00:00,2012-12-13,9.2,HUMEDO,LATAS,2,True
368,2012-12-13 00:00:00,2012-12-13,149.0,HUMEDO,LATAS,2,True
246,2012-12-13 00:00:00,2012-12-13,48.5,HUMEDO,LATAS,2,True
255,2012-12-14 00:00:00,2012-12-14,412.7,HUMEDO,LATAS,2,True
N006,2012-12-14 00:00:00,2012-12-14,24.4,HUMEDO,LATAS,2,True
56,2012-12-15 00:00:00,2012-12-15,44.3,HUMEDO,LATAS,2,True
233,2012-12-15 00:00:00,2012-12-15,31.6,HUMEDO,LATAS,2,True
N008,2012-12-15 00:00:00,2012-12-15,169.4,HUMEDO,LATAS,2,True
113,2012-12-15 00:00:00,2012-12-15,3.2,HUMEDO,LATAS,2,True
47,2012-12-15 00:00:00,2012-12-15,5.2,HUMEDO,LATAS,2,True
N003,2012-12-15 00:00:00,2012-12-15,4.8,HUMEDO,LATAS,2,True
347,2012-12-15 00:00:00,2012-12-15,1.6,HUMEDO,LATAS,2,True
278,2012-12-15 00:00:00,2012-12-15,71.6,HUMEDO,LATAS,2,True
175,2012-12-15 00:00:00,2012-12-15,121.1,HUMEDO,LATAS,2,True
310,2012-12-16 00:00:00,2012-12-16,41.5,HUMEDO,LATAS,2,True
82,2012-12-16 00:00:00,2012-12-16,76.2,HUMEDO,LATAS,2,True
396,2012-12-16 00:00:00,2012-12-16,44.5,HUMEDO,LATAS,2,True
356,2012-12-16 00:00:00,2012-12-16,21.2,HUMEDO,LATAS,2,True
N009,2012-12-16 00:00:00,2012-12-16,65.2,HUMEDO,LATAS,2,True
84,2012-12-17 00:00:00,2012-12-17,59.1,HUMEDO,LATAS,2,True
N011,2012-12-17 00:00:00,2012-12-17,2.8,HUMEDO,LATAS,2,True
185,2012-12-17 00:00:00,2012-12-17,114.8,HUMEDO,LATAS,2,True
354,2012-12-17 00:00:00,2012-12-17,9.6,HUMEDO,LATAS,2,True
172,2012-12-17 00:00:00,2012-12-17,108.3,HUMEDO,LATAS,2,True
38,2012-12-17 00:00:00,2012-12-17,38.4,HUMEDO,LATAS,2,True
350,2012-12-17 00:00:00,2012-12-17,7.1,HUMEDO,LATAS,2,True
395,2012-12-17 00:00:00,2012-12-17,33.5,HUMEDO,LATAS,2,True
83,2012-12-17 00:00:00,2012-12-17,66.7,HUMEDO,LATAS,2,True
219,2012-12-19 00:00:00,2012-12-19,390.6,HUMEDO,LATAS,2,True
N002,2012-12-19 00:00:00,2012-12-19,179.6,HUMEDO,LATAS,2,True
253,2012-12-19 00:00:00,2012-12-19,226.7,HUMEDO,LATAS,2,True
N007,2012-12-19 00:00:00,2012-12-19,203.6,HUMEDO,LATAS,2,True
N015,2012-12-20 00:00:00,2012-12-20,114.7,HUMEDO,LATAS,2,True
368,2012-12-20 00:00:00,2012-12-20,139.6,HUMEDO,LATAS,2,True
251,2012-12-20 00:00:00,2012-12-20,115.1,HUMEDO,LATAS,2,True
397,2012-12-20 00:00:00,2012-12-20,40.7,HUMEDO,LATAS,2,True
382,2012-12-20 00:00:00,2012-12-20,358.8,HUMEDO,LATAS,2,True
114,2012-12-20 00:00:00,2012-12-20,27.5,HUMEDO,LATAS,2,True
137,2012-12-20 00:00:00,2012-12-20,45.6,HUMEDO,LATAS,2,True
84,2012-12-20 00:00:00,2012-12-20,60.4,HUMEDO,LATAS,2,True
272,2012-12-20 00:00:00,2012-12-20,158.3,HUMEDO,LATAS,2,True
23,2012-12-20 00:00:00,2012-12-20,396.4,HUMEDO,LATAS,2,True
395,2012-12-20 00:00:00,2012-12-20,546.1,HUMEDO,LATAS,2,True
346,2012-12-20 00:00:00,2012-12-20,182.6,HUMEDO,LATAS,2,True
399,2012-12-20 00:00:00,2012-12-20,510.5,HUMEDO,LATAS,2,True
157,2012-12-20 00:00:00,2012-12-20,3.8,HUMEDO,LATAS,2,True
380,2012-12-21 00:00:00,2012-12-21,203.0,HUMEDO,LATAS,2,True
54,2012-12-21 00:00:00,2012-12-21,194.7,HUMEDO,LATAS,2,True
387,2012-12-21 00:00:00,2012-12-21,41.1,HUMEDO,LATAS,2,True
127,2012-12-21 00:00:00,2012-12-21,340.5,HUMEDO,LATAS,2,True
48,2012-12-21 00:00:00,2012-12-21,130.6,HUMEDO,LATAS,2,True
219,2012-12-22 00:00:00,2012-12-22,284.3,HUMEDO,LATAS,2,True
17,2012-12-22 00:00:00,2012-12-22,196.8,HUMEDO,LATAS,2,True
226,2012-12-24 00:00:00,2012-12-24,15.1,HUMEDO,LATAS,2,True
173,2012-12-24 00:00:00,2012-12-24,96.5,HUMEDO,LATAS,2,True
371,2012-12-24 00:00:00,2012-12-24,12.2,HUMEDO,LATAS,2,True
29,2012-12-24 00:00:00,2012-12-24,88.0,HUMEDO,LATAS,2,True
N001,2012-12-24 00:00:00,2012-12-24,1.1,HUMEDO,LATAS,2,True
255,2012-12-24 00:00:00,2012-12-24,13.1,HUMEDO,LATAS,2,True
238,2012-12-24 00:00:00,2012-12-24,10.7,HUMEDO,LATAS,2,True
261,2012-12-24 00:00:00,2012-12-24,24.6,HUMEDO,LATAS,2,True
N004,2012-12-24 00:00:00,2012-12-24,18.9,HUMEDO,LATAS,2,True
350,2012-12-25 00:00:00,2012-12-25,43.4,HUMEDO,LATAS,2,True
82,2012-12-25 00:00:00,2012-12-25,9.3,HUMEDO,LATAS,2,True
29,2012-12-25 00:00:00,2012-12-25,55.5,HUMEDO,LATAS,2,True
395,2012-12-25 00:00:00,2012-12-25,70.6,HUMEDO,LATAS,2,True
200,2012-12-25 00:00:00,2012-12-25,8.6,HUMEDO,LATAS,2,True
113,2012-12-25 00:00:00,2012-12-25,54.0,HUMEDO,LATAS,2,True
371,2012-12-25 00:00:00,2012-12-25,15.2,HUMEDO,LATAS,2,True
125,2012-12-25 00:00:00,2012-12-25,29.4,HUMEDO,LATAS,2,True
83,2012-12-26 00:00:00,2012-12-26,36.3,HUMEDO,LATAS,2,True
173,2012-12-26 00:00:00,2012-12-26,149.0,HUMEDO,LATAS,2,True
N008,2012-12-26 00:00:00,2012-12-26,24.5,HUMEDO,LATAS,2,True
54,2012-12-26 00:00:00,2012-12-26,13.0,HUMEDO,LATAS,2,True
157,2012-12-27 00:00:00,2012-12-27,1.4,HUMEDO,LATAS,2,True
172,2012-12-27 00:00:00,2012-12-27,24.6,HUMEDO,LATAS,2,True
255,2012-12-27 00:00:00,2012-12-27,8.8,HUMEDO,LATAS,2,True
401,2012-12-27 00:00:00,2012-12-27,1.2,HUMEDO,LATAS,2,True
253,2012-12-27 00:00:00,2012-12-27,15.3,HUMEDO,LATAS,2,True
86,2012-12-27 00:00:00,2012-12-27,1.1,HUMEDO,LATAS,2,True
288,2012-12-27 00:00:00,2012-12-27,1.7,HUMEDO,LATAS,2,True
387,2012-12-27 00:00:00,2012-12-27,1.0,HUMEDO,LATAS,2,True
119,2012-12-27 00:00:00,2012-12-27,5.8,HUMEDO,LATAS,2,True
399,2012-12-27 00:00:00,2012-12-27,12.4,HUMEDO,LATAS,2,True
54,2012-12-27 00:00:00,2012-12-27,19.1,SECO,LATAS,2,True
247,2012-12-27 00:00:00,2012-12-27,11.4,HUMEDO,LATAS,2,True
17,2012-12-28 00:00:00,2012-12-28,388.1,HUMEDO,LATAS,2,True
251,2012-12-28 00:00:00,2012-12-28,1.1,HUMEDO,LATAS,2,True
185,2012-12-28 00:00:00,2012-12-28,47.4,HUMEDO,LATAS,2,True
85,2012-12-29 00:00:00,2012-12-29,24.7,HUMEDO,LATAS,2,True
231,2012-12-29 00:00:00,2012-12-29,57.5,HUMEDO,LATAS,2,True
247,2012-12-29 00:00:00,2012-12-29,2.2,HUMEDO,LATAS,2,True
84,2012-12-29 00:00:00,2012-12-29,95.4,HUMEDO,LATAS,2,True
235,2012-12-29 00:00:00,2012-12-29,3.1,HUMEDO,LATAS,2,True
374,2012-12-29 00:00:00,2012-12-29,9.0,HUMEDO,LATAS,2,True
261,2012-12-29 00:00:00,2012-12-29,58.9,HUMEDO,LATAS,2,True
271,2012-12-30 00:00:00,2012-12-30,17.2,HUMEDO,LATAS,2,True
235,2012-12-30 00:00:00,2012-12-30,24.4,HUMEDO,LATAS,2,True
175,2012-12-30 00:00:00,2012-12-30,15.1,HUMEDO,LATAS,2,True
177,2012-12-30 00:00:00,2012-12-30,9.2,HUMEDO,LATAS,2,True
371,2012-12-30 00:00:00,2012-12-30,14.7,HUMEDO,LATAS,2,True
202,2012-12-30 00:00:00,2012-12-30,2.3,HUMEDO,LATAS,2,True
82,2012-12-30 00:00:00,2012-12-30,6.9,HUMEDO,LATAS,2,True
293,2012-12-30 00:00:00,2012-12-30,2.6,HUMEDO,LATAS,2,True
281,2012-12-30 00:00:00,2012-12-30,19.5,HUMEDO,LATAS,2,True
150,2012-12-30 00:00:00,2012-12-30,9.1,HUMEDO,LATAS,2,True
38,2012-12-30 00:00:00,2012-12-30,35.4,HUMEDO,LATAS,2,True
387,2012-12-30 00:00:00,2012-12-30,1.0,HUMEDO,LATAS,2,True
N003,2012-12-31 00:00:00,2012-12-31,63.1,HUMEDO,LATAS,2,True
228,2012-12-31 00:00:00,2012-12-31,32.9,HUMEDO,LATAS,2,True
233,2012-12-31 00:00:00,2012-12-31,115.1,HUMEDO,LATAS,2,True
349,2013-01-01 00:00:00,2013-01-01,13.1,HUMEDO,LATAS,2,True
344,2013-01-01 00:00:00,2013-01-01,46.2,HUMEDO,LATAS,2,True
38,2013-01-01 00:00:00,2013-01-01,48.3,HUMEDO,LATAS,2,True
237,2013-01-01 00:00:00,2013-01-01,2.4,HUMEDO,LATAS,2,True
85,2013-01-01 00:00:00,2013-01-01,115.0,HUMEDO,LATAS,2,True
N004,2013-01-01 00:00:00,2013-01-01,120.9,HUMEDO,LATAS,2,True
202,2013-01-02 00:00:00,2013-01-02,326.8,HUMEDO,LATAS,2,True
54,2013-01-02 00:00:00,2013-01-02,25.0,HUMEDO,LATAS,2,True
351,2013-01-02 00:00:00,2013-01-02,136.7,HUMEDO,LATAS,2,True
85,2013-01-03 00:00:00,2013-01-03,63.3,HUMEDO,LATAS,2,True
371,2013-01-03 00:00:00,2013-01-03,26.2,HUMEDO,LATAS,2,True
273,2013-01-03 00:00:00,2013-01-03,158.7,HUMEDO,LATAS,2,True
374,2013-01-03 00:00:00,2013-01-03,59.0,HUMEDO,LATAS,2,True
17,2013-01-03 00:00:00,2013-01-03,238.3,HUMEDO,LATAS,2,True
246,2013-01-03 00:00:00,2013-01-03,11.0,HUMEDO,LATAS,2,True
382,2013-01-03 00:00:00,2013-01-03,22.4,HUMEDO,LATAS,2,True
380,2013-01-04 00:00:00,2013-01-04,24.8,HUMEDO,LATAS,2,True
338,2013-01-04 00:00:00,2013-01-04,34.0,HUMEDO,LATAS,2,True
177,2013-01-04 00:00:00,2013-01-04,32.8,HUMEDO,LATAS,2,True
277,2013-01-04 00:00:00,2013-01-04,4.9,HUMEDO,LATAS,2,True
46,2013-01-04 00:00:00,2013-01-04,69.8,HUMEDO,LATAS,2,True
82,2013-01-04 00:00:00,2013-01-04,18.9,HUMEDO,LATAS,2,True
N005,2013-01-04 00:00:00,2013-01-04,106.9,SECO,LATAS,2,True
N008,2013-01-04 00:00:00,2013-01-04,21.4,HUMEDO,LATAS,2,True
N009,2013-01-04 00:00:00,2013-01-04,40.5,HUMEDO,LATAS,2,True
79,2013-01-04 00:00:00,2013-01-04,36.0,HUMEDO,LATAS,2,True
56,2013-01-04 00:00:00,2013-01-04,322.8,HUMEDO,LATAS,2,True
48,2013-01-04 00:00:00,2013-01-04,271.2,HUMEDO,LATAS,2,True
N014,2013-01-05 00:00:00,2013-01-05,587.5,HUMEDO,LATAS,2,True
261,2013-01-05 00:00:00,2013-01-05,11.5,HUMEDO,LATAS,2,True
356,2013-01-05 00:00:00,2013-01-05,230.8,HUMEDO,LATAS,2,True
375,2013-01-06 00:00:00,2013-01-06,110.8,HUMEDO,LATAS,2,True
332,2013-01-06 00:00:00,2013-01-06,193.2,HUMEDO,LATAS,2,True
N005,2013-01-06 00:00:00,2013-01-06,51.3,HUMEDO,LATAS,2,True
368,2013-01-07 00:00:00,2013-01-07,60.4,HUMEDO,LATAS,2,True
137,2013-01-07 00:00:00,2013-01-07,38.8,HUMEDO,LATAS,2,True
401,2013-01-07 00:00:00,2013-01-07,71.4,HUMEDO,LATAS,2,True
N009,2013-01-07 00:00:00,2013-01-07,297.0,HUMEDO,LATAS,2,True
387,2013-01-07 00:00:00,2013-01-07,43.7,HUMEDO,LATAS,2,True
261,2013-01-07 00:00:00,2013-01-07,65.0,HUMEDO,LATAS,2,True
43,2013-01-08 00:00:00,2013-01-08,18.1,HUMEDO,LATAS,2,True
83,2013-01-08 00:00:00,2013-01-08,3.4,HUMEDO,LATAS,2,True
190,2013-01-08 00:00:00,2013-01-08,215.0,HUMEDO,LATAS,2,True
291,2013-01-08 00:00:00,2013-01-08,40.8,HUMEDO,LATAS,2,True
261,2013-01-08 00:00:00,2013-01-08,2.5,HUMEDO,LATAS,2,True
N003,2013-01-08 00:00:00,2013-01-08,36.1,HUMEDO,LATAS,2,True
48,2013-01-08 00:00:00,2013-01-08,267.0,HUMEDO,LATAS,2,True
N008,2013-01-09 00:00:00,2013-01-09,63.7,HUMEDO,LATAS,2,True
271,2013-01-09 00:00:00,2013-01-09,14.6,HUMEDO,LATAS,2,True
85,2013-01-09 00:00:00,2013-01-09,11.5,HUMEDO,LATAS,2,True
368,2013-01-09 00:00:00,2013-01-09,90.1,HUMEDO,LATAS,2,True
7,2013-01-09 00:00:00,2013-01-09,41.6,HUMEDO,LATAS,2,True
236,2013-01-09 00:00:00,2013-01-09,299.9,HUMEDO,LATAS,2,True
114,2013-01-09 00:00:00,2013-01-09,7.6,HUMEDO,LATAS,2,True
N004,2013-01-10 00:00:00,2013-01-10,19.0,HUMEDO,LATAS,2,True
N005,2013-01-10 00:00:00,2013-01-10,11.1,HUMEDO,LATAS,2,True
172,2013-01-10 00:00:00,2013-01-10,73.4,SECO,LATAS,2,True
N002,2013-01-10 00:00:00,2013-01-10,24.5,SECO,LATAS,2,True
33,2013-01-10 00:00:00,2013-01-10,25.4,HUMEDO,LATAS,2,True
395,2013-01-10 00:00:00,2013-01-10,277.3,HUMEDO,LATAS,2,True
N016,2013-01-10 00:00:00,2013-01-10,22.3,HUMEDO,LATAS,2,True
237,2013-01-10 00:00:00,2013-01-10,9.9,HUMEDO,LATAS,2,True
382,2013-01-11 00:00:00,2013-01-11,169.9,HUMEDO,LATAS,2,True
396,2013-01-11 00:00:00,2013-01-11,183.5,HUMEDO,LATAS,2,True
7,2013-01-11 00:00:00,2013-01-11,606.6,HUMEDO,LATAS,2,True
226,2013-01-11 00:00:00,2013-01-11,219.1,HUMEDO,LATAS,2,True
173,2013-01-11 00:00:00,2013-01-11,128.1,HUMEDO,LATAS,2,True
354,2013-01-12 00:00:00,2013-01-12,38.8,HUMEDO,LATAS,2,True
83,2013-01-12 00:00:00,2013-01-12,1.0,HUMEDO,LATAS,2,True
172,2013-01-12 00:00:00,2013-01-12,42.7,HUMEDO,LATAS,2,True
82,2013-01-12 00:00:00,2013-01-12,281.6,HUMEDO,LATAS,2,True
N006,2013-01-12 00:00:00,2013-01-12,217.3,HUMEDO,LATAS,2,True
236,2013-01-12 00:00:00,2013-01-12,7.5,HUMEDO,LATAS,2,True
396,2013-01-12 00:00:00,2013-01-12,106.0,HUMEDO,LATAS,2,True
310,2013-01-13 00:00:00,2013-01-13,193.7,HUMEDO,LATAS,2,True
399,2013-01-13 00:00:00,2013-01-13,252.0,HUMEDO,LATAS,2,True
373,2013-01-13 00:00:00,2013-01-13,126.8,HUMEDO,LATAS,2,True
344,2013-01-13 00:00:00,2013-01-13,126.1,HUMEDO,LATAS,2,True
38,2013-01-13 00:00:00,2013-01-13,387.5,HUMEDO,LATAS,2,True
374,2013-01-14 00:00:00,2013-01-14,138.3,HUMEDO,LATAS,2,True
382,2013-01-14 00:00:00,2013-01-14,19.2,HUMEDO,LATAS,2,True
237,2013-01-14 00:00:00,2013-01-14,32.5,HUMEDO,LATAS,2,True
17,2013-01-14 00:00:00,2013-01-14,38.9,HUMEDO,LATAS,2,True
255,2013-01-14 00:00:00,2013-01-14,15.1,HUMEDO,LATAS,2,True
364,2013-01-14 00:00:00,2013-01-14,160.0,HUMEDO,LATAS,2,True
233,2013-01-14 00:00:00,2013-01-14,98.6,HUMEDO,LATAS,2,True
293,2013-01-14 00:00:00,2013-01-14,48.8,HUMEDO,LATAS,2,True
N004,2013-01-14 00:00:00,2013-01-14,14.4,HUMEDO,LATAS,2,True
276,2013-01-15 00:00:00,2013-01-15,37.9,HUMEDO,LATAS,2,True
249,2013-01-15 00:00:00,2013-01-15,24.8,HUMEDO,LATAS,2,True
N002,2013-01-15 00:00:00,2013-01-15,985.5,HUMEDO,LATAS,2,True
261,2013-01-16 00:00:00,2013-01-16,223.3,HUMEDO,LATAS,2,True
350,2013-01-16 00:00:00,2013-01-16,94.6,HUMEDO,LATAS,2,True
84,2013-01-16 00:00:00,2013-01-16,62.6,HUMEDO,LATAS,2,True
375,2013-01-16 00:00:00,2013-01-16,15.3,HUMEDO,LATAS,2,True
127,2013-01-16 00:00:00,2013-01-16,325.8,HUMEDO,LATAS,2,True
276,2013-01-17 00:00:00,2013-01-17,266.6,HUMEDO,LATAS,2,True
157,2013-01-17 00:00:00,2013-01-17,182.2,HUMEDO,LATAS,2,True
17,2013-01-17 00:00:00,2013-01-17,27.8,HUMEDO,LATAS,2,True
247,2013-01-17 00:00:00,2013-01-17,33.5,HUMEDO,LATAS,2,True
282,2013-01-17 00:00:00,2013-01-17,241.9,HUMEDO,LATAS,2,True
N005,2013-01-17 00:00:00,2013-01-17,36.8,HUMEDO,LATAS,2,True
261,2013-01-17 00:00:00,2013-01-17,52.1,HUMEDO,LATAS,2,True
7,2013-01-17 00:00:00,2013-01-17,61.1,HUMEDO,LATAS,2,True
124,2013-01-17 00:00:00,2013-01-17,349.2,HUMEDO,LATAS,2,True
190,2013-01-18 00:00:00,2013-01-18,54.6,HUMEDO,LATAS,2,True
193,2013-01-18 00:00:00,2013-01-18,41.9,HUMEDO,LATAS,2,True
43,2013-01-18 00:00:00,2013-01-18,46.5,HUMEDO,LATAS,2,True
N013,2013-01-18 00:00:00,2013-01-18,50.3,HUMEDO,LATAS,2,True
246,2013-01-18 00:00:00,2013-01-18,21.8,HUMEDO,LATAS,2,True
N009,2013-01-18 00:00:00,2013-01-18,3.1,HUMEDO,LATAS,2,True
293,2013-01-18 00:00:00,2013-01-18,92.2,HUMEDO,LATAS,2,True
202,2013-01-18 00:00:00,2013-01-18,579.7,HUMEDO,LATAS,2,True
294,2013-01-18 00:00:00,2013-01-18,15.6,HUMEDO,LATAS,2,True
251,2013-01-19 00:00:00,2013-01-19,13.7,HUMEDO,LATAS,2,True
272,2013-01-19 00:00:00,2013-01-19,100.8,HUMEDO,LATAS,2,True
368,2013-01-19 00:00:00,2013-01-19,98.4,HUMEDO,LATAS,2,True
N001,2013-01-19 00:00:00,2013-01-19,158.1,HUMEDO,LATAS,2,True
23,2013-01-19 00:00:00,2013-01-19,75.7,HUMEDO,LATAS,2,True
354,2013-01-19 00:00:00,2013-01-19,1.0,HUMEDO,LATAS,2,True
29,2013-01-20 00:00:00,2013-01-20,93.6,HUMEDO,LATAS,2,True
200,2013-01-20 00:00:00,2013-01-20,24.9,HUMEDO,LATAS,2,True
246,2013-01-20 00:00:00,2013-01-20,8.0,HUMEDO,LATAS,2,True
47,2013-01-20 00:00:00,2013-01-20,11.6,HUMEDO,LATAS,2,True
347,2013-01-20 00:00:00,2013-01-20,183.1,HUMEDO,LATAS,2,True
310,2013-01-20 00:00:00,2013-01-20,68.4,HUMEDO,LATAS,2,True
127,2013-01-21 00:00:00,2013-01-21,50.7,HUMEDO,LATAS,2,True
392,2013-01-21 00:00:00,2013-01-21,18.1,HUMEDO,LATAS,2,True
332,2013-01-21 00:00:00,2013-01-21,25.5,HUMEDO,LATAS,2,True
N014,2013-01-21 00:00:00,2013-01-21,252.8,HUMEDO,LATAS,2,True
365,2013-01-21 00:00:00,2013-01-21,95.5,HUMEDO,LATAS,2,True
N003,2013-01-21 00:00:00,2013-01-21,152.6,HUMEDO,LATAS,2,True
227,2013-01-21 00:00:00,2013-01-21,36.2,HUMEDO,LATAS,2,True
300,2013-01-22 00:00:00,2013-01-22,17.2,HUMEDO,LATAS,2,True
238,2013-01-22 00:00:00,2013-01-22,41.7,HUMEDO,LATAS,2,True
230,2013-01-22 00:00:00,2013-01-22,17.2,HUMEDO,LATAS,2,True
N013,2013-01-22 00:00:00,2013-01-22,44.0,HUMEDO,LATAS,2,True
N007,2013-01-22 00:00:00,2013-01-22,111.9,HUMEDO,LATAS,2,True
289,2013-01-22 00:00:00,2013-01-22,137.8,HUMEDO,LATAS,2,True
277,2013-01-22 00:00:00,2013-01-22,229.1,HUMEDO,LATAS,2,True
387,2013-01-23 00:00:00,2013-01-23,234.8,HUMEDO,LATAS,2,True
82,2013-01-23 00:00:00,2013-01-23,33.2,HUMEDO,LATAS,2,True
N016,2013-01-23 00:00:00,2013-01-23,65.8,HUMEDO,LATAS,2,True
157,2013-01-23 00:00:00,2013-01-23,94.4,HUMEDO,LATAS,2,True
291,2013-01-23 00:00:00,2013-01-23,19.8,HUMEDO,LATAS,2,True
17,2013-01-24 00:00:00,2013-01-24,85.0,HUMEDO,LATAS,2,True
29,2013-01-24 00:00:00,2013-01-24,9.4,HUMEDO,LATAS,2,True
N016,2013-01-24 00:00:00,2013-01-24,50.3,HUMEDO,LATAS,2,True
175,2013-01-24 00:00:00,2013-01-24,96.5,HUMEDO,LATAS,2,True
235,2013-01-24 00:00:00,2013-01-24,42.7,HUMEDO,LATAS,2,True
338,2013-01-24 00:00:00,2013-01-24,85.9,HUMEDO,LATAS,2,True
219,2013-01-24 00:00:00,2013-01-24,38.7,HUMEDO,LATAS,2,True
83,2013-01-24 00:00:00,2013-01-24,53.0,HUMEDO,LATAS,2,True
374,2013-01-24 00:00:00,2013-01-24,9.9,HUMEDO,LATAS,2,True
84,2013-01-24 00:00:00,2013-01-24,50.4,HUMEDO,LATAS,2,True
392,2013-01-24 00:00:00,2013-01-24,5.7,HUMEDO,LATAS,2,True
235,2013-01-25 00:00:00,2013-01-25,17.5,HUMEDO,LATAS,2,True
227,2013-01-25 00:00:00,2013-01-25,54.9,HUMEDO,LATAS,2,True
364,2013-01-25 00:00:00,2013-01-25,5.2,HUMEDO,LATAS,2,True
380,2013-01-25 00:00:00,2013-01-25,5.5,HUMEDO,LATAS,2,True
56,2013-01-25 00:00:00,2013-01-25,21.1,HUMEDO,LATAS,2,True
400,2013-01-25 00:00:00,2013-01-25,36.7,HUMEDO,LATAS,2,True
354,2013-01-25 00:00:00,2013-01-25,67.4,HUMEDO,LATAS,2,True
173,2013-01-25 00:00:00,2013-01-25,130.8,HUMEDO,LATAS,2,True
332,2013-01-25 00:00:00,2013-01-25,25.0,HUMEDO,LATAS,2,True
233,2013-01-25 00:00:00,2013-01-25,49.9,HUMEDO,LATAS,2,True
261,2013-01-25 00:00:00,2013-01-25,5.8,HUMEDO,LATAS,2,True
237,2013-01-25 00:00:00,2013-01-25,29.9,HUMEDO,LATAS,2,True
113,2013-01-25 00:00:00,2013-01-25,50.9,HUMEDO,LATAS,2,True
48,2013-01-25 00:00:00,2013-01-25,41.6,HUMEDO,LATAS,2,True
249,2013-01-26 00:00:00,2013-01-26,62.1,HUMEDO,LATAS,2,True
365,2013-01-26 00:00:00,2013-01-26,113.7,HUMEDO,LATAS,2,True
375,2013-01-26 00:00:00,2013-01-26,246.3,HUMEDO,LATAS,2,True
N002,2013-01-26 00:00:00,2013-01-26,564.8,HUMEDO,LATAS,2,True
236,2013-01-26 00:00:00,2013-01-26,482.6,HUMEDO,LATAS,2,True
48,2013-01-28 00:00:00,2013-01-28,391.3,HUMEDO,LATAS,2,True
56,2013-01-28 00:00:00,2013-01-28,241.3,HUMEDO,LATAS,2,True
157,2013-01-28 00:00:00,2013-01-28,145.0,HUMEDO,LATAS,2,True
17,2013-01-28 00:00:00,2013-01-28,81.3,HUMEDO,LATAS,2,True
23,2013-01-28 00:00:00,2013-01-28,90.0,HUMEDO,LATAS,2,True
33,2013-01-28 00:00:00,2013-01-28,136.8,HUMEDO,LATAS,2,True
261,2013-01-28 00:00:00,2013-01-28,79.3,HUMEDO,LATAS,2,True
281,2013-01-30 00:00:00,2013-01-30,131.5,HUMEDO,LATAS,2,True
N011,2013-01-30 00:00:00,2013-01-30,177.5,HUMEDO,LATAS,2,True
259,2013-01-30 00:00:00,2013-01-30,238.7,HUMEDO,LATAS,2,True
29,2013-01-30 00:00:00,2013-01-30,1.3,HUMEDO,LATAS,2,True
300,2013-01-30 00:00:00,2013-01-30,43.4,HUMEDO,LATAS,2,True
56,2013-01-30 00:00:00,2013-01-30,133.7,HUMEDO,LATAS,2,True
365,2013-01-31 00:00:00,2013-01-31,1.1,HUMEDO,LATAS,2,True
127,2013-01-31 00:00:00,2013-01-31,42.8,HUMEDO,LATAS,2,True
293,2013-01-31 00:00:00,2013-01-31,2.2,HUMEDO,LATAS,2,True
193,2013-01-31 00:00:00,2013-01-31,17.9,HUMEDO,LATAS,2,True
351,2013-01-31 00:00:00,2013-01-31,53.9,HUMEDO,LATAS,2,True
119,2013-01-31 00:00:00,2013-01-31,112.8,HUMEDO,LATAS,2,True
157,2013-01-31 00:00:00,2013-01-31,3.9,HUMEDO,LATAS,2,True
29,2013-01-31 00:00:00,2013-01-31,148.3,HUMEDO,LATAS,2,True
N001,2013-01-31 00:00:00,2013-01-31,68.5,HUMEDO,LATAS,2,True
N011,2013-01-31 00:00:00,2013-01-31,11.0,HUMEDO,LATAS,2,True
124,2013-01-31 00:00:00,2013-01-31,7.4,HUMEDO,LATAS,2,True
379,2013-01-31 00:00:00,2013-01-31,32.4,HUMEDO,LATAS,2,True
N010,2013-01-31 00:00:00,2013-01-31,6.9,HUMEDO,LATAS,2,True
114,2013-02-01 00:00:00,2013-02-01,73.5,HUMEDO,LATAS,2,True
255,2013-02-01 00:00:00,2013-02-01,153.1,HUMEDO,LATAS,2,True
231,2013-02-01 00:00:00,2013-02-01,36.8,HUMEDO,LATAS,2,True
281,2013-02-01 00:00:00,2013-02-01,65.4,HUMEDO,LATAS,2,True
79,2013-02-02 00:00:00,2013-02-02,70.1,HUMEDO,LATAS,2,True
231,2013-02-02 00:00:00,2013-02-02,45.9,HUMEDO,LATAS,2,True
187,2013-02-02 00:00:00,2013-02-02,68.0,HUMEDO,LATAS,2,True
364,2013-02-02 00:00:00,2013-02-02,16.0,HUMEDO,LATAS,2,True
395,2013-02-02 00:00:00,2013-02-02,23.4,HUMEDO,LATAS,2,True
N015,2013-02-02 00:00:00,2013-02-02,155.4,HUMEDO,LATAS,2,True
356,2013-02-02 00:00:00,2013-02-02,25.0,HUMEDO,LATAS,2,True
N001,2013-02-03 00:00:00,2013-02-03,184.8,HUMEDO,LATAS,2,True
335,2013-02-03 00:00:00,2013-02-03,212.8,HUMEDO,LATAS,2,True
175,2013-02-03 00:00:00,2013-02-03,4.9,HUMEDO,LATAS,2,True
227,2013-02-03 00:00:00,2013-02-03,126.6,HUMEDO,LATAS,2,True
281,2013-02-03 00:00:00,2013-02-03,104.8,HUMEDO,LATAS,2,True
261,2013-02-04 00:00:00,2013-02-04,26.9,HUMEDO,LATAS,2,True
356,2013-02-04 00:00:00,2013-02-04,21.5,HUMEDO,LATAS,2,True
365,2013-02-04 00:00:00,2013-02-04,17.5,HUMEDO,LATAS,2,True
185,2013-02-04 00:00:00,2013-02-04,11.9,HUMEDO,LATAS,2,True
332,2013-02-04 00:00:00,2013-02-04,33.4,HUMEDO,LATAS,2,True
83,2013-02-04 00:00:00,2013-02-04,48.8,HUMEDO,LATAS,2,True
271,2013-02-04 00:00:00,2013-02-04,67.6,HUMEDO,LATAS,2,True
186,2013-02-04 00:00:00,2013-02-04,36.8,HUMEDO,LATAS,2,True
137,2013-02-04 00:00:00,2013-02-04,37.0,HUMEDO,LATAS,2,True
259,2013-02-04 00:00:00,2013-02-04,57.8,HUMEDO,LATAS,2,True
400,2013-02-04 00:00:00,2013-02-04,19.0,HUMEDO,LATAS,2,True
353,2013-02-04 00:00:00,2013-02-04,19.0,HUMEDO,LATAS,2,True
236,2013-02-05 00:00:00,2013-02-05,168.3,HUMEDO,LATAS,2,True
79,2013-02-05 00:00:00,2013-02-05,50.9,HUMEDO,LATAS,2,True
N010,2013-02-05 00:00:00,2013-02-05,37.3,HUMEDO,LATAS,2,True
272,2013-02-05 00:00:00,2013-02-05,1.2,HUMEDO,LATAS,2,True
N002,2013-02-05 00:00:00,2013-02-05,40.4,HUMEDO,LATAS,2,True
338,2013-02-05 00:00:00,2013-02-05,13.7,HUMEDO,LATAS,2,True
83,2013-02-05 00:00:00,2013-02-05,135.4,HUMEDO,LATAS,2,True
173,2013-02-05 00:00:00,2013-02-05,85.5,HUMEDO,LATAS,2,True
84,2013-02-06 00:00:00,2013-02-06,83.1,HUMEDO,LATAS,2,True
259,2013-02-06 00:00:00,2013-02-06,6.3,HUMEDO,LATAS,2,True
353,2013-02-06 00:00:00,2013-02-06,4.0,HUMEDO,LATAS,2,True
N004,2013-02-06 00:00:00,2013-02-06,108.5,HUMEDO,LATAS,2,True
127,2013-02-06 00:00:00,2013-02-06,122.3,HUMEDO,LATAS,2,True
338,2013-02-06 00:00:00,2013-02-06,25.9,HUMEDO,LATAS,2,True
48,2013-02-06 00:00:00,2013-02-06,35.7,HUMEDO,LATAS,2,True
137,2013-02-06 00:00:00,2013-02-06,40.2,HUMEDO,LATAS,2,True
N005,2013-02-08 00:00:00,2013-02-08,90.5,HUMEDO,LATAS,2,True
17,2013-02-08 00:00:00,2013-02-08,2.5,HUMEDO,LATAS,2,True
235,2013-02-08 00:00:00,2013-02-08,483.9,HUMEDO,LATAS,2,True
186,2013-02-08 00:00:00,2013-02-08,366.2,HUMEDO,LATAS,2,True
233,2013-02-09 00:00:00,2013-02-09,244.0,HUMEDO,LATAS,2,True
294,2013-02-09 00:00:00,2013-02-09,61.2,HUMEDO,LATAS,2,True
382,2013-02-09 00:00:00,2013-02-09,2.4,HUMEDO,LATAS,2,True
374,2013-02-09 00:00:00,2013-02-09,3.2,HUMEDO,LATAS,2,True
249,2013-02-09 00:00:00,2013-02-09,33.3,HUMEDO,LATAS,2,True
289,2013-02-09 00:00:00,2013-02-09,182.5,HUMEDO,LATAS,2,True
N009,2013-02-09 00:00:00,2013-02-09,84.4,HUMEDO,LATAS,2,True
177,2013-02-09 00:00:00,2013-02-09,65.7,HUMEDO,LATAS,2,True
395,2013-02-10 00:00:00,2013-02-10,391.3,HUMEDO,LATAS,2,True
219,2013-02-10 00:00:00,2013-02-10,21.4,HUMEDO,LATAS,2,True
N010,2013-02-10 00:00:00,2013-02-10,66.5,HUMEDO,LATAS,2,True
N002,2013-02-10 00:00:00,2013-02-10,51.2,HUMEDO,LATAS,2,True
118,2013-02-10 00:00:00,2013-02-10,326.4,HUMEDO,LATAS,2,True
291,2013-02-10 00:00:00,2013-02-10,5.3,HUMEDO,LATAS,2,True
382,2013-02-10 00:00:00,2013-02-10,50.8,HUMEDO,LATAS,2,True
54,2013-02-10 00:00:00,2013-02-10,12.0,HUMEDO,LATAS,2,True
282,2013-02-10 00:00:00,2013-02-10,1.0,HUMEDO,LATAS,2,True
251,2013-02-11 00:00:00,2013-02-11,181.3,HUMEDO,LATAS,2,True
54,2013-02-11 00:00:00,2013-02-11,26.3,HUMEDO,LATAS,2,True
375,2013-02-11 00:00:00,2013-02-11,11.0,HUMEDO,LATAS,2,True
273,2013-02-11 00:00:00,2013-02-11,28.8,HUMEDO,LATAS,2,True
353,2013-02-11 00:00:00,2013-02-11,80.8,HUMEDO,LATAS,2,True
228,2013-02-11 00:00:00,2013-02-11,11.7,HUMEDO,LATAS,2,True
371,2013-02-11 00:00:00,2013-02-11,4.9,HUMEDO,LATAS,2,True
350,2013-02-11 00:00:00,2013-02-11,84.7,HUMEDO,LATAS,2,True
187,2013-02-11 00:00:00,2013-02-11,74.9,HUMEDO,LATAS,2,True
380,2013-02-11 00:00:00,2013-02-11,66.7,HUMEDO,LATAS,2,True
124,2013-02-11 00:00:00,2013-02-11,27.9,HUMEDO,LATAS,2,True
373,2013-02-11 00:00:00,2013-02-11,62.4,HUMEDO,LATAS,2,True
226,2013-02-12 00:00:00,2013-02-12,62.3,HUMEDO,LATAS,2,True
157,2013-02-12 00:00:00,2013-02-12,85.6,HUMEDO,LATAS,2,True
276,2013-02-12 00:00:00,2013-02-12,2.6,HUMEDO,LATAS,2,True
119,2013-02-12 00:00:00,2013-02-12,61.2,HUMEDO,LATAS,2,True
400,2013-02-12 00:00:00,2013-02-12,2.9,HUMEDO,LATAS,2,True
353,2013-02-12 00:00:00,2013-02-12,72.1,HUMEDO,LATAS,2,True
271,2013-02-12 00:00:00,2013-02-12,53.2,HUMEDO,LATAS,2,True
202,2013-02-12 00:00:00,2013-02-12,15.9,HUMEDO,LATAS,2,True
253,2013-02-14 00:00:00,2013-02-14,62.9,HUMEDO,LATAS,2,True
233,2013-02-14 00:00:00,2013-02-14,25.3,HUMEDO,LATAS,2,True
380,2013-02-14 00:00:00,2013-02-14,10.8,HUMEDO,LATAS,2,True
N003,2013-02-14 00:00:00,2013-02-14,9.5,HUMEDO,LATAS,2,True
335,2013-02-14 00:00:00,2013-02-14,28.7,HUMEDO,LATAS,2,True
119,2013-02-14 00:00:00,2013-02-14,58.8,HUMEDO,LATAS,2,True
227,2013-02-14 00:00:00,2013-02-14,7.1,HUMEDO,LATAS,2,True
332,2013-02-14 00:00:00,2013-02-14,15.2,HUMEDO,LATAS,2,True
277,2013-02-14 00:00:00,2013-02-14,18.8,HUMEDO,LATAS,2,True
288,2013-02-14 00:00:00,2013-02-14,62.0,HUMEDO,LATAS,2,True
83,2013-02-15 00:00:00,2013-02-15,880.3,HUMEDO,LATAS,2,True
294,2013-02-15 00:00:00,2013-02-15,704.3,HUMEDO,LATAS,2,True
349,2013-02-16 00:00:00,2013-02-16,64.0,HUMEDO,LATAS,2,True
187,2013-02-16 00:00:00,2013-02-16,434.5,HUMEDO,LATAS,2,True
365,2013-02-17 00:00:00,2013-02-17,119.8,HUMEDO,LATAS,2,True
288,2013-02-17 00:00:00,2013-02-17,51.3,HUMEDO,LATAS,2,True
251,2013-02-17 00:00:00,2013-02-17,4.7,HUMEDO,LATAS,2,True
82,2013-02-17 00:00:00,2013-02-17,145.9,HUMEDO,LATAS,2,True
185,2013-02-17 00:00:00,2013-02-17,39.8,HUMEDO,LATAS,2,True
379,2013-02-17 00:00:00,2013-02-17,45.4,HUMEDO,LATAS,2,True
351,2013-02-18 00:00:00,2013-02-18,99.6,HUMEDO,LATAS,2,True
N014,2013-02-18 00:00:00,2013-02-18,154.9,HUMEDO,LATAS,2,True
236,2013-02-18 00:00:00,2013-02-18,89.0,HUMEDO,LATAS,2,True
230,2013-02-18 00:00:00,2013-02-18,337.1,HUMEDO,LATAS,2,True
228,2013-02-18 00:00:00,2013-02-18,75.3,HUMEDO,LATAS,2,True
397,2013-02-18 00:00:00,2013-02-18,106.3,HUMEDO,LATAS,2,True
399,2013-02-18 00:00:00,2013-02-18,76.1,HUMEDO,LATAS,2,True
251,2013-02-19 00:00:00,2013-02-19,10.6,HUMEDO,LATAS,2,True
N011,2013-02-19 00:00:00,2013-02-19,39.6,HUMEDO,LATAS,2,True
219,2013-02-19 00:00:00,2013-02-19,32.7,HUMEDO,LATAS,2,True
273,2013-02-19 00:00:00,2013-02-19,38.2,HUMEDO,LATAS,2,True
399,2013-02-19 00:00:00,2013-02-19,27.9,HUMEDO,LATAS,2,True
344,2013-02-19 00:00:00,2013-02-19,16.7,HUMEDO,LATAS,2,True
233,2013-02-19 00:00:00,2013-02-19,373.6,HUMEDO,LATAS,2,True
82,2013-02-20 00:00:00,2013-02-20,5.2,HUMEDO,LATAS,2,True
119,2013-02-20 00:00:00,2013-02-20,100.6,HUMEDO,LATAS,2,True
23,2013-02-20 00:00:00,2013-02-20,288.2,HUMEDO,LATAS,2,True
N006,2013-02-20 00:00:00,2013-02-20,72.3,HUMEDO,LATAS,2,True
259,2013-02-20 00:00:00,2013-02-20,8.1,HUMEDO,LATAS,2,True
350,2013-02-20 00:00:00,2013-02-20,112.7,HUMEDO,LATAS,2,True
237,2013-02-20 00:00:00,2013-02-20,101.0,HUMEDO,LATAS,2,True
46,2013-02-20 00:00:00,2013-02-20,187.4,HUMEDO,LATAS,2,True
127,2013-02-20 00:00:00,2013-02-20,31.4,HUMEDO,LATAS,2,True
N015,2013-02-21 00:00:00,2013-02-21,15.2,HUMEDO,LATAS,2,True
300,2013-02-21 00:00:00,2013-02-21,47.2,HUMEDO,LATAS,2,True
235,2013-02-21 00:00:00,2013-02-21,54.3,HUMEDO,LATAS,2,True
7,2013-02-21 00:00:00,2013-02-21,117.6,HUMEDO,LATAS,2,True
177,2013-02-21 00:00:00,2013-02-21,46.5,HUMEDO,LATAS,2,True
249,2013-02-21 00:00:00,2013-02-21,61.4,HUMEDO,LATAS,2,True
399,2013-02-21 00:00:00,2013-02-21,36.0,HUMEDO,LATAS,2,True
346,2013-02-21 00:00:00,2013-02-21,11.4,HUMEDO,LATAS,2,True
401,2013-02-22 00:00:00,2013-02-22,59.4,HUMEDO,LATAS,2,True
338,2013-02-22 00:00:00,2013-02-22,1.4,HUMEDO,LATAS,2,True
113,2013-02-22 00:00:00,2013-02-22,91.9,HUMEDO,LATAS,2,True
399,2013-02-22 00:00:00,2013-02-22,7.0,HUMEDO,LATAS,2,True
400,2013-02-22 00:00:00,2013-02-22,29.2,HUMEDO,LATAS,2,True
387,2013-02-22 00:00:00,2013-02-22,171.4,HUMEDO,LATAS,2,True
82,2013-02-22 00:00:00,2013-02-22,88.7,HUMEDO,LATAS,2,True
259,2013-02-22 00:00:00,2013-02-22,5.9,HUMEDO,LATAS,2,True
230,2013-02-22 00:00:00,2013-02-22,69.4,HUMEDO,LATAS,2,True
N010,2013-02-23 00:00:00,2013-02-23,45.4,HUMEDO,LATAS,2,True
N001,2013-02-23 00:00:00,2013-02-23,39.3,HUMEDO,LATAS,2,True
43,2013-02-23 00:00:00,2013-02-23,105.7,HUMEDO,LATAS,2,True
395,2013-02-23 00:00:00,2013-02-23,5.6,HUMEDO,LATAS,2,True
237,2013-02-23 00:00:00,2013-02-23,162.2,HUMEDO,LATAS,2,True
82,2013-02-23 00:00:00,2013-02-23,86.8,HUMEDO,LATAS,2,True
177,2013-02-23 00:00:00,2013-02-23,29.7,HUMEDO,LATAS,2,True
N014,2013-02-24 00:00:00,2013-02-24,30.9,HUMEDO,LATAS,2,True
267,2013-02-24 00:00:00,2013-02-24,5.5,HUMEDO,LATAS,2,True
289,2013-02-24 00:00:00,2013-02-24,150.3,HUMEDO,LATAS,2,True
46,2013-02-24 00:00:00,2013-02-24,12.8,HUMEDO,LATAS,2,True
119,2013-02-24 00:00:00,2013-02-24,7.2,HUMEDO,LATAS,2,True
202,2013-02-24 00:00:00,2013-02-24,11.5,HUMEDO,LATAS,2,True
157,2013-02-24 00:00:00,2013-02-24,10.8,HUMEDO,LATAS,2,True
351,2013-02-24 00:00:00,2013-02-24,26.7,HUMEDO,LATAS,2,True
288,2013-02-25 00:00:00,2013-02-25,118.3,HUMEDO,LATAS,2,True
56,2013-02-25 00:00:00,2013-02-25,214.3,HUMEDO,LATAS,2,True
219,2013-02-25 00:00:00,2013-02-25,232.7,HUMEDO,LATAS,2,True
190,2013-02-25 00:00:00,2013-02-25,152.2,HUMEDO,LATAS,2,True
291,2013-02-26 00:00:00,2013-02-26,126.7,HUMEDO,LATAS,2,True
113,2013-02-26 00:00:00,2013-02-26,58.1,HUMEDO,LATAS,2,True
56,2013-02-26 00:00:00,2013-02-26,21.3,HUMEDO,LATAS,2,True
226,2013-02-26 00:00:00,2013-02-26,23.4,HUMEDO,LATAS,2,True
234,2013-02-26 00:00:00,2013-02-26,33.8,HUMEDO,LATAS,2,True
281,2013-02-26 00:00:00,2013-02-26,9.7,HUMEDO,LATAS,2,True
397,2013-02-27 00:00:00,2013-02-27,27.6,HUMEDO,LATAS,2,True
277,2013-02-27 00:00:00,2013-02-27,6.5,HUMEDO,LATAS,2,True
226,2013-02-27 00:00:00,2013-02-27,70.1,HUMEDO,LATAS,2,True
246,2013-02-27 00:00:00,2013-02-27,31.2,HUMEDO,LATAS,2,True
395,2013-02-27 00:00:00,2013-02-27,105.4,HUMEDO,LATAS,2,True
278,2013-02-27 00:00:00,2013-02-27,61.8,HUMEDO,LATAS,2,True
351,2013-02-28 00:00:00,2013-02-28,16.9,HUMEDO,LATAS,2,True
310,2013-02-28 00:00:00,2013-02-28,1.7,HUMEDO,LATAS,2,True
114,2013-02-28 00:00:00,2013-02-28,1.8,HUMEDO,LATAS,2,True
261,2013-02-28 00:00:00,2013-02-28,5.8,HUMEDO,LATAS,2,True
172,2013-02-28 00:00:00,2013-02-28,9.7,SECO,LATAS,2,True
193,2013-02-28 00:00:00,2013-02-28,46.9,HUMEDO,LATAS,2,True
N008,2013-02-28 00:00:00,2013-02-28,1.0,HUMEDO,LATAS,2,True
371,2013-02-28 00:00:00,2013-02-28,3.8,HUMEDO,LATAS,2,True
251,2013-02-28 00:00:00,2013-02-28,94.0,HUMEDO,LATAS,2,True
228,2013-02-28 00:00:00,2013-02-28,7.6,HUMEDO,LATAS,2,True
236,2013-03-01 00:00:00,2013-03-01,13.4,HUMEDO,LATAS,2,True
228,2013-03-01 00:00:00,2013-03-01,11.4,HUMEDO,LATAS,2,True
172,2013-03-01 00:00:00,2013-03-01,18.4,HUMEDO,LATAS,2,True
86,2013-03-01 00:00:00,2013-03-01,13.1,HUMEDO,LATAS,2,True
N012,2013-03-01 00:00:00,2013-03-01,1.1,HUMEDO,LATAS,2,True
356,2013-03-01 00:00:00,2013-03-01,11.2,HUMEDO,LATAS,2,True
230,2013-03-01 00:00:00,2013-03-01,4.0,HUMEDO,LATAS,2,True
124,2013-03-01 00:00:00,2013-03-01,16.8,HUMEDO,LATAS,2,True
251,2013-03-01 00:00:00,2013-03-01,6.8,HUMEDO,LATAS,2,True
N007,2013-03-01 00:00:00,2013-03-01,1.4,HUMEDO,LATAS,2,True
79,2013-03-02 00:00:00,2013-03-02,18.8,HUMEDO,LATAS,2,True
395,2013-03-02 00:00:00,2013-03-02,1.1,HUMEDO,LATAS,2,True
344,2013-03-02 00:00:00,2013-03-02,23.0,HUMEDO,LATAS,2,True
346,2013-03-02 00:00:00,2013-03-02,1.3,HUMEDO,LATAS,2,True
356,2013-03-02 00:00:00,2013-03-02,1.4,HUMEDO,LATAS,2,True
267,2013-03-02 00:00:00,2013-03-02,1.3,HUMEDO,LATAS,2,True
255,2013-03-02 00:00:00,2013-03-02,1.0,HUMEDO,LATAS,2,True
374,2013-03-03 00:00:00,2013-03-03,23.7,HUMEDO,LATAS,2,True
14,2013-03-03 00:00:00,2013-03-03,13.2,HUMEDO,LATAS,2,True
237,2013-03-03 00:00:00,2013-03-03,48.8,HUMEDO,LATAS,2,True
182,2013-03-03 00:00:00,2013-03-03,8.3,HUMEDO,LATAS,2,True
249,2013-03-04 00:00:00,2013-03-04,2.5,HUMEDO,LATAS,2,True
187,2013-03-04 00:00:00,2013-03-04,26.2,HUMEDO,LATAS,2,True
N011,2013-03-04 00:00:00,2013-03-04,51.3,HUMEDO,LATAS,2,True
338,2013-03-04 00:00:00,2013-03-04,91.6,HUMEDO,LATAS,2,True
38,2013-03-04 00:00:00,2013-03-04,18.9,HUMEDO,LATAS,2,True
310,2013-03-04 00:00:00,2013-03-04,7.0,HUMEDO,LATAS,2,True
200,2013-03-06 00:00:00,2013-03-06,1.4,HUMEDO,LATAS,2,True
157,2013-03-06 00:00:00,2013-03-06,30.7,HUMEDO,LATAS,2,True
267,2013-03-06 00:00:00,2013-03-06,7.1,HUMEDO,LATAS,2,True
234,2013-03-06 00:00:00,2013-03-06,7.1,SECO,LATAS,2,True
46,2013-03-06 00:00:00,2013-03-06,25.8,HUMEDO,LATAS,2,True
56,2013-03-06 00:00:00,2013-03-06,32.1,HUMEDO,LATAS,2,True
N008,2013-03-06 00:00:00,2013-03-06,16.6,HUMEDO,LATAS,2,True
43,2013-03-07 00:00:00,2013-03-07,6.8,HUMEDO,LATAS,2,True
200,2013-03-07 00:00:00,2013-03-07,16.0,HUMEDO,LATAS,2,True
226,2013-03-07 00:00:00,2013-03-07,17.3,HUMEDO,LATAS,2,True
288,2013-03-07 00:00:00,2013-03-07,15.0,SECO,LATAS,2,True
332,2013-03-07 00:00:00,2013-03-07,6.2,HUMEDO,LATAS,2,True
114,2013-03-07 00:00:00,2013-03-07,4.5,HUMEDO,LATAS,2,True
291,2013-03-09 00:00:00,2013-03-09,40.5,HUMEDO,LATAS,2,True
288,2013-03-09 00:00:00,2013-03-09,19.9,HUMEDO,LATAS,2,True
84,2013-03-10 00:00:00,2013-03-10,1.0,HUMEDO,LATAS,2,True
267,2013-03-10 00:00:00,2013-03-10,1.9,HUMEDO,LATAS,2,True
395,2013-03-10 00:00:00,2013-03-10,2.6,HUMEDO,LATAS,2,True
354,2013-03-10 00:00:00,2013-03-10,19.9,HUMEDO,LATAS,2,True
351,2013-03-10 00:00:00,2013-03-10,4.6,HUMEDO,LATAS,2,True
79,2013-03-10 00:00:00,2013-03-10,19.9,HUMEDO,LATAS,2,True
33,2013-03-10 00:00:00,2013-03-10,7.1,HUMEDO,LATAS,2,True
401,2013-03-10 00:00:00,2013-03-10,2.3,HUMEDO,LATAS,2,True
246,2013-03-11 00:00:00,2013-03-11,18.3,HUMEDO,LATAS,2,True
118,2013-03-11 00:00:00,2013-03-11,13.9,HUMEDO,LATAS,2,True
291,2013-03-11 00:00:00,2013-03-11,30.6,HUMEDO,LATAS,2,True
255,2013-03-11 00:00:00,2013-03-11,19.8,HUMEDO,LATAS,2,True
247,2013-03-12 00:00:00,2013-03-12,7.9,HUMEDO,LATAS,2,True
251,2013-03-12 00:00:00,2013-03-12,21.3,HUMEDO,LATAS,2,True
401,2013-03-12 00:00:00,2013-03-12,5.4,HUMEDO,LATAS,2,True
368,2013-03-12 00:00:00,2013-03-12,30.3,HUMEDO,LATAS,2,True
227,2013-03-12 00:00:00,2013-03-12,7.8,HUMEDO,LATAS,2,True
85,2013-03-12 00:00:00,2013-03-12,9.8,HUMEDO,LATAS,2,True
N002,2013-03-13 00:00:00,2013-03-13,15.4,HUMEDO,LATAS,2,True
273,2013-03-13 00:00:00,2013-03-13,3.5,HUMEDO,LATAS,2,True
276,2013-03-13 00:00:00,2013-03-13,3.3,HUMEDO,LATAS,2,True
187,2013-03-13 00:00:00,2013-03-13,1.0,HUMEDO,LATAS,2,True
127,2013-03-13 00:00:00,2013-03-13,20.7,HUMEDO,LATAS,2,True
228,2013-03-13 00:00:00,2013-03-13,19.0,HUMEDO,LATAS,2,True
157,2013-03-13 00:00:00,2013-03-13,16.8,HUMEDO,LATAS,2,True
N014,2013-03-13 00:00:00,2013-03-13,1.9,HUMEDO,LATAS,2,True
N005,2013-03-13 00:00:00,2013-03-13,1.0,HUMEDO,LATAS,2,True
234,2013-03-15 00:00:00,2013-03-15,4.9,HUMEDO,LATAS,2,True
249,2013-03-15 00:00:00,2013-03-15,1.1,HUMEDO,LATAS,2,True
83,2013-03-15 00:00:00,2013-03-15,1.0,HUMEDO,LATAS,2,True
373,2013-03-15 00:00:00,2013-03-15,1.1,HUMEDO,LATAS,2,True
335,2013-03-15 00:00:00,2013-03-15,10.2,HUMEDO,LATAS,2,True
17,2013-03-15 00:00:00,2013-03-15,1.6,HUMEDO,LATAS,2,True
353,2013-03-15 00:00:00,2013-03-15,1.3,HUMEDO,LATAS,2,True
278,2013-03-15 00:00:00,2013-03-15,1.0,HUMEDO,LATAS,2,True
368,2013-03-15 00:00:00,2013-03-15,1.0,HUMEDO,LATAS,2,True
300,2013-03-15 00:00:00,2013-03-15,3.7,HUMEDO,LATAS,2,True
N003,2013-03-15 00:00:00,2013-03-15,1.0,HUMEDO,LATAS,2,True
200,2013-03-16 00:00:00,2013-03-16,20.6,HUMEDO,LATAS,2,True
350,2013-03-16 00:00:00,2013-03-16,40.4,HUMEDO,LATAS,2,True
175,2013-03-19 00:00:00,2013-03-19,8.0,HUMEDO,LATAS,2,True
392,2013-03-19 00:00:00,2013-03-19,4.2,HUMEDO,LATAS,2,True
364,2013-03-19 00:00:00,2013-03-19,1.1,HUMEDO,LATAS,2,True
379,2013-03-19 00:00:00,2013-03-19,4.2,HUMEDO,LATAS,2,True
267,2013-03-19 00:00:00,2013-03-19,1.5,HUMEDO,LATAS,2,True
373,2013-03-19 00:00:00,2013-03-19,1.6,HUMEDO,LATAS,2,True
276,2013-03-19 00:00:00,2013-03-19,16.7,HUMEDO,LATAS,2,True
N013,2013-03-19 00:00:00,2013-03-19,5.8,HUMEDO,LATAS,2,True
200,2013-03-19 00:00:00,2013-03-19,6.3,HUMEDO,LATAS,2,True
235,2013-03-19 00:00:00,2013-03-19,2.6,HUMEDO,LATAS,2,True
349,2013-03-19 00:00:00,2013-03-19,5.9,HUMEDO,LATAS,2,True
118,2013-03-19 00:00:00,2013-03-19,1.0,HUMEDO,LATAS,2,True
272,2013-03-20 00:00:00,2013-03-20,39.0,HUMEDO,LATAS,2,True
43,2013-03-20 00:00:00,2013-03-20,106.6,HUMEDO,LATAS,2,True
86,2013-03-20 00:00:00,2013-03-20,46.1,HUMEDO,LATAS,2,True
125,2013-03-20 00:00:00,2013-03-20,27.1,HUMEDO,LATAS,2,True
N011,2013-03-21 00:00:00,2013-03-21,40.2,HUMEDO,LATAS,2,True
185,2013-03-21 00:00:00,2013-03-21,26.0,HUMEDO,LATAS,2,True
N004,2013-03-21 00:00:00,2013-03-21,13.7,HUMEDO,LATAS,2,True
382,2013-03-21 00:00:00,2013-03-21,1.0,HUMEDO,LATAS,2,True
N015,2013-03-21 00:00:00,2013-03-21,28.0,HUMEDO,LATAS,2,True
281,2013-03-21 00:00:00,2013-03-21,29.1,HUMEDO,LATAS,2,True
175,2013-03-21 00:00:00,2013-03-21,12.0,HUMEDO,LATAS,2,True
351,2013-03-21 00:00:00,2013-03-21,3.6,HUMEDO,LATAS,2,True
186,2013-03-21 00:00:00,2013-03-21,61.6,HUMEDO,LATAS,2,True
182,2013-03-21 00:00:00,2013-03-21,50.1,HUMEDO,LATAS,2,True
273,2013-03-21 00:00:00,2013-03-21,15.2,HUMEDO,LATAS,2,True
86,2013-03-22 00:00:00,2013-03-22,95.4,HUMEDO,LATAS,2,True
177,2013-03-22 00:00:00,2013-03-22,33.0,HUMEDO,LATAS,2,True
43,2013-03-22 00:00:00,2013-03-22,15.6,HUMEDO,LATAS,2,True
247,2013-03-23 00:00:00,2013-03-23,1.1,HUMEDO,LATAS,2,True
79,2013-03-23 00:00:00,2013-03-23,10.2,HUMEDO,LATAS,2,True
125,2013-03-23 00:00:00,2013-03-23,10.9,HUMEDO,LATAS,2,True
119,2013-03-23 00:00:00,2013-03-23,52.6,HUMEDO,LATAS,2,True
249,2013-03-23 00:00:00,2013-03-23,6.9,HUMEDO,LATAS,2,True
N015,2013-03-24 00:00:00,2013-03-24,31.8,HUMEDO,LATAS,2,True
392,2013-03-24 00:00:00,2013-03-24,1.1,HUMEDO,LATAS,2,True
291,2013-03-24 00:00:00,2013-03-24,8.4,HUMEDO,LATAS,2,True
399,2013-03-24 00:00:00,2013-03-24,8.5,HUMEDO,LATAS,2,True
351,2013-03-24 00:00:00,2013-03-24,5.4,HUMEDO,LATAS,2,True
247,2013-03-24 00:00:00,2013-03-24,40.5,HUMEDO,LATAS,2,True
45,2013-03-25 00:00:00,2013-03-25,2.0,SECO,LATAS,2,True
235,2013-03-25 00:00:00,2013-03-25,12.1,HUMEDO,LATAS,2,True
237,2013-03-25 00:00:00,2013-03-25,1.0,HUMEDO,LATAS,2,True
N016,2013-03-25 00:00:00,2013-03-25,11.1,HUMEDO,LATAS,2,True
247,2013-03-25 00:00:00,2013-03-25,15.4,HUMEDO,LATAS,2,True
N012,2013-03-25 00:00:00,2013-03-25,8.2,HUMEDO,LATAS,2,True
177,2013-03-25 00:00:00,2013-03-25,8.2,HUMEDO,LATAS,2,True
124,2013-03-25 00:00:00,2013-03-25,43.2,HUMEDO,LATAS,2,True
56,2013-03-26 00:00:00,2013-03-26,15.8,HUMEDO,LATAS,2,True
396,2013-03-26 00:00:00,2013-03-26,15.0,HUMEDO,LATAS,2,True
247,2013-03-26 00:00:00,2013-03-26,5.0,HUMEDO,LATAS,2,True
374,2013-03-26 00:00:00,2013-03-26,1.6,HUMEDO,LATAS,2,True
353,2013-03-26 00:00:00,2013-03-26,25.7,HUMEDO,LATAS,2,True
380,2013-03-26 00:00:00,2013-03-26,10.2,HUMEDO,LATAS,2,True
190,2013-03-26 00:00:00,2013-03-26,9.1,HUMEDO,LATAS,2,True
368,2013-03-26 00:00:00,2013-03-26,5.3,HUMEDO,LATAS,2,True
177,2013-03-26 00:00:00,2013-03-26,6.8,HUMEDO,LATAS,2,True
N002,2013-03-26 00:00:00,2013-03-26,34.3,HUMEDO,LATAS,2,True
368,2013-03-27 00:00:00,2013-03-27,75.7,HUMEDO,LATAS,2,True
350,2013-03-27 00:00:00,2013-03-27,33.7,HUMEDO,LATAS,2,True
17,2013-03-27 00:00:00,2013-03-27,16.1,HUMEDO,LATAS,2,True
399,2013-03-27 00:00:00,2013-03-27,1.1,HUMEDO,LATAS,2,True
82,2013-03-27 00:00:00,2013-03-27,13.9,HUMEDO,LATAS,2,True
289,2013-03-28 00:00:00,2013-03-28,27.6,HUMEDO,LATAS,2,True
387,2013-03-28 00:00:00,2013-03-28,29.1,HUMEDO,LATAS,2,True
249,2013-03-28 00:00:00,2013-03-28,8.8,HUMEDO,LATAS,2,True
157,2013-03-28 00:00:00,2013-03-28,26.8,HUMEDO,LATAS,2,True
395,2013-03-28 00:00:00,2013-03-28,7.6,HUMEDO,LATAS,2,True
226,2013-03-29 00:00:00,2013-03-29,10.4,HUMEDO,LATAS,2,True
338,2013-03-29 00:00:00,2013-03-29,28.8,HUMEDO,LATAS,2,True
289,2013-03-29 00:00:00,2013-03-29,18.6,HUMEDO,LATAS,2,True
253,2013-03-29 00:00:00,2013-03-29,10.3,HUMEDO,LATAS,2,True
14,2013-03-29 00:00:00,2013-03-29,48.0,HUMEDO,LATAS,2,True
82,2013-03-29 00:00:00,2013-03-29,5.7,HUMEDO,LATAS,2,True
N013,2013-03-29 00:00:00,2013-03-29,33.3,HUMEDO,LATAS,2,True
N007,2013-03-29 00:00:00,2013-03-29,7.5,HUMEDO,LATAS,2,True
344,2013-03-29 00:00:00,2013-03-29,26.7,HUMEDO,LATAS,2,True
82,2013-03-30 00:00:00,2013-03-30,6.0,HUMEDO,LATAS,2,True
202,2013-03-30 00:00:00,2013-03-30,4.8,HUMEDO,LATAS,2,True
271,2013-03-30 00:00:00,2013-03-30,34.5,HUMEDO,LATAS,2,True
235,2013-03-30 00:00:00,2013-03-30,48.8,HUMEDO,LATAS,2,True
N010,2013-03-30 00:00:00,2013-03-30,7.4,HUMEDO,LATAS,2,True
186,2013-03-30 00:00:00,2013-03-30,25.9,HUMEDO,LATAS,2,True
293,2013-03-30 00:00:00,2013-03-30,11.4,HUMEDO,LATAS,2,True
185,2013-03-30 00:00:00,2013-03-30,1.3,HUMEDO,LATAS,2,True
190,2013-03-30 00:00:00,2013-03-30,8.9,HUMEDO,LATAS,2,True
219,2013-03-31 00:00:00,2013-03-31,21.1,HUMEDO,LATAS,2,True
187,2013-03-31 00:00:00,2013-03-31,1.0,HUMEDO,LATAS,2,True
14,2013-03-31 00:00:00,2013-03-31,2.1,HUMEDO,LATAS,2,True
379,2013-03-31 00:00:00,2013-03-31,7.6,HUMEDO,LATAS,2,True
54,2013-03-31 00:00:00,2013-03-31,14.3,HUMEDO,LATAS,2,True
272,2013-03-31 00:00:00,2013-03-31,25.0,HUMEDO,LATAS,2,True
113,2013-03-31 00:00:00,2013-03-31,3.2,HUMEDO,LATAS,2,True
N008,2013-04-07 00:00:00,2013-04-07,1.0,HUMEDO,LATAS,2,True
231,2013-04-07 00:00:00,2013-04-07,1.2,HUMEDO,QUINTALES,2,True
83,2013-04-07 00:00:00,2013-04-07,1.6,HUMEDO,LATAS,2,True
335,2013-04-07 00:00:00,2013-04-07,2.9,HUMEDO,LATAS,2,True
193,2013-04-07 00:00:00,2013-04-07,1.1,HUMEDO,LATAS,2,True
267,2013-04-13 00:00:00,2013-04-13,2.7,HUMEDO,LATAS,2,True
300,2013-04-13 00:00:00,2013-04-13,9.8,HUMEDO,LATAS,2,True
344,2013-04-13 00:00:00,2013-04-13,10.1,HUMEDO,LATAS,2,True
172,2013-04-13 00:00:00,2013-04-13,3.1,HUMEDO,LATAS,2,True
N003,2013-04-14 00:00:00,2013-04-14,1.1,HUMEDO,LATAS,2,True
356,2013-04-14 00:00:00,2013-04-14,12.7,HUMEDO,LATAS,2,True
219,2013-04-14 00:00:00,2013-04-14,4.6,HUMEDO,LATAS,2,True
281,2013-04-14 00:00:00,2013-04-14,7.3,HUMEDO,LATAS,2,True
177,2013-04-14 00:00:00,2013-04-14,3.0,HUMEDO,LATAS,2,True
276,2013-04-14 00:00:00,2013-04-14,3.5,SECO,LATAS,2,True
84,2013-04-14 00:00:00,2013-04-14,1.2,HUMEDO,LATAS,2,True
371,2013-04-15 00:00:00,2013-04-15,23.9,HUMEDO,LATAS,2,True
396,2013-04-15 00:00:00,2013-04-15,10.7,SECO,LATAS,2,True
79,2013-04-16 00:00:00,2013-04-16,1.1,HUMEDO,LATAS,2,True
236,2013-04-16 00:00:00,2013-04-16,1.0,HUMEDO,LATAS,2,True
185,2013-04-16 00:00:00,2013-04-16,1.0,HUMEDO,LATAS,2,True
382,2013-04-16 00:00:00,2013-04-16,1.0,HUMEDO,LATAS,2,True
23,2013-04-16 00:00:00,2013-04-16,3.5,HUMEDO,LATAS,2,True
364,2013-04-16 00:00:00,2013-04-16,2.7,HUMEDO,LATAS,2,True
281,2013-04-16 00:00:00,2013-04-16,1.1,HUMEDO,LATAS,2,True
395,2013-04-16 00:00:00,2013-04-16,1.4,HUMEDO,LATAS,2,True
N002,2013-04-16 00:00:00,2013-04-16,2.0,HUMEDO,LATAS,2,True
33,2013-04-16 00:00:00,2013-04-16,1.1,HUMEDO,LATAS,2,True
23,2013-05-09 00:00:00,2013-05-09,1.1,HUMEDO,LATAS,2,True
237,2013-05-09 00:00:00,2013-05-09,1.0,HUMEDO,LATAS,2,True
137,2013-05-09 00:00:00,2013-05-09,1.0,HUMEDO,LATAS,2,True
382,2013-05-09 00:00:00,2013-05-09,1.0,HUMEDO,LATAS,2,True
173,2013-05-09 00:00:00,2013-05-09,1.0,HUMEDO,LATAS,2,True
227,2013-05-09 00:00:00,2013-05-09,2.2,HUMEDO,LATAS,2,True
387,2013-05-09 00:00:00,2013-05-09,1.2,HUMEDO,LATAS,2,True
N003,2013-05-09 00:00:00,2013-05-09,1.0,HUMEDO,LATAS,2,True
182,2013-05-09 00:00:00,2013-05-09,2.1,HUMEDO,LATAS,2,True
N015,2013-05-09 00:00:00,2013-05-09,1.0,HUMEDO,LATAS,2,True
255,2013-05-27 00:00:00,2013-05-27,16.7,HUMEDO,LATAS,2,True
N008,2013-05-27 00:00:00,2013-05-27,18.3,HUMEDO,LATAS,2,True
56,2013-05-27 00:00:00,2013-05-27,16.7,HUMEDO,LATAS,2,True
396,2013-05-27 00:00:00,2013-05-27,42.1,HUMEDO,LATAS,2,True
172,2013-05-27 00:00:00,2013-05-27,19.4,HUMEDO,LATAS,2,True
310,2013-05-30 00:00:00,2013-05-30,50.6,HUMEDO,LATAS,2,True
288,2013-05-30 00:00:00,2013-05-30,38.9,HUMEDO,LATAS,2,True
364,2013-05-30 00:00:00,2013-05-30,30.5,HUMEDO,LATAS,2,True
282,2013-05-31 00:00:00,2013-05-31,11.7,SECO,LATAS,2,True
310,2013-05-31 00:00:00,2013-05-31,3.0,HUMEDO,LATAS,2,True
43,2013-05-31 00:00:00,2013-05-31,7.2,HUMEDO,LATAS,2,True
182,2013-05-31 00:00:00,2013-05-31,6.1,HUMEDO,LATAS,2,True
237,2013-05-31 00:00:00,2013-05-31,16.4,HUMEDO,LATAS,2,True
267,2013-10-01 00:00:00,2013-10-01,47.4,HUMEDO,LATAS,3,True
335,2013-10-01 00:00:00,2013-10-01,47.3,HUMEDO,LATAS,3,True
364,2013-10-02 00:00:00,2013-10-02,39.5,HUMEDO,LATAS,3,True
N013,2013-10-02 00:00:00,2013-10-02,28.3,HUMEDO,LATAS,3,True
105,2013-10-03 00:00:00,2013-10-03,1.0,HUMEDO,LATAS,3,True
N023,2013-10-03 00:00:00,2013-10-03,18.0,HUMEDO,LATAS,3,True
371,2013-10-03 00:00:00,2013-10-03,17.0,HUMEDO,LATAS,3,True
300,2013-10-03 00:00:00,2013-10-03,25.5,HUMEDO,LATAS,3,True
N012,2013-10-03 00:00:00,2013-10-03,12.2,HUMEDO,LATAS,3,True
247,2013-10-03 00:00:00,2013-10-03,78.9,HUMEDO,LATAS,3,True
230,2013-10-05 00:00:00,2013-10-05,25.2,HUMEDO,LATAS,3,True
N024,2013-10-05 00:00:00,2013-10-05,6.3,HUMEDO,LATAS,3,True
255,2013-10-05 00:00:00,2013-10-05,13.3,HUMEDO,LATAS,3,True
344,2013-10-05 00:00:00,2013-10-05,6.3,HUMEDO,LATAS,3,True
N020,2013-10-05 00:00:00,2013-10-05,20.8,HUMEDO,LATAS,3,True
350,2013-10-05 00:00:00,2013-10-05,16.0,HUMEDO,LATAS,3,True
255,2013-10-06 00:00:00,2013-10-06,9.3,HUMEDO,LATAS,3,True
47,2013-10-06 00:00:00,2013-10-06,29.6,HUMEDO,LATAS,3,True
236,2013-10-06 00:00:00,2013-10-06,66.1,HUMEDO,LATAS,3,True
N007,2013-10-06 00:00:00,2013-10-06,12.6,HUMEDO,LATAS,3,True
N024,2013-10-09 00:00:00,2013-10-09,1.0,HUMEDO,LATAS,3,True
7,2013-10-09 00:00:00,2013-10-09,8.1,HUMEDO,LATAS,3,True
231,2013-10-09 00:00:00,2013-10-09,6.8,HUMEDO,LATAS,3,True
380,2013-10-09 00:00:00,2013-10-09,136.4,HUMEDO,LATAS,3,True
364,2013-10-09 00:00:00,2013-10-09,19.9,HUMEDO,LATAS,3,True
137,2013-10-09 00:00:00,2013-10-09,15.1,HUMEDO,LATAS,3,True
350,2013-10-09 00:00:00,2013-10-09,1.7,HUMEDO,LATAS,3,True
33,2013-10-12 00:00:00,2013-10-12,8.2,HUMEDO,LATAS,3,True
365,2013-10-12 00:00:00,2013-10-12,191.9,HUMEDO,LATAS,3,True
23,2013-10-12 00:00:00,2013-10-12,4.8,HUMEDO,LATAS,3,True
395,2013-10-12 00:00:00,2013-10-12,53.8,HUMEDO,LATAS,3,True
48,2013-10-13 00:00:00,2013-10-13,8.2,HUMEDO,LATAS,3,True
127,2013-10-13 00:00:00,2013-10-13,92.1,HUMEDO,LATAS,3,True
N010,2013-10-13 00:00:00,2013-10-13,36.5,HUMEDO,LATAS,3,True
172,2013-10-13 00:00:00,2013-10-13,10.8,HUMEDO,LATAS,3,True
185,2013-10-13 00:00:00,2013-10-13,40.3,HUMEDO,LATAS,3,True
47,2013-10-14 00:00:00,2013-10-14,11.6,HUMEDO,LATAS,3,True
396,2013-10-14 00:00:00,2013-10-14,9.6,HUMEDO,LATAS,3,True
29,2013-10-14 00:00:00,2013-10-14,26.7,HUMEDO,LATAS,3,True
237,2013-10-14 00:00:00,2013-10-14,63.3,HUMEDO,LATAS,3,True
105,2013-10-14 00:00:00,2013-10-14,28.9,HUMEDO,LATAS,3,True
278,2013-10-14 00:00:00,2013-10-14,9.7,HUMEDO,LATAS,3,True
231,2013-10-14 00:00:00,2013-10-14,2.1,HUMEDO,LATAS,3,True
346,2013-10-17 00:00:00,2013-10-17,14.3,HUMEDO,LATAS,3,True
79,2013-10-17 00:00:00,2013-10-17,177.9,HUMEDO,LATAS,3,True
226,2013-10-17 00:00:00,2013-10-17,43.9,HUMEDO,LATAS,3,True
N006,2013-10-17 00:00:00,2013-10-17,103.8,HUMEDO,LATAS,3,True
N005,2013-10-17 00:00:00,2013-10-17,51.3,HUMEDO,LATAS,3,True
387,2013-10-18 00:00:00,2013-10-18,145.2,HUMEDO,LATAS,3,True
371,2013-10-18 00:00:00,2013-10-18,19.4,HUMEDO,LATAS,3,True
85,2013-10-18 00:00:00,2013-10-18,36.1,HUMEDO,LATAS,3,True
236,2013-10-18 00:00:00,2013-10-18,111.7,HUMEDO,LATAS,3,True
33,2013-10-18 00:00:00,2013-10-18,175.7,HUMEDO,LATAS,3,True
23,2013-10-18 00:00:00,2013-10-18,177.9,HUMEDO,LATAS,3,True
N004,2013-10-19 00:00:00,2013-10-19,1631.9,HUMEDO,LATAS,3,True
177,2013-10-19 00:00:00,2013-10-19,347.5,SECO,LATAS,3,True
N014,2013-10-20 00:00:00,2013-10-20,5.6,HUMEDO,LATAS,3,True
125,2013-10-20 00:00:00,2013-10-20,23.4,HUMEDO,LATAS,3,True
228,2013-10-20 00:00:00,2013-10-20,15.4,HUMEDO,LATAS,3,True
346,2013-10-20 00:00:00,2013-10-20,110.5,HUMEDO,LATAS,3,True
259,2013-10-20 00:00:00,2013-10-20,5.8,HUMEDO,LATAS,3,True
54,2013-10-20 00:00:00,2013-10-20,87.2,HUMEDO,LATAS,3,True
N010,2013-10-20 00:00:00,2013-10-20,11.2,HUMEDO,LATAS,3,True
272,2013-10-20 00:00:00,2013-10-20,10.4,HUMEDO,LATAS,3,True
79,2013-10-20 00:00:00,2013-10-20,38.5,HUMEDO,LATAS,3,True
N003,2013-10-20 00:00:00,2013-10-20,37.9,HUMEDO,LATAS,3,True
351,2013-10-20 00:00:00,2013-10-20,77.9,HUMEDO,LATAS,3,True
233,2013-10-20 00:00:00,2013-10-20,17.0,HUMEDO,LATAS,3,True
387,2013-10-20 00:00:00,2013-10-20,38.2,HUMEDO,LATAS,3,True
113,2013-10-20 00:00:00,2013-10-20,63.6,HUMEDO,LATAS,3,True
399,2013-10-20 00:00:00,2013-10-20,69.0,HUMEDO,LATAS,3,True
282,2013-10-20 00:00:00,2013-10-20,29.6,HUMEDO,LATAS,3,True
354,2013-10-21 00:00:00,2013-10-21,28.4,HUMEDO,LATAS,3,True
175,2013-10-21 00:00:00,2013-10-21,156.2,HUMEDO,LATAS,3,True
137,2013-10-21 00:00:00,2013-10-21,87.2,HUMEDO,LATAS,3,True
401,2013-10-21 00:00:00,2013-10-21,1.1,HUMEDO,LATAS,3,True
282,2013-10-21 00:00:00,2013-10-21,58.9,HUMEDO,LATAS,3,True
293,2013-10-21 00:00:00,2013-10-21,246.9,HUMEDO,LATAS,3,True
234,2013-10-21 00:00:00,2013-10-21,71.3,HUMEDO,LATAS,3,True
82,2013-10-21 00:00:00,2013-10-21,19.6,HUMEDO,LATAS,3,True
114,2013-10-22 00:00:00,2013-10-22,208.9,HUMEDO,LATAS,3,True
N005,2013-10-22 00:00:00,2013-10-22,96.6,HUMEDO,LATAS,3,True
84,2013-10-22 00:00:00,2013-10-22,307.0,HUMEDO,LATAS,3,True
185,2013-10-22 00:00:00,2013-10-22,61.2,HUMEDO,LATAS,3,True
N007,2013-10-22 00:00:00,2013-10-22,131.2,HUMEDO,LATAS,3,True
350,2013-10-22 00:00:00,2013-10-22,10.2,HUMEDO,LATAS,3,True
338,2013-10-22 00:00:00,2013-10-22,24.1,HUMEDO,LATAS,3,True
N020,2013-10-22 00:00:00,2013-10-22,182.5,HUMEDO,LATAS,3,True
219,2013-10-22 00:00:00,2013-10-22,44.5,HUMEDO,LATAS,3,True
251,2013-10-22 00:00:00,2013-10-22,12.2,HUMEDO,LATAS,3,True
85,2013-10-22 00:00:00,2013-10-22,267.1,HUMEDO,LATAS,3,True
N023,2013-10-23 00:00:00,2013-10-23,50.3,HUMEDO,LATAS,3,True
294,2013-10-23 00:00:00,2013-10-23,108.2,HUMEDO,LATAS,3,True
351,2013-10-23 00:00:00,2013-10-23,157.1,HUMEDO,LATAS,3,True
N016,2013-10-23 00:00:00,2013-10-23,111.8,HUMEDO,LATAS,3,True
310,2013-10-23 00:00:00,2013-10-23,44.3,HUMEDO,LATAS,3,True
291,2013-10-23 00:00:00,2013-10-23,5.9,HUMEDO,LATAS,3,True
N003,2013-10-24 00:00:00,2013-10-24,35.1,HUMEDO,LATAS,3,True
354,2013-10-24 00:00:00,2013-10-24,7.8,HUMEDO,LATAS,3,True
371,2013-10-24 00:00:00,2013-10-24,12.3,HUMEDO,LATAS,3,True
289,2013-10-24 00:00:00,2013-10-24,9.6,HUMEDO,LATAS,3,True
118,2013-10-24 00:00:00,2013-10-24,12.5,HUMEDO,LATAS,3,True
249,2013-10-24 00:00:00,2013-10-24,4.6,HUMEDO,LATAS,3,True
335,2013-10-24 00:00:00,2013-10-24,95.2,HUMEDO,LATAS,3,True
187,2013-10-24 00:00:00,2013-10-24,22.0,HUMEDO,LATAS,3,True
396,2013-10-24 00:00:00,2013-10-24,4.8,HUMEDO,LATAS,3,True
157,2013-10-24 00:00:00,2013-10-24,64.6,HUMEDO,LATAS,3,True
86,2013-10-24 00:00:00,2013-10-24,12.4,HUMEDO,LATAS,3,True
234,2013-10-25 00:00:00,2013-10-25,184.9,HUMEDO,LATAS,3,True
79,2013-10-25 00:00:00,2013-10-25,1331.0,HUMEDO,LATAS,3,True
249,2013-10-25 00:00:00,2013-10-25,321.3,HUMEDO,LATAS,3,True
N023,2013-10-25 00:00:00,2013-10-25,189.0,HUMEDO,LATAS,3,True
186,2013-10-25 00:00:00,2013-10-25,900.4,HUMEDO,LATAS,3,True
125,2013-10-25 00:00:00,2013-10-25,10.7,HUMEDO,LATAS,3,True
288,2013-10-25 00:00:00,2013-10-25,3180.3,HUMEDO,LATAS,3,True
N002,2013-10-26 00:00:00,2013-10-26,18.4,HUMEDO,LATAS,3,True
347,2013-10-26 00:00:00,2013-10-26,274.9,HUMEDO,LATAS,3,True
190,2013-10-26 00:00:00,2013-10-26,169.6,HUMEDO,LATAS,3,True
46,2013-10-26 00:00:00,2013-10-26,287.8,HUMEDO,LATAS,3,True
230,2013-10-26 00:00:00,2013-10-26,137.2,HUMEDO,LATAS,3,True
246,2013-10-26 00:00:00,2013-10-26,51.0,HUMEDO,LATAS,3,True
124,2013-10-26 00:00:00,2013-10-26,293.2,HUMEDO,LATAS,3,True
364,2013-10-26 00:00:00,2013-10-26,95.2,HUMEDO,LATAS,3,True
401,2013-10-26 00:00:00,2013-10-26,213.3,HUMEDO,LATAS,3,True
288,2013-10-26 00:00:00,2013-10-26,40.2,HUMEDO,LATAS,3,True
118,2013-10-26 00:00:00,2013-10-26,101.8,HUMEDO,LATAS,3,True
200,2013-10-27 00:00:00,2013-10-27,369.9,HUMEDO,LATAS,3,True
238,2013-10-27 00:00:00,2013-10-27,241.4,HUMEDO,LATAS,3,True
219,2013-10-27 00:00:00,2013-10-27,36.5,HUMEDO,LATAS,3,True
246,2013-10-27 00:00:00,2013-10-27,33.6,HUMEDO,LATAS,3,True
255,2013-10-27 00:00:00,2013-10-27,138.1,HUMEDO,LATAS,3,True
157,2013-10-27 00:00:00,2013-10-27,47.7,HUMEDO,LATAS,3,True
288,2013-10-28 00:00:00,2013-10-28,126.3,HUMEDO,LATAS,3,True
46,2013-10-28 00:00:00,2013-10-28,54.7,HUMEDO,LATAS,3,True
397,2013-10-28 00:00:00,2013-10-28,5.1,HUMEDO,LATAS,3,True
310,2013-10-28 00:00:00,2013-10-28,20.5,HUMEDO,LATAS,3,True
185,2013-10-28 00:00:00,2013-10-28,84.3,HUMEDO,LATAS,3,True
371,2013-10-28 00:00:00,2013-10-28,165.3,HUMEDO,LATAS,3,True
113,2013-10-30 00:00:00,2013-10-30,83.2,HUMEDO,LATAS,3,True
83,2013-10-30 00:00:00,2013-10-30,255.7,HUMEDO,LATAS,3,True
45,2013-10-30 00:00:00,2013-10-30,59.7,HUMEDO,LATAS,3,True
82,2013-10-30 00:00:00,2013-10-30,108.5,HUMEDO,LATAS,3,True
N024,2013-10-30 00:00:00,2013-10-30,120.3,HUMEDO,LATAS,3,True
267,2013-10-31 00:00:00,2013-10-31,79.6,HUMEDO,LATAS,3,True
335,2013-10-31 00:00:00,2013-10-31,22.7,HUMEDO,LATAS,3,True
7,2013-10-31 00:00:00,2013-10-31,95.9,HUMEDO,LATAS,3,True
N001,2013-10-31 00:00:00,2013-10-31,71.1,HUMEDO,LATAS,3,True
259,2013-10-31 00:00:00,2013-10-31,336.7,HUMEDO,LATAS,3,True
N020,2013-11-01 00:00:00,2013-11-01,14.3,HUMEDO,LATAS,3,True
33,2013-11-01 00:00:00,2013-11-01,126.8,HUMEDO,LATAS,3,True
276,2013-11-01 00:00:00,2013-11-01,51.3,HUMEDO,LATAS,3,True
228,2013-11-01 00:00:00,2013-11-01,26.5,HUMEDO,LATAS,3,True
278,2013-11-01 00:00:00,2013-11-01,90.1,HUMEDO,LATAS,3,True
125,2013-11-01 00:00:00,2013-11-01,1.0,HUMEDO,LATAS,3,True
200,2013-11-01 00:00:00,2013-11-01,12.7,HUMEDO,LATAS,3,True
251,2013-11-01 00:00:00,2013-11-01,31.3,HUMEDO,LATAS,3,True
281,2013-11-01 00:00:00,2013-11-01,4.8,HUMEDO,LATAS,3,True
392,2013-11-01 00:00:00,2013-11-01,31.3,HUMEDO,LATAS,3,True
219,2013-11-01 00:00:00,2013-11-01,17.5,HUMEDO,LATAS,3,True
234,2013-11-01 00:00:00,2013-11-01,9.2,HUMEDO,LATAS,3,True
N024,2013-11-02 00:00:00,2013-11-02,2.1,HUMEDO,LATAS,3,True
N004,2013-11-02 00:00:00,2013-11-02,75.8,HUMEDO,LATAS,3,True
261,2013-11-02 00:00:00,2013-11-02,82.4,HUMEDO,LATAS,3,True
47,2013-11-02 00:00:00,2013-11-02,6.7,HUMEDO,LATAS,3,True
233,2013-11-02 00:00:00,2013-11-02,17.7,HUMEDO,LATAS,3,True
185,2013-11-02 00:00:00,2013-11-02,4.2,HUMEDO,LATAS,3,True
344,2013-11-02 00:00:00,2013-11-02,77.6,HUMEDO,LATAS,3,True
338,2013-11-02 00:00:00,2013-11-02,17.6,HUMEDO,LATAS,3,True
351,2013-11-02 00:00:00,2013-11-02,40.3,HUMEDO,LATAS,3,True
338,2013-11-03 00:00:00,2013-11-03,2.4,HUMEDO,LATAS,3,True
23,2013-11-03 00:00:00,2013-11-03,34.1,HUMEDO,LATAS,3,True
38,2013-11-03 00:00:00,2013-11-03,20.8,HUMEDO,LATAS,3,True
259,2013-11-03 00:00:00,2013-11-03,3.6,HUMEDO,LATAS,3,True
395,2013-11-03 00:00:00,2013-11-03,96.2,HUMEDO,LATAS,3,True
187,2013-11-03 00:00:00,2013-11-03,11.9,HUMEDO,LATAS,3,True
202,2013-11-03 00:00:00,2013-11-03,12.1,HUMEDO,LATAS,3,True
172,2013-11-03 00:00:00,2013-11-03,5.1,HUMEDO,LATAS,3,True
395,2013-11-04 00:00:00,2013-11-04,14.8,HUMEDO,LATAS,3,True
300,2013-11-04 00:00:00,2013-11-04,16.5,HUMEDO,LATAS,3,True
364,2013-11-04 00:00:00,2013-11-04,29.7,HUMEDO,LATAS,3,True
124,2013-11-04 00:00:00,2013-11-04,30.5,HUMEDO,LATAS,3,True
353,2013-11-04 00:00:00,2013-11-04,84.6,HUMEDO,LATAS,3,True
227,2013-11-04 00:00:00,2013-11-04,2.8,HUMEDO,LATAS,3,True
288,2013-11-04 00:00:00,2013-11-04,39.7,HUMEDO,LATAS,3,True
374,2013-11-04 00:00:00,2013-11-04,62.0,HUMEDO,LATAS,3,True
253,2013-11-04 00:00:00,2013-11-04,2.1,HUMEDO,LATAS,3,True
246,2013-11-04 00:00:00,2013-11-04,6.2,HUMEDO,LATAS,3,True
177,2013-11-05 00:00:00,2013-11-05,225.1,HUMEDO,LATAS,3,True
46,2013-11-05 00:00:00,2013-11-05,91.8,HUMEDO,LATAS,3,True
219,2013-11-05 00:00:00,2013-11-05,161.3,HUMEDO,LATAS,3,True
347,2013-11-05 00:00:00,2013-11-05,102.7,HUMEDO,LATAS,3,True
46,2013-11-06 00:00:00,2013-11-06,65.9,HUMEDO,LATAS,3,True
N013,2013-11-06 00:00:00,2013-11-06,59.4,HUMEDO,LATAS,3,True
338,2013-11-06 00:00:00,2013-11-06,43.4,HUMEDO,LATAS,3,True
N005,2013-11-06 00:00:00,2013-11-06,92.6,HUMEDO,LATAS,3,True
373,2013-11-06 00:00:00,2013-11-06,2.4,HUMEDO,LATAS,3,True
N014,2013-11-07 00:00:00,2013-11-07,8.5,SECO,LATAS,3,True
349,2013-11-07 00:00:00,2013-11-07,43.2,HUMEDO,LATAS,3,True
N012,2013-11-07 00:00:00,2013-11-07,12.8,HUMEDO,LATAS,3,True
187,2013-11-07 00:00:00,2013-11-07,50.5,HUMEDO,LATAS,3,True
47,2013-11-07 00:00:00,2013-11-07,16.5,HUMEDO,LATAS,3,True
N024,2013-11-07 00:00:00,2013-11-07,69.6,HUMEDO,LATAS,3,True
N007,2013-11-07 00:00:00,2013-11-07,159.3,HUMEDO,LATAS,3,True
347,2013-11-08 00:00:00,2013-11-08,24.3,HUMEDO,LATAS,3,True
261,2013-11-08 00:00:00,2013-11-08,5.3,HUMEDO,LATAS,3,True
83,2013-11-08 00:00:00,2013-11-08,45.5,HUMEDO,LATAS,3,True
338,2013-11-08 00:00:00,2013-11-08,11.8,HUMEDO,LATAS,3,True
401,2013-11-08 00:00:00,2013-11-08,2.2,HUMEDO,LATAS,3,True
282,2013-11-08 00:00:00,2013-11-08,56.1,HUMEDO,LATAS,3,True
202,2013-11-08 00:00:00,2013-11-08,25.0,HUMEDO,LATAS,3,True
344,2013-11-09 00:00:00,2013-11-09,17.0,HUMEDO,LATAS,3,True
N012,2013-11-09 00:00:00,2013-11-09,35.2,HUMEDO,LATAS,3,True
273,2013-11-09 00:00:00,2013-11-09,127.1,HUMEDO,LATAS,3,True
187,2013-11-09 00:00:00,2013-11-09,72.7,HUMEDO,LATAS,3,True
338,2013-11-09 00:00:00,2013-11-09,11.9,HUMEDO,LATAS,3,True
N006,2013-11-09 00:00:00,2013-11-09,18.9,HUMEDO,LATAS,3,True
85,2013-11-09 00:00:00,2013-11-09,8.5,HUMEDO,LATAS,3,True
349,2013-11-10 00:00:00,2013-11-10,17.7,HUMEDO,LATAS,3,True
200,2013-11-10 00:00:00,2013-11-10,67.3,HUMEDO,LATAS,3,True
119,2013-11-10 00:00:00,2013-11-10,33.9,HUMEDO,LATAS,3,True
236,2013-11-10 00:00:00,2013-11-10,18.5,HUMEDO,LATAS,3,True
200,2013-11-11 00:00:00,2013-11-11,35.5,HUMEDO,LATAS,3,True
190,2013-11-11 00:00:00,2013-11-11,51.1,HUMEDO,LATAS,3,True
N010,2013-11-11 00:00:00,2013-11-11,13.8,HUMEDO,LATAS,3,True
157,2013-11-11 00:00:00,2013-11-11,184.8,HUMEDO,LATAS,3,True
289,2013-11-11 00:00:00,2013-11-11,4.5,HUMEDO,LATAS,3,True
157,2013-11-12 00:00:00,2013-11-12,29.4,HUMEDO,LATAS,3,True
185,2013-11-12 00:00:00,2013-11-12,36.2,HUMEDO,LATAS,3,True
353,2013-11-12 00:00:00,2013-11-12,2.8,HUMEDO,LATAS,3,True
17,2013-11-12 00:00:00,2013-11-12,11.3,HUMEDO,LATAS,3,True
219,2013-11-12 00:00:00,2013-11-12,8.2,HUMEDO,LATAS,3,True
177,2013-11-12 00:00:00,2013-11-12,10.8,HUMEDO,LATAS,3,True
379,2013-11-12 00:00:00,2013-11-12,118.3,HUMEDO,LATAS,3,True
45,2013-11-12 00:00:00,2013-11-12,17.4,HUMEDO,LATAS,3,True
335,2013-11-12 00:00:00,2013-11-12,26.7,HUMEDO,LATAS,3,True
N023,2013-11-13 00:00:00,2013-11-13,62.9,HUMEDO,LATAS,3,True
354,2013-11-13 00:00:00,2013-11-13,7.4,HUMEDO,LATAS,3,True
N019,2013-11-13 00:00:00,2013-11-13,2.0,HUMEDO,LATAS,3,True
46,2013-11-13 00:00:00,2013-11-13,33.1,HUMEDO,LATAS,3,True
124,2013-11-13 00:00:00,2013-11-13,5.4,HUMEDO,LATAS,3,True
190,2013-11-13 00:00:00,2013-11-13,46.2,HUMEDO,LATAS,3,True
353,2013-11-14 00:00:00,2013-11-14,64.4,HUMEDO,LATAS,3,True
235,2013-11-14 00:00:00,2013-11-14,13.4,HUMEDO,LATAS,3,True
234,2013-11-14 00:00:00,2013-11-14,55.5,HUMEDO,LATAS,3,True
175,2013-11-14 00:00:00,2013-11-14,30.8,HUMEDO,LATAS,3,True
N010,2013-11-14 00:00:00,2013-11-14,22.8,HUMEDO,LATAS,3,True
N009,2013-11-14 00:00:00,2013-11-14,62.2,HUMEDO,LATAS,3,True
186,2013-11-14 00:00:00,2013-11-14,86.8,HUMEDO,LATAS,3,True
271,2013-11-15 00:00:00,2013-11-15,33.1,HUMEDO,LATAS,3,True
N006,2013-11-15 00:00:00,2013-11-15,21.6,HUMEDO,LATAS,3,True
79,2013-11-15 00:00:00,2013-11-15,5.8,HUMEDO,LATAS,3,True
255,2013-11-15 00:00:00,2013-11-15,33.8,HUMEDO,LATAS,3,True
356,2013-11-15 00:00:00,2013-11-15,44.0,HUMEDO,LATAS,3,True
125,2013-11-15 00:00:00,2013-11-15,35.6,HUMEDO,LATAS,3,True
23,2013-11-16 00:00:00,2013-11-16,40.6,HUMEDO,LATAS,3,True
N006,2013-11-16 00:00:00,2013-11-16,5.3,HUMEDO,LATAS,3,True
193,2013-11-16 00:00:00,2013-11-16,15.7,HUMEDO,LATAS,3,True
N016,2013-11-16 00:00:00,2013-11-16,6.1,HUMEDO,LATAS,3,True
365,2013-11-16 00:00:00,2013-11-16,31.9,HUMEDO,LATAS,3,True
400,2013-11-16 00:00:00,2013-11-16,3.0,HUMEDO,LATAS,3,True
380,2013-11-16 00:00:00,2013-11-16,79.3,SECO,LATAS,3,True
276,2013-11-17 00:00:00,2013-11-17,1.0,HUMEDO,LATAS,3,True
237,2013-11-17 00:00:00,2013-11-17,45.5,HUMEDO,LATAS,3,True
17,2013-11-17 00:00:00,2013-11-17,11.4,HUMEDO,LATAS,3,True
356,2013-11-17 00:00:00,2013-11-17,2.3,HUMEDO,LATAS,3,True
82,2013-11-17 00:00:00,2013-11-17,1.3,HUMEDO,LATAS,3,True
N017,2013-11-17 00:00:00,2013-11-17,8.7,HUMEDO,LATAS,3,True
N016,2013-11-17 00:00:00,2013-11-17,5.9,HUMEDO,LATAS,3,True
N013,2013-11-17 00:00:00,2013-11-17,14.1,HUMEDO,LATAS,3,True
N009,2013-11-18 00:00:00,2013-11-18,41.0,HUMEDO,LATAS,3,True
N020,2013-11-18 00:00:00,2013-11-18,53.4,HUMEDO,LATAS,3,True
346,2013-11-18 00:00:00,2013-11-18,22.2,HUMEDO,LATAS,3,True
234,2013-11-18 00:00:00,2013-11-18,9.1,HUMEDO,LATAS,3,True
375,2013-11-18 00:00:00,2013-11-18,12.7,HUMEDO,LATAS,3,True
289,2013-11-18 00:00:00,2013-11-18,37.4,HUMEDO,LATAS,3,True
N006,2013-11-18 00:00:00,2013-11-18,20.2,HUMEDO,LATAS,3,True
380,2013-11-19 00:00:00,2013-11-19,18.6,HUMEDO,LATAS,3,True
373,2013-11-19 00:00:00,2013-11-19,45.7,HUMEDO,LATAS,3,True
N004,2013-11-19 00:00:00,2013-11-19,9.5,HUMEDO,LATAS,3,True
346,2013-11-19 00:00:00,2013-11-19,5.1,HUMEDO,LATAS,3,True
7,2013-11-19 00:00:00,2013-11-19,40.0,HUMEDO,LATAS,3,True
246,2013-11-19 00:00:00,2013-11-19,15.0,HUMEDO,LATAS,3,True
353,2013-11-20 00:00:00,2013-11-20,40.4,HUMEDO,LATAS,3,True
17,2013-11-20 00:00:00,2013-11-20,42.0,HUMEDO,LATAS,3,True
N004,2013-11-20 00:00:00,2013-11-20,27.0,HUMEDO,LATAS,3,True
277,2013-11-20 00:00:00,2013-11-20,49.0,HUMEDO,LATAS,3,True
150,2013-11-20 00:00:00,2013-11-20,14.8,HUMEDO,LATAS,3,True
N003,2013-11-20 00:00:00,2013-11-20,46.7,HUMEDO,LATAS,3,True
230,2013-11-20 00:00:00,2013-11-20,22.6,HUMEDO,LATAS,3,True
200,2013-11-21 00:00:00,2013-11-21,222.2,HUMEDO,LATAS,3,True
255,2013-11-21 00:00:00,2013-11-21,125.5,HUMEDO,LATAS,3,True
349,2013-11-21 00:00:00,2013-11-21,77.8,HUMEDO,LATAS,3,True
354,2013-11-21 00:00:00,2013-11-21,63.7,HUMEDO,LATAS,3,True
253,2013-11-21 00:00:00,2013-11-21,56.2,HUMEDO,LATAS,3,True
246,2013-11-21 00:00:00,2013-11-21,232.1,HUMEDO,LATAS,3,True
48,2013-11-21 00:00:00,2013-11-21,60.2,HUMEDO,LATAS,3,True
375,2013-11-21 00:00:00,2013-11-21,139.9,HUMEDO,LATAS,3,True
N023,2013-11-22 00:00:00,2013-11-22,6.0,HUMEDO,LATAS,3,True
273,2013-11-22 00:00:00,2013-11-22,178.7,HUMEDO,LATAS,3,True
335,2013-11-22 00:00:00,2013-11-22,3.5,HUMEDO,LATAS,3,True
234,2013-11-22 00:00:00,2013-11-22,1.0,HUMEDO,LATAS,3,True
344,2013-11-22 00:00:00,2013-11-22,113.9,HUMEDO,LATAS,3,True
310,2013-11-22 00:00:00,2013-11-22,9.5,HUMEDO,LATAS,3,True
N005,2013-11-22 00:00:00,2013-11-22,127.2,HUMEDO,LATAS,3,True
259,2013-11-22 00:00:00,2013-11-22,8.0,HUMEDO,LATAS,3,True
380,2013-11-22 00:00:00,2013-11-22,38.2,HUMEDO,LATAS,3,True
105,2013-11-23 00:00:00,2013-11-23,24.7,HUMEDO,LATAS,3,True
114,2013-11-23 00:00:00,2013-11-23,7.5,HUMEDO,LATAS,3,True
255,2013-11-23 00:00:00,2013-11-23,195.5,HUMEDO,LATAS,3,True
382,2013-11-23 00:00:00,2013-11-23,28.2,HUMEDO,LATAS,3,True
346,2013-11-23 00:00:00,2013-11-23,199.5,HUMEDO,LATAS,3,True
7,2013-11-23 00:00:00,2013-11-23,20.3,HUMEDO,LATAS,3,True
125,2013-11-24 00:00:00,2013-11-24,19.2,HUMEDO,LATAS,3,True
310,2013-11-24 00:00:00,2013-11-24,32.4,HUMEDO,LATAS,3,True
118,2013-11-24 00:00:00,2013-11-24,15.7,HUMEDO,LATAS,3,True
276,2013-11-24 00:00:00,2013-11-24,167.0,HUMEDO,LATAS,3,True
182,2013-11-24 00:00:00,2013-11-24,5.7,HUMEDO,LATAS,3,True
272,2013-11-24 00:00:00,2013-11-24,11.5,HUMEDO,LATAS,3,True
29,2013-11-24 00:00:00,2013-11-24,24.6,HUMEDO,LATAS,3,True
33,2013-11-24 00:00:00,2013-11-24,47.1,HUMEDO,LATAS,3,True
83,2013-11-24 00:00:00,2013-11-24,185.8,HUMEDO,LATAS,3,True
N012,2013-11-25 00:00:00,2013-11-25,25.4,HUMEDO,LATAS,3,True
401,2013-11-25 00:00:00,2013-11-25,16.7,HUMEDO,LATAS,3,True
259,2013-11-25 00:00:00,2013-11-25,74.9,HUMEDO,LATAS,3,True
17,2013-11-25 00:00:00,2013-11-25,3.0,HUMEDO,LATAS,3,True
238,2013-11-25 00:00:00,2013-11-25,83.9,HUMEDO,LATAS,3,True
249,2013-11-25 00:00:00,2013-11-25,20.3,HUMEDO,LATAS,3,True
186,2013-11-26 00:00:00,2013-11-26,61.5,HUMEDO,LATAS,3,True
351,2013-11-26 00:00:00,2013-11-26,51.1,HUMEDO,LATAS,3,True
N024,2013-11-26 00:00:00,2013-11-26,13.9,HUMEDO,LATAS,3,True
114,2013-11-26 00:00:00,2013-11-26,26.9,HUMEDO,LATAS,3,True
335,2013-11-26 00:00:00,2013-11-26,16.8,HUMEDO,LATAS,3,True
200,2013-11-26 00:00:00,2013-11-26,23.8,HUMEDO,LATAS,3,True
N022,2013-11-26 00:00:00,2013-11-26,20.7,HUMEDO,LATAS,3,True
54,2013-11-26 00:00:00,2013-11-26,67.9,HUMEDO,LATAS,3,True
255,2013-11-26 00:00:00,2013-11-26,17.7,HUMEDO,LATAS,3,True
392,2013-11-26 00:00:00,2013-11-26,2.6,HUMEDO,LATAS,3,True
29,2013-11-26 00:00:00,2013-11-26,25.4,HUMEDO,LATAS,3,True
251,2013-11-27 00:00:00,2013-11-27,89.4,HUMEDO,LATAS,3,True
253,2013-11-27 00:00:00,2013-11-27,3.0,HUMEDO,LATAS,3,True
202,2013-11-27 00:00:00,2013-11-27,35.2,HUMEDO,LATAS,3,True
382,2013-11-27 00:00:00,2013-11-27,43.0,HUMEDO,LATAS,3,True
310,2013-11-27 00:00:00,2013-11-27,38.0,HUMEDO,LATAS,3,True
397,2013-11-27 00:00:00,2013-11-27,11.2,HUMEDO,LATAS,3,True
N006,2013-11-29 00:00:00,2013-11-29,171.8,HUMEDO,LATAS,3,True
85,2013-11-29 00:00:00,2013-11-29,1.4,HUMEDO,LATAS,3,True
281,2013-11-29 00:00:00,2013-11-29,51.6,HUMEDO,LATAS,3,True
79,2013-11-29 00:00:00,2013-11-29,23.1,HUMEDO,LATAS,3,True
86,2013-11-29 00:00:00,2013-11-29,46.4,HUMEDO,LATAS,3,True
271,2013-11-29 00:00:00,2013-11-29,79.4,HUMEDO,LATAS,3,True
114,2013-11-29 00:00:00,2013-11-29,53.5,HUMEDO,LATAS,3,True
17,2013-11-30 00:00:00,2013-11-30,140.0,HUMEDO,LATAS,3,True
127,2013-11-30 00:00:00,2013-11-30,23.3,HUMEDO,LATAS,3,True
118,2013-11-30 00:00:00,2013-11-30,30.9,HUMEDO,LATAS,3,True
253,2013-11-30 00:00:00,2013-11-30,57.9,HUMEDO,LATAS,3,True
353,2013-11-30 00:00:00,2013-11-30,5.6,HUMEDO,LATAS,3,True
45,2013-12-01 00:00:00,2013-12-01,5.7,HUMEDO,LATAS,3,True
172,2013-12-01 00:00:00,2013-12-01,31.1,HUMEDO,LATAS,3,True
177,2013-12-01 00:00:00,2013-12-01,7.1,HUMEDO,LATAS,3,True
N009,2013-12-01 00:00:00,2013-12-01,31.6,HUMEDO,LATAS,3,True
150,2013-12-01 00:00:00,2013-12-01,14.2,HUMEDO,LATAS,3,True
354,2013-12-02 00:00:00,2013-12-02,37.7,HUMEDO,LATAS,3,True
344,2013-12-02 00:00:00,2013-12-02,22.7,HUMEDO,LATAS,3,True
335,2013-12-02 00:00:00,2013-12-02,54.8,HUMEDO,LATAS,3,True
127,2013-12-02 00:00:00,2013-12-02,3.5,HUMEDO,LATAS,3,True
105,2013-12-02 00:00:00,2013-12-02,311.1,HUMEDO,LATAS,3,True
380,2013-12-03 00:00:00,2013-12-03,43.2,HUMEDO,LATAS,3,True
86,2013-12-03 00:00:00,2013-12-03,326.0,HUMEDO,LATAS,3,True
N007,2013-12-03 00:00:00,2013-12-03,49.6,HUMEDO,LATAS,3,True
N003,2013-12-03 00:00:00,2013-12-03,69.5,HUMEDO,LATAS,3,True
282,2013-12-03 00:00:00,2013-12-03,25.0,HUMEDO,LATAS,3,True
N013,2013-12-04 00:00:00,2013-12-04,49.7,SECO,LATAS,3,True
N016,2013-12-04 00:00:00,2013-12-04,125.3,HUMEDO,LATAS,3,True
364,2013-12-04 00:00:00,2013-12-04,27.1,HUMEDO,LATAS,3,True
277,2013-12-04 00:00:00,2013-12-04,77.5,HUMEDO,LATAS,3,True
288,2013-12-05 00:00:00,2013-12-05,7.7,HUMEDO,LATAS,3,True
310,2013-12-05 00:00:00,2013-12-05,86.1,HUMEDO,LATAS,3,True
7,2013-12-05 00:00:00,2013-12-05,158.0,HUMEDO,LATAS,3,True
177,2013-12-05 00:00:00,2013-12-05,1.0,HUMEDO,LATAS,3,True
N007,2013-12-05 00:00:00,2013-12-05,69.8,HUMEDO,LATAS,3,True
332,2013-12-05 00:00:00,2013-12-05,9.2,HUMEDO,LATAS,3,True
114,2013-12-06 00:00:00,2013-12-06,18.1,HUMEDO,LATAS,3,True
226,2013-12-06 00:00:00,2013-12-06,7.5,HUMEDO,LATAS,3,True
118,2013-12-06 00:00:00,2013-12-06,2.7,HUMEDO,LATAS,3,True
186,2013-12-06 00:00:00,2013-12-06,18.7,HUMEDO,LATAS,3,True
349,2013-12-06 00:00:00,2013-12-06,24.5,HUMEDO,LATAS,3,True
344,2013-12-06 00:00:00,2013-12-06,31.0,HUMEDO,LATAS,3,True
338,2013-12-06 00:00:00,2013-12-06,48.1,HUMEDO,LATAS,3,True
N020,2013-12-07 00:00:00,2013-12-07,12.3,HUMEDO,LATAS,3,True
124,2013-12-07 00:00:00,2013-12-07,64.3,HUMEDO,LATAS,3,True
282,2013-12-07 00:00:00,2013-12-07,2.9,HUMEDO,LATAS,3,True
344,2013-12-07 00:00:00,2013-12-07,12.4,HUMEDO,LATAS,3,True
N008,2013-12-07 00:00:00,2013-12-07,33.8,HUMEDO,LATAS,3,True
237,2013-12-07 00:00:00,2013-12-07,50.5,HUMEDO,LATAS,3,True
247,2013-12-07 00:00:00,2013-12-07,3.9,HUMEDO,LATAS,3,True
353,2013-12-07 00:00:00,2013-12-07,3.2,HUMEDO,LATAS,3,True
395,2013-12-07 00:00:00,2013-12-07,9.0,HUMEDO,LATAS,3,True
351,2013-12-08 00:00:00,2013-12-08,30.8,HUMEDO,LATAS,3,True
277,2013-12-08 00:00:00,2013-12-08,55.5,HUMEDO,LATAS,3,True
N008,2013-12-08 00:00:00,2013-12-08,26.4,HUMEDO,LATAS,3,True
371,2013-12-10 00:00:00,2013-12-10,84.4,HUMEDO,LATAS,3,True
46,2013-12-10 00:00:00,2013-12-10,4.6,HUMEDO,LATAS,3,True
401,2013-12-10 00:00:00,2013-12-10,19.8,HUMEDO,LATAS,3,True
7,2013-12-10 00:00:00,2013-12-10,30.6,HUMEDO,LATAS,3,True
399,2013-12-10 00:00:00,2013-12-10,26.7,HUMEDO,LATAS,3,True
380,2013-12-11 00:00:00,2013-12-11,163.8,HUMEDO,LATAS,3,True
276,2013-12-11 00:00:00,2013-12-11,101.9,HUMEDO,LATAS,3,True
187,2013-12-11 00:00:00,2013-12-11,182.4,HUMEDO,LATAS,3,True
N005,2013-12-11 00:00:00,2013-12-11,32.5,HUMEDO,LATAS,3,True
85,2013-12-11 00:00:00,2013-12-11,38.2,HUMEDO,LATAS,3,True
249,2013-12-11 00:00:00,2013-12-11,105.8,HUMEDO,LATAS,3,True
157,2013-12-11 00:00:00,2013-12-11,34.5,HUMEDO,LATAS,3,True
33,2013-12-11 00:00:00,2013-12-11,22.5,HUMEDO,LATAS,3,True
N020,2013-12-11 00:00:00,2013-12-11,9.9,HUMEDO,LATAS,3,True
43,2013-12-11 00:00:00,2013-12-11,17.7,HUMEDO,LATAS,3,True
253,2013-12-11 00:00:00,2013-12-11,236.7,HUMEDO,LATAS,3,True
267,2013-12-11 00:00:00,2013-12-11,246.0,HUMEDO,LATAS,3,True
226,2013-12-12 00:00:00,2013-12-12,213.7,HUMEDO,LATAS,3,True
N016,2013-12-12 00:00:00,2013-12-12,126.4,HUMEDO,LATAS,3,True
246,2013-12-12 00:00:00,2013-12-12,158.7,HUMEDO,LATAS,3,True
173,2013-12-12 00:00:00,2013-12-12,352.8,HUMEDO,LATAS,3,True
190,2013-12-12 00:00:00,2013-12-12,163.9,HUMEDO,LATAS,3,True
47,2013-12-12 00:00:00,2013-12-12,27.7,HUMEDO,LATAS,3,True
259,2013-12-13 00:00:00,2013-12-13,233.7,HUMEDO,LATAS,3,True
182,2013-12-13 00:00:00,2013-12-13,102.6,HUMEDO,LATAS,3,True
79,2013-12-13 00:00:00,2013-12-13,8.1,HUMEDO,LATAS,3,True
228,2013-12-13 00:00:00,2013-12-13,153.8,HUMEDO,LATAS,3,True
344,2013-12-14 00:00:00,2013-12-14,69.8,HUMEDO,LATAS,3,True
272,2013-12-14 00:00:00,2013-12-14,110.7,HUMEDO,LATAS,3,True
N023,2013-12-14 00:00:00,2013-12-14,4.0,HUMEDO,LATAS,3,True
N004,2013-12-14 00:00:00,2013-12-14,48.0,HUMEDO,LATAS,3,True
379,2013-12-14 00:00:00,2013-12-14,8.9,HUMEDO,LATAS,3,True
29,2013-12-14 00:00:00,2013-12-14,1.2,HUMEDO,LATAS,3,True
182,2013-12-14 00:00:00,2013-12-14,72.9,HUMEDO,LATAS,3,True
353,2013-12-14 00:00:00,2013-12-14,39.8,HUMEDO,LATAS,3,True
137,2013-12-14 00:00:00,2013-12-14,2.9,HUMEDO,LATAS,3,True
387,2013-12-15 00:00:00,2013-12-15,93.9,HUMEDO,LATAS,3,True
300,2013-12-15 00:00:00,2013-12-15,1.8,HUMEDO,LATAS,3,True
228,2013-12-15 00:00:00,2013-12-15,35.8,HUMEDO,LATAS,3,True
137,2013-12-15 00:00:00,2013-12-15,47.3,HUMEDO,LATAS,3,True
185,2013-12-15 00:00:00,2013-12-15,1.1,HUMEDO,LATAS,3,True
247,2013-12-15 00:00:00,2013-12-15,62.7,HUMEDO,LATAS,3,True
237,2013-12-16 00:00:00,2013-12-16,66.3,HUMEDO,LATAS,3,True
54,2013-12-16 00:00:00,2013-12-16,42.8,HUMEDO,LATAS,3,True
45,2013-12-16 00:00:00,2013-12-16,18.7,HUMEDO,LATAS,3,True
271,2013-12-16 00:00:00,2013-12-16,64.3,HUMEDO,LATAS,3,True
23,2013-12-16 00:00:00,2013-12-16,73.5,HUMEDO,LATAS,3,True
227,2013-12-16 00:00:00,2013-12-16,40.1,HUMEDO,LATAS,3,True
346,2013-12-16 00:00:00,2013-12-16,110.2,HUMEDO,LATAS,3,True
276,2013-12-16 00:00:00,2013-12-16,31.8,SECO,LATAS,3,True
288,2013-12-16 00:00:00,2013-12-16,24.7,HUMEDO,LATAS,3,True
56,2013-12-17 00:00:00,2013-12-17,2.9,HUMEDO,LATAS,3,True
185,2013-12-17 00:00:00,2013-12-17,19.0,HUMEDO,LATAS,3,True
356,2013-12-17 00:00:00,2013-12-17,1.9,HUMEDO,LATAS,3,True
79,2013-12-17 00:00:00,2013-12-17,9.4,HUMEDO,LATAS,3,True
N012,2013-12-17 00:00:00,2013-12-17,2.4,HUMEDO,LATAS,3,True
349,2013-12-17 00:00:00,2013-12-17,14.4,HUMEDO,LATAS,3,True
282,2013-12-17 00:00:00,2013-12-17,37.7,HUMEDO,LATAS,3,True
38,2013-12-17 00:00:00,2013-12-17,1.4,HUMEDO,LATAS,3,True
235,2013-12-17 00:00:00,2013-12-17,14.8,HUMEDO,LATAS,3,True
105,2013-12-17 00:00:00,2013-12-17,39.3,HUMEDO,LATAS,3,True
332,2013-12-17 00:00:00,2013-12-17,16.8,HUMEDO,LATAS,3,True
N016,2013-12-17 00:00:00,2013-12-17,3.3,SECO,LATAS,3,True
380,2013-12-18 00:00:00,2013-12-18,6.4,HUMEDO,LATAS,3,True
276,2013-12-18 00:00:00,2013-12-18,44.3,HUMEDO,LATAS,3,True
253,2013-12-18 00:00:00,2013-12-18,3.5,HUMEDO,LATAS,3,True
379,2013-12-18 00:00:00,2013-12-18,32.7,HUMEDO,LATAS,3,True
N017,2013-12-18 00:00:00,2013-12-18,36.3,HUMEDO,LATAS,3,True
364,2013-12-18 00:00:00,2013-12-18,20.1,HUMEDO,LATAS,3,True
N009,2013-12-18 00:00:00,2013-12-18,20.3,HUMEDO,LATAS,3,True
351,2013-12-18 00:00:00,2013-12-18,1.0,HUMEDO,LATAS,3,True
157,2013-12-18 00:00:00,2013-12-18,72.2,HUMEDO,LATAS,3,True
278,2013-12-19 00:00:00,2013-12-19,9.9,HUMEDO,LATAS,3,True
N004,2013-12-19 00:00:00,2013-12-19,55.8,HUMEDO,LATAS,3,True
259,2013-12-19 00:00:00,2013-12-19,26.1,HUMEDO,LATAS,3,True
N021,2013-12-19 00:00:00,2013-12-19,10.2,HUMEDO,LATAS,3,True
375,2013-12-19 00:00:00,2013-12-19,34.2,HUMEDO,LATAS,3,True
185,2013-12-19 00:00:00,2013-12-19,13.1,HUMEDO,LATAS,3,True
350,2013-12-19 00:00:00,2013-12-19,68.6,HUMEDO,LATAS,3,True
45,2013-12-20 00:00:00,2013-12-20,5.9,HUMEDO,LATAS,3,True
193,2013-12-20 00:00:00,2013-12-20,61.8,HUMEDO,LATAS,3,True
387,2013-12-20 00:00:00,2013-12-20,2.9,HUMEDO,LATAS,3,True
249,2013-12-20 00:00:00,2013-12-20,45.3,HUMEDO,LATAS,3,True
N010,2013-12-20 00:00:00,2013-12-20,39.7,HUMEDO,LATAS,3,True
233,2013-12-20 00:00:00,2013-12-20,80.0,HUMEDO,LATAS,3,True
335,2013-12-20 00:00:00,2013-12-20,36.7,HUMEDO,LATAS,3,True
186,2013-12-20 00:00:00,2013-12-20,13.7,HUMEDO,LATAS,3,True
379,2013-12-21 00:00:00,2013-12-21,6.0,HUMEDO,LATAS,3,True
401,2013-12-21 00:00:00,2013-12-21,161.8,HUMEDO,LATAS,3,True
187,2013-12-21 00:00:00,2013-12-21,65.1,HUMEDO,LATAS,3,True
282,2013-12-21 00:00:00,2013-12-21,58.2,HUMEDO,LATAS,3,True
397,2013-12-21 00:00:00,2013-12-21,83.2,SECO,LATAS,3,True
259,2013-12-21 00:00:00,2013-12-21,32.0,HUMEDO,LATAS,3,True
271,2013-12-21 00:00:00,2013-12-21,37.7,HUMEDO,LATAS,3,True
397,2013-12-22 00:00:00,2013-12-22,15.8,HUMEDO,LATAS,3,True
29,2013-12-22 00:00:00,2013-12-22,17.1,HUMEDO,LATAS,3,True
172,2013-12-22 00:00:00,2013-12-22,202.4,HUMEDO,LATAS,3,True
127,2013-12-22 00:00:00,2013-12-22,113.4,HUMEDO,LATAS,3,True
392,2013-12-23 00:00:00,2013-12-23,16.1,HUMEDO,LATAS,3,True
N008,2013-12-23 00:00:00,2013-12-23,10.4,HUMEDO,LATAS,3,True
N007,2013-12-23 00:00:00,2013-12-23,19.2,HUMEDO,LATAS,3,True
277,2013-12-23 00:00:00,2013-12-23,29.0,HUMEDO,LATAS,3,True
353,2013-12-23 00:00:00,2013-12-23,3.4,HUMEDO,LATAS,3,True
23,2013-12-23 00:00:00,2013-12-23,9.0,HUMEDO,LATAS,3,True
54,2013-12-23 00:00:00,2013-12-23,14.8,HUMEDO,LATAS,3,True
253,2013-12-23 00:00:00,2013-12-23,1.6,HUMEDO,LATAS,3,True
17,2013-12-23 00:00:00,2013-12-23,8.5,HUMEDO,LATAS,3,True
177,2013-12-23 00:00:00,2013-12-23,10.3,HUMEDO,LATAS,3,True
259,2013-12-24 00:00:00,2013-12-24,14.9,HUMEDO,LATAS,3,True
251,2013-12-24 00:00:00,2013-12-24,1.0,HUMEDO,LATAS,3,True
335,2013-12-24 00:00:00,2013-12-24,15.2,HUMEDO,LATAS,3,True
255,2013-12-24 00:00:00,2013-12-24,31.6,HUMEDO,LATAS,3,True
272,2013-12-24 00:00:00,2013-12-24,10.4,HUMEDO,LATAS,3,True
84,2013-12-24 00:00:00,2013-12-24,20.4,HUMEDO,LATAS,3,True
338,2013-12-24 00:00:00,2013-12-24,1.0,HUMEDO,LATAS,3,True
351,2013-12-24 00:00:00,2013-12-24,12.3,HUMEDO,LATAS,3,True
84,2013-12-25 00:00:00,2013-12-25,24.9,HUMEDO,LATAS,3,True
29,2013-12-25 00:00:00,2013-12-25,18.3,HUMEDO,LATAS,3,True
85,2013-12-25 00:00:00,2013-12-25,8.1,HUMEDO,LATAS,3,True
368,2013-12-25 00:00:00,2013-12-25,65.0,HUMEDO,LATAS,3,True
124,2013-12-25 00:00:00,2013-12-25,102.9,HUMEDO,LATAS,3,True
364,2013-12-25 00:00:00,2013-12-25,18.8,SECO,LATAS,3,True
N007,2013-12-25 00:00:00,2013-12-25,30.4,HUMEDO,LATAS,3,True
374,2013-12-25 00:00:00,2013-12-25,1.7,HUMEDO,LATAS,3,True
374,2013-12-26 00:00:00,2013-12-26,263.2,HUMEDO,LATAS,3,True
273,2013-12-26 00:00:00,2013-12-26,233.0,HUMEDO,LATAS,3,True
346,2013-12-26 00:00:00,2013-12-26,100.8,HUMEDO,LATAS,3,True
288,2013-12-26 00:00:00,2013-12-26,33.1,HUMEDO,LATAS,3,True
401,2013-12-26 00:00:00,2013-12-26,408.7,HUMEDO,LATAS,3,True
202,2013-12-26 00:00:00,2013-12-26,128.1,HUMEDO,LATAS,3,True
278,2013-12-26 00:00:00,2013-12-26,48.8,HUMEDO,LATAS,3,True
172,2013-12-26 00:00:00,2013-12-26,60.8,HUMEDO,LATAS,3,True
N006,2013-12-27 00:00:00,2013-12-27,586.0,HUMEDO,LATAS,3,True
105,2013-12-28 00:00:00,2013-12-28,67.8,HUMEDO,LATAS,3,True
47,2013-12-28 00:00:00,2013-12-28,38.1,HUMEDO,LATAS,3,True
N020,2013-12-28 00:00:00,2013-12-28,37.0,HUMEDO,LATAS,3,True
125,2013-12-28 00:00:00,2013-12-28,60.6,HUMEDO,LATAS,3,True
247,2013-12-28 00:00:00,2013-12-28,4.1,HUMEDO,LATAS,3,True
237,2013-12-28 00:00:00,2013-12-28,108.6,HUMEDO,LATAS,3,True
175,2013-12-29 00:00:00,2013-12-29,85.6,HUMEDO,LATAS,3,True
255,2013-12-29 00:00:00,2013-12-29,114.5,HUMEDO,LATAS,3,True
N015,2013-12-29 00:00:00,2013-12-29,157.9,HUMEDO,LATAS,3,True
253,2013-12-30 00:00:00,2013-12-30,1.6,HUMEDO,LATAS,3,True
N009,2013-12-30 00:00:00,2013-12-30,56.9,HUMEDO,LATAS,3,True
356,2013-12-30 00:00:00,2013-12-30,64.1,HUMEDO,LATAS,3,True
271,2013-12-30 00:00:00,2013-12-30,230.4,HUMEDO,LATAS,3,True
N007,2013-12-30 00:00:00,2013-12-30,22.6,HUMEDO,LATAS,3,True
175,2013-12-30 00:00:00,2013-12-30,90.0,HUMEDO,QUINTALES,3,True
N013,2013-12-30 00:00:00,2013-12-30,33.1,HUMEDO,LATAS,3,True
276,2013-12-30 00:00:00,2013-12-30,44.1,HUMEDO,LATAS,3,True
N005,2013-12-30 00:00:00,2013-12-30,372.0,HUMEDO,LATAS,3,True
293,2013-12-30 00:00:00,2013-12-30,113.6,HUMEDO,LATAS,3,True
N023,2013-12-30 00:00:00,2013-12-30,112.9,HUMEDO,LATAS,3,True
399,2013-12-30 00:00:00,2013-12-30,9.3,HUMEDO,LATAS,3,True
396,2013-12-31 00:00:00,2013-12-31,52.8,HUMEDO,LATAS,3,True
289,2013-12-31 00:00:00,2013-12-31,71.0,HUMEDO,LATAS,3,True
356,2013-12-31 00:00:00,2013-12-31,317.6,HUMEDO,LATAS,3,True
N013,2013-12-31 00:00:00,2013-12-31,31.3,HUMEDO,LATAS,3,True
N019,2013-12-31 00:00:00,2013-12-31,17.8,HUMEDO,LATAS,3,True
375,2014-01-01 00:00:00,2014-01-01,22.5,SECO,LATAS,3,True
83,2014-01-01 00:00:00,2014-01-01,12.6,HUMEDO,LATAS,3,True
310,2014-01-01 00:00:00,2014-01-01,163.8,HUMEDO,LATAS,3,True
N018,2014-01-01 00:00:00,2014-01-01,36.7,HUMEDO,LATAS,3,True
387,2014-01-01 00:00:00,2014-01-01,138.4,HUMEDO,LATAS,3,True
382,2014-01-03 00:00:00,2014-01-03,80.1,HUMEDO,LATAS,3,True
374,2014-01-03 00:00:00,2014-01-03,161.1,HUMEDO,LATAS,3,True
83,2014-01-03 00:00:00,2014-01-03,37.1,HUMEDO,LATAS,3,True
47,2014-01-03 00:00:00,2014-01-03,1.2,HUMEDO,LATAS,3,True
177,2014-01-03 00:00:00,2014-01-03,77.8,HUMEDO,LATAS,3,True
332,2014-01-03 00:00:00,2014-01-03,79.6,HUMEDO,LATAS,3,True
368,2014-01-03 00:00:00,2014-01-03,46.1,HUMEDO,LATAS,3,True
46,2014-01-03 00:00:00,2014-01-03,88.6,HUMEDO,LATAS,3,True
271,2014-01-04 00:00:00,2014-01-04,99.2,HUMEDO,LATAS,3,True
234,2014-01-04 00:00:00,2014-01-04,68.6,HUMEDO,LATAS,3,True
N015,2014-01-04 00:00:00,2014-01-04,428.3,HUMEDO,LATAS,3,True
N014,2014-01-04 00:00:00,2014-01-04,9.0,HUMEDO,LATAS,3,True
185,2014-01-04 00:00:00,2014-01-04,194.2,HUMEDO,LATAS,3,True
172,2014-01-04 00:00:00,2014-01-04,193.0,HUMEDO,LATAS,3,True
344,2014-01-05 00:00:00,2014-01-05,209.5,HUMEDO,LATAS,3,True
157,2014-01-05 00:00:00,2014-01-05,211.1,HUMEDO,LATAS,3,True
N003,2014-01-05 00:00:00,2014-01-05,125.2,HUMEDO,LATAS,3,True
43,2014-01-06 00:00:00,2014-01-06,166.6,HUMEDO,LATAS,3,True
219,2014-01-06 00:00:00,2014-01-06,49.5,HUMEDO,LATAS,3,True
125,2014-01-06 00:00:00,2014-01-06,265.3,HUMEDO,LATAS,3,True
113,2014-01-06 00:00:00,2014-01-06,139.0,HUMEDO,LATAS,3,True
N006,2014-01-06 00:00:00,2014-01-06,77.9,HUMEDO,LATAS,3,True
N006,2014-01-07 00:00:00,2014-01-07,74.0,HUMEDO,LATAS,3,True
291,2014-01-07 00:00:00,2014-01-07,70.7,HUMEDO,LATAS,3,True
278,2014-01-07 00:00:00,2014-01-07,204.7,HUMEDO,LATAS,3,True
219,2014-01-07 00:00:00,2014-01-07,13.3,HUMEDO,LATAS,3,True
14,2014-01-07 00:00:00,2014-01-07,1.0,HUMEDO,LATAS,3,True
29,2014-01-08 00:00:00,2014-01-08,269.2,HUMEDO,LATAS,3,True
347,2014-01-08 00:00:00,2014-01-08,106.5,HUMEDO,LATAS,3,True
397,2014-01-08 00:00:00,2014-01-08,276.2,HUMEDO,LATAS,3,True
137,2014-01-09 00:00:00,2014-01-09,73.8,HUMEDO,LATAS,3,True
387,2014-01-09 00:00:00,2014-01-09,192.5,HUMEDO,LATAS,3,True
114,2014-01-09 00:00:00,2014-01-09,186.8,HUMEDO,LATAS,3,True
N003,2014-01-09 00:00:00,2014-01-09,684.7,HUMEDO,LATAS,3,True
185,2014-01-09 00:00:00,2014-01-09,114.5,HUMEDO,LATAS,3,True
N023,2014-01-09 00:00:00,2014-01-09,49.0,HUMEDO,LATAS,3,True
14,2014-01-09 00:00:00,2014-01-09,162.3,HUMEDO,LATAS,3,True
200,2014-01-10 00:00:00,2014-01-10,39.9,HUMEDO,LATAS,3,True
249,2014-01-10 00:00:00,2014-01-10,61.1,HUMEDO,LATAS,3,True
373,2014-01-10 00:00:00,2014-01-10,551.5,HUMEDO,LATAS,3,True
371,2014-01-10 00:00:00,2014-01-10,20.8,HUMEDO,LATAS,3,True
288,2014-01-10 00:00:00,2014-01-10,120.4,HUMEDO,LATAS,3,True
46,2014-01-11 00:00:00,2014-01-11,134.5,HUMEDO,LATAS,3,True
396,2014-01-11 00:00:00,2014-01-11,354.9,HUMEDO,LATAS,3,True
54,2014-01-11 00:00:00,2014-01-11,14.4,HUMEDO,LATAS,3,True
113,2014-01-11 00:00:00,2014-01-11,318.2,HUMEDO,LATAS,3,True
347,2014-01-11 00:00:00,2014-01-11,7.8,HUMEDO,LATAS,3,True
N021,2014-01-11 00:00:00,2014-01-11,76.6,HUMEDO,LATAS,3,True
356,2014-01-12 00:00:00,2014-01-12,37.3,HUMEDO,LATAS,3,True
310,2014-01-12 00:00:00,2014-01-12,102.6,HUMEDO,LATAS,3,True
186,2014-01-12 00:00:00,2014-01-12,275.7,HUMEDO,LATAS,3,True
N012,2014-01-12 00:00:00,2014-01-12,32.2,HUMEDO,LATAS,3,True
118,2014-01-12 00:00:00,2014-01-12,10.6,HUMEDO,LATAS,3,True
N024,2014-01-12 00:00:00,2014-01-12,11.0,HUMEDO,LATAS,3,True
230,2014-01-13 00:00:00,2014-01-13,184.4,HUMEDO,LATAS,3,True
375,2014-01-13 00:00:00,2014-01-13,202.1,HUMEDO,LATAS,3,True
236,2014-01-13 00:00:00,2014-01-13,49.8,HUMEDO,LATAS,3,True
N017,2014-01-14 00:00:00,2014-01-14,184.1,HUMEDO,LATAS,3,True
84,2014-01-14 00:00:00,2014-01-14,31.5,HUMEDO,LATAS,3,True
282,2014-01-14 00:00:00,2014-01-14,142.8,HUMEDO,LATAS,3,True
251,2014-01-14 00:00:00,2014-01-14,163.9,HUMEDO,LATAS,3,True
127,2014-01-14 00:00:00,2014-01-14,159.8,HUMEDO,LATAS,3,True
278,2014-01-14 00:00:00,2014-01-14,153.8,HUMEDO,LATAS,3,True
294,2014-01-14 00:00:00,2014-01-14,128.3,HUMEDO,LATAS,3,True
43,2014-01-15 00:00:00,2014-01-15,39.5,HUMEDO,LATAS,3,True
276,2014-01-15 00:00:00,2014-01-15,162.9,HUMEDO,LATAS,3,True
236,2014-01-15 00:00:00,2014-01-15,49.0,HUMEDO,LATAS,3,True
399,2014-01-15 00:00:00,2014-01-15,71.7,HUMEDO,LATAS,3,True
233,2014-01-15 00:00:00,2014-01-15,1.0,HUMEDO,LATAS,3,True
288,2014-01-15 00:00:00,2014-01-15,53.5,HUMEDO,LATAS,3,True
N003,2014-01-15 00:00:00,2014-01-15,26.3,HUMEDO,LATAS,3,True
N017,2014-01-15 00:00:00,2014-01-15,20.7,HUMEDO,LATAS,3,True
399,2014-01-16 00:00:00,2014-01-16,547.1,HUMEDO,LATAS,3,True
177,2014-01-16 00:00:00,2014-01-16,177.3,HUMEDO,LATAS,3,True
364,2014-01-16 00:00:00,2014-01-16,130.2,HUMEDO,LATAS,3,True
N020,2014-01-17 00:00:00,2014-01-17,1.8,HUMEDO,LATAS,3,True
173,2014-01-17 00:00:00,2014-01-17,35.6,HUMEDO,LATAS,3,True
230,2014-01-17 00:00:00,2014-01-17,85.0,HUMEDO,LATAS,3,True
356,2014-01-17 00:00:00,2014-01-17,61.5,HUMEDO,LATAS,3,True
83,2014-01-17 00:00:00,2014-01-17,11.1,HUMEDO,LATAS,3,True
236,2014-01-17 00:00:00,2014-01-17,15.1,HUMEDO,LATAS,3,True
200,2014-01-17 00:00:00,2014-01-17,267.9,HUMEDO,LATAS,3,True
272,2014-01-17 00:00:00,2014-01-17,3.6,HUMEDO,LATAS,3,True
347,2014-01-17 00:00:00,2014-01-17,3.0,HUMEDO,LATAS,3,True
N005,2014-01-18 00:00:00,2014-01-18,34.9,HUMEDO,LATAS,3,True
272,2014-01-18 00:00:00,2014-01-18,75.4,HUMEDO,LATAS,3,True
N002,2014-01-18 00:00:00,2014-01-18,76.5,HUMEDO,LATAS,3,True
227,2014-01-18 00:00:00,2014-01-18,194.7,HUMEDO,LATAS,3,True
43,2014-01-18 00:00:00,2014-01-18,36.9,HUMEDO,LATAS,3,True
228,2014-01-18 00:00:00,2014-01-18,13.3,HUMEDO,LATAS,3,True
54,2014-01-19 00:00:00,2014-01-19,1.3,HUMEDO,LATAS,3,True
395,2014-01-19 00:00:00,2014-01-19,57.2,HUMEDO,LATAS,3,True
56,2014-01-19 00:00:00,2014-01-19,82.8,HUMEDO,LATAS,3,True
150,2014-01-19 00:00:00,2014-01-19,35.9,HUMEDO,LATAS,3,True
47,2014-01-19 00:00:00,2014-01-19,65.3,HUMEDO,LATAS,3,True
175,2014-01-19 00:00:00,2014-01-19,5.7,HUMEDO,LATAS,3,True
33,2014-01-19 00:00:00,2014-01-19,1.4,HUMEDO,LATAS,3,True
125,2014-01-19 00:00:00,2014-01-19,11.5,HUMEDO,LATAS,3,True
N002,2014-01-19 00:00:00,2014-01-19,45.4,HUMEDO,LATAS,3,True
46,2014-01-20 00:00:00,2014-01-20,61.0,HUMEDO,LATAS,3,True
82,2014-01-20 00:00:00,2014-01-20,166.8,HUMEDO,LATAS,3,True
86,2014-01-20 00:00:00,2014-01-20,11.0,HUMEDO,LATAS,3,True
185,2014-01-20 00:00:00,2014-01-20,20.9,HUMEDO,LATAS,3,True
267,2014-01-20 00:00:00,2014-01-20,32.8,HUMEDO,LATAS,3,True
38,2014-01-20 00:00:00,2014-01-20,59.3,HUMEDO,LATAS,3,True
364,2014-01-20 00:00:00,2014-01-20,4.9,HUMEDO,LATAS,3,True
7,2014-01-20 00:00:00,2014-01-20,44.3,HUMEDO,LATAS,3,True
N004,2014-01-20 00:00:00,2014-01-20,49.2,HUMEDO,LATAS,3,True
310,2014-01-20 00:00:00,2014-01-20,13.9,HUMEDO,LATAS,3,True
125,2014-01-20 00:00:00,2014-01-20,4.0,HUMEDO,LATAS,3,True
N023,2014-01-21 00:00:00,2014-01-21,35.1,HUMEDO,LATAS,3,True
247,2014-01-21 00:00:00,2014-01-21,119.9,HUMEDO,LATAS,3,True
N008,2014-01-21 00:00:00,2014-01-21,24.9,HUMEDO,LATAS,3,True
228,2014-01-21 00:00:00,2014-01-21,543.7,HUMEDO,LATAS,3,True
N004,2014-01-21 00:00:00,2014-01-21,30.2,HUMEDO,LATAS,3,True
291,2014-01-21 00:00:00,2014-01-21,2.4,HUMEDO,LATAS,3,True
293,2014-01-21 00:00:00,2014-01-21,39.5,HUMEDO,LATAS,3,True
46,2014-01-21 00:00:00,2014-01-21,14.1,HUMEDO,LATAS,3,True
86,2014-01-21 00:00:00,2014-01-21,28.9,HUMEDO,LATAS,3,True
380,2014-01-21 00:00:00,2014-01-21,27.3,HUMEDO,LATAS,3,True
228,2014-01-22 00:00:00,2014-01-22,18.8,HUMEDO,LATAS,3,True
350,2014-01-22 00:00:00,2014-01-22,18.8,HUMEDO,LATAS,3,True
N018,2014-01-22 00:00:00,2014-01-22,11.5,HUMEDO,LATAS,3,True
397,2014-01-22 00:00:00,2014-01-22,33.0,HUMEDO,LATAS,3,True
175,2014-01-22 00:00:00,2014-01-22,168.2,HUMEDO,LATAS,3,True
395,2014-01-22 00:00:00,2014-01-22,341.1,HUMEDO,LATAS,3,True
249,2014-01-22 00:00:00,2014-01-22,36.2,HUMEDO,LATAS,3,True
356,2014-01-23 00:00:00,2014-01-23,117.0,HUMEDO,LATAS,3,True
226,2014-01-23 00:00:00,2014-01-23,115.5,HUMEDO,LATAS,3,True
175,2014-01-23 00:00:00,2014-01-23,427.5,HUMEDO,LATAS,3,True
118,2014-01-23 00:00:00,2014-01-23,11.1,HUMEDO,LATAS,3,True
14,2014-01-23 00:00:00,2014-01-23,105.6,HUMEDO,LATAS,3,True
84,2014-01-24 00:00:00,2014-01-24,197.7,HUMEDO,LATAS,3,True
175,2014-01-24 00:00:00,2014-01-24,181.1,HUMEDO,LATAS,3,True
N022,2014-01-24 00:00:00,2014-01-24,21.0,HUMEDO,LATAS,3,True
293,2014-01-24 00:00:00,2014-01-24,100.0,HUMEDO,LATAS,3,True
N003,2014-01-24 00:00:00,2014-01-24,1.0,HUMEDO,LATAS,3,True
346,2014-01-24 00:00:00,2014-01-24,8.6,HUMEDO,LATAS,3,True
354,2014-01-24 00:00:00,2014-01-24,202.0,HUMEDO,LATAS,3,True
114,2014-01-25 00:00:00,2014-01-25,92.4,HUMEDO,LATAS,3,True
293,2014-01-25 00:00:00,2014-01-25,65.6,HUMEDO,LATAS,3,True
173,2014-01-25 00:00:00,2014-01-25,98.1,HUMEDO,LATAS,3,True
118,2014-01-25 00:00:00,2014-01-25,205.6,HUMEDO,LATAS,3,True
273,2014-01-25 00:00:00,2014-01-25,126.7,HUMEDO,LATAS,3,True
278,2014-01-25 00:00:00,2014-01-25,50.9,HUMEDO,LATAS,3,True
353,2014-01-25 00:00:00,2014-01-25,134.4,HUMEDO,LATAS,3,True
124,2014-01-25 00:00:00,2014-01-25,17.1,HUMEDO,LATAS,3,True
187,2014-01-26 00:00:00,2014-01-26,74.5,HUMEDO,LATAS,3,True
54,2014-01-26 00:00:00,2014-01-26,1.0,HUMEDO,LATAS,3,True
17,2014-01-26 00:00:00,2014-01-26,41.4,HUMEDO,LATAS,3,True
228,2014-01-26 00:00:00,2014-01-26,35.4,HUMEDO,LATAS,3,True
293,2014-01-26 00:00:00,2014-01-26,128.5,HUMEDO,LATAS,3,True
253,2014-01-26 00:00:00,2014-01-26,148.2,HUMEDO,LATAS,3,True
382,2014-01-26 00:00:00,2014-01-26,105.5,SECO,LATAS,3,True
113,2014-01-27 00:00:00,2014-01-27,4.6,HUMEDO,LATAS,3,True
137,2014-01-27 00:00:00,2014-01-27,217.4,HUMEDO,LATAS,3,True
364,2014-01-27 00:00:00,2014-01-27,61.9,HUMEDO,LATAS,3,True
N012,2014-01-27 00:00:00,2014-01-27,492.2,HUMEDO,LATAS,3,True
294,2014-01-28 00:00:00,2014-01-28,198.9,HUMEDO,LATAS,3,True
238,2014-01-28 00:00:00,2014-01-28,20.8,HUMEDO,LATAS,3,True
29,2014-01-28 00:00:00,2014-01-28,79.8,HUMEDO,LATAS,3,True
N024,2014-01-28 00:00:00,2014-01-28,121.2,HUMEDO,LATAS,3,True
291,2014-01-29 00:00:00,2014-01-29,18.5,SECO,LATAS,3,True
281,2014-01-29 00:00:00,2014-01-29,2.7,HUMEDO,LATAS,3,True
230,2014-01-29 00:00:00,2014-01-29,19.5,HUMEDO,LATAS,3,True
227,2014-01-29 00:00:00,2014-01-29,6.7,HUMEDO,LATAS,3,True
N015,2014-01-29 00:00:00,2014-01-29,2.1,HUMEDO,LATAS,3,True
397,2014-01-29 00:00:00,2014-01-29,75.8,HUMEDO,LATAS,3,True
349,2014-01-29 00:00:00,2014-01-29,59.8,HUMEDO,LATAS,3,True
175,2014-01-30 00:00:00,2014-01-30,41.6,HUMEDO,LATAS,3,True
401,2014-01-30 00:00:00,2014-01-30,60.8,HUMEDO,LATAS,3,True
349,2014-01-30 00:00:00,2014-01-30,44.7,HUMEDO,LATAS,3,True
300,2014-01-30 00:00:00,2014-01-30,102.8,HUMEDO,LATAS,3,True
113,2014-01-30 00:00:00,2014-01-30,217.1,HUMEDO,LATAS,3,True
193,2014-01-30 00:00:00,2014-01-30,7.9,HUMEDO,LATAS,3,True
N022,2014-01-30 00:00:00,2014-01-30,235.1,HUMEDO,LATAS,3,True
365,2014-01-31 00:00:00,2014-01-31,625.6,HUMEDO,LATAS,3,True
237,2014-01-31 00:00:00,2014-01-31,101.0,HUMEDO,LATAS,3,True
350,2014-02-01 00:00:00,2014-02-01,237.8,HUMEDO,LATAS,3,True
105,2014-02-01 00:00:00,2014-02-01,51.0,HUMEDO,LATAS,3,True
125,2014-02-01 00:00:00,2014-02-01,290.6,HUMEDO,LATAS,3,True
249,2014-02-02 00:00:00,2014-02-02,99.6,HUMEDO,LATAS,3,True
400,2014-02-02 00:00:00,2014-02-02,77.3,HUMEDO,LATAS,3,True
N023,2014-02-02 00:00:00,2014-02-02,42.5,HUMEDO,LATAS,3,True
373,2014-02-02 00:00:00,2014-02-02,30.6,SECO,LATAS,3,True
56,2014-02-03 00:00:00,2014-02-03,29.4,HUMEDO,LATAS,3,True
N008,2014-02-03 00:00:00,2014-02-03,53.2,HUMEDO,LATAS,3,True
79,2014-02-03 00:00:00,2014-02-03,43.9,HUMEDO,LATAS,3,True
226,2014-02-03 00:00:00,2014-02-03,34.7,HUMEDO,LATAS,3,True
374,2014-02-03 00:00:00,2014-02-03,14.8,HUMEDO,LATAS,3,True
N015,2014-02-04 00:00:00,2014-02-04,10.7,HUMEDO,LATAS,3,True
350,2014-02-04 00:00:00,2014-02-04,17.8,HUMEDO,LATAS,3,True
382,2014-02-04 00:00:00,2014-02-04,15.7,HUMEDO,LATAS,3,True
124,2014-02-04 00:00:00,2014-02-04,58.1,HUMEDO,LATAS,3,True
278,2014-02-04 00:00:00,2014-02-04,15.6,HUMEDO,LATAS,3,True
353,2014-02-04 00:00:00,2014-02-04,33.2,HUMEDO,LATAS,3,True
N009,2014-02-05 00:00:00,2014-02-05,45.3,HUMEDO,LATAS,3,True
365,2014-02-05 00:00:00,2014-02-05,20.1,HUMEDO,LATAS,3,True
182,2014-02-05 00:00:00,2014-02-05,150.4,HUMEDO,LATAS,3,True
289,2014-02-05 00:00:00,2014-02-05,11.8,HUMEDO,LATAS,3,True
349,2014-02-06 00:00:00,2014-02-06,104.5,HUMEDO,LATAS,3,True
N024,2014-02-06 00:00:00,2014-02-06,3.5,HUMEDO,LATAS,3,True
172,2014-02-06 00:00:00,2014-02-06,49.6,HUMEDO,LATAS,3,True
380,2014-02-06 00:00:00,2014-02-06,39.2,HUMEDO,LATAS,3,True
246,2014-02-06 00:00:00,2014-02-06,50.2,HUMEDO,LATAS,3,True
N007,2014-02-06 00:00:00,2014-02-06,12.0,HUMEDO,LATAS,3,True
202,2014-02-06 00:00:00,2014-02-06,34.4,HUMEDO,LATAS,3,True
14,2014-02-07 00:00:00,2014-02-07,39.8,HUMEDO,LATAS,3,True
230,2014-02-07 00:00:00,2014-02-07,6.4,HUMEDO,LATAS,3,True
347,2014-02-07 00:00:00,2014-02-07,7.0,HUMEDO,LATAS,3,True
N011,2014-02-07 00:00:00,2014-02-07,114.9,HUMEDO,LATAS,3,True
356,2014-02-07 00:00:00,2014-02-07,193.8,HUMEDO,LATAS,3,True
N007,2014-02-07 00:00:00,2014-02-07,19.0,HUMEDO,LATAS,3,True
82,2014-02-08 00:00:00,2014-02-08,81.7,HUMEDO,LATAS,3,True
N022,2014-02-08 00:00:00,2014-02-08,23.8,HUMEDO,LATAS,3,True
113,2014-02-08 00:00:00,2014-02-08,101.8,HUMEDO,LATAS,3,True
N020,2014-02-08 00:00:00,2014-02-08,21.2,HUMEDO,LATAS,3,True
N013,2014-02-08 00:00:00,2014-02-08,17.2,HUMEDO,LATAS,3,True
N005,2014-02-08 00:00:00,2014-02-08,71.2,HUMEDO,LATAS,3,True
119,2014-02-08 00:00:00,2014-02-08,5.7,HUMEDO,LATAS,3,True
N012,2014-02-09 00:00:00,2014-02-09,26.8,HUMEDO,LATAS,3,True
N004,2014-02-09 00:00:00,2014-02-09,2.8,HUMEDO,LATAS,3,True
365,2014-02-09 00:00:00,2014-02-09,5.1,HUMEDO,LATAS,3,True
249,2014-02-09 00:00:00,2014-02-09,6.5,HUMEDO,LATAS,3,True
114,2014-02-09 00:00:00,2014-02-09,85.1,HUMEDO,LATAS,3,True
293,2014-02-09 00:00:00,2014-02-09,102.1,HUMEDO,LATAS,3,True
238,2014-02-09 00:00:00,2014-02-09,73.8,HUMEDO,LATAS,3,True
255,2014-02-09 00:00:00,2014-02-09,13.5,HUMEDO,LATAS,3,True
N023,2014-02-09 00:00:00,2014-02-09,23.9,HUMEDO,LATAS,3,True
46,2014-02-10 00:00:00,2014-02-10,110.3,HUMEDO,LATAS,3,True
118,2014-02-10 00:00:00,2014-02-10,9.9,HUMEDO,LATAS,3,True
226,2014-02-10 00:00:00,2014-02-10,73.1,HUMEDO,LATAS,3,True
338,2014-02-10 00:00:00,2014-02-10,33.9,HUMEDO,LATAS,3,True
335,2014-02-10 00:00:00,2014-02-10,36.0,HUMEDO,LATAS,3,True
356,2014-02-10 00:00:00,2014-02-10,32.5,HUMEDO,LATAS,3,True
82,2014-02-10 00:00:00,2014-02-10,64.4,HUMEDO,LATAS,3,True
368,2014-02-11 00:00:00,2014-02-11,10.1,HUMEDO,LATAS,3,True
332,2014-02-11 00:00:00,2014-02-11,49.3,HUMEDO,LATAS,3,True
45,2014-02-11 00:00:00,2014-02-11,230.4,HUMEDO,LATAS,3,True
185,2014-02-11 00:00:00,2014-02-11,10.8,HUMEDO,LATAS,3,True
349,2014-02-11 00:00:00,2014-02-11,20.0,HUMEDO,LATAS,3,True
N017,2014-02-11 00:00:00,2014-02-11,6.8,HUMEDO,LATAS,3,True
247,2014-02-11 00:00:00,2014-02-11,36.6,HUMEDO,LATAS,3,True
400,2014-02-12 00:00:00,2014-02-12,13.5,HUMEDO,LATAS,3,True
380,2014-02-12 00:00:00,2014-02-12,4.9,HUMEDO,LATAS,3,True
N020,2014-02-12 00:00:00,2014-02-12,47.0,HUMEDO,LATAS,3,True
234,2014-02-12 00:00:00,2014-02-12,47.4,HUMEDO,LATAS,3,True
118,2014-02-12 00:00:00,2014-02-12,1.2,HUMEDO,LATAS,3,True
382,2014-02-12 00:00:00,2014-02-12,1.0,HUMEDO,LATAS,3,True
282,2014-02-12 00:00:00,2014-02-12,23.0,HUMEDO,LATAS,3,True
272,2014-02-12 00:00:00,2014-02-12,48.5,HUMEDO,LATAS,3,True
79,2014-02-12 00:00:00,2014-02-12,4.9,HUMEDO,LATAS,3,True
273,2014-02-13 00:00:00,2014-02-13,47.1,HUMEDO,LATAS,3,True
N016,2014-02-13 00:00:00,2014-02-13,25.8,HUMEDO,LATAS,3,True
N023,2014-02-13 00:00:00,2014-02-13,28.7,HUMEDO,LATAS,3,True
83,2014-02-13 00:00:00,2014-02-13,3.8,HUMEDO,LATAS,3,True
374,2014-02-13 00:00:00,2014-02-13,42.6,HUMEDO,LATAS,3,True
N006,2014-02-13 00:00:00,2014-02-13,17.0,HUMEDO,LATAS,3,True
332,2014-02-13 00:00:00,2014-02-13,6.9,HUMEDO,LATAS,3,True
N017,2014-02-13 00:00:00,2014-02-13,11.4,HUMEDO,LATAS,3,True
114,2014-02-13 00:00:00,2014-02-13,4.0,HUMEDO,LATAS,3,True
291,2014-02-14 00:00:00,2014-02-14,96.5,HUMEDO,LATAS,3,True
127,2014-02-14 00:00:00,2014-02-14,15.2,HUMEDO,LATAS,3,True
23,2014-02-14 00:00:00,2014-02-14,32.6,HUMEDO,LATAS,3,True
400,2014-02-14 00:00:00,2014-02-14,66.7,HUMEDO,LATAS,3,True
353,2014-02-14 00:00:00,2014-02-14,59.8,HUMEDO,LATAS,3,True
202,2014-02-14 00:00:00,2014-02-14,115.3,HUMEDO,LATAS,3,True
227,2014-02-14 00:00:00,2014-02-14,25.8,HUMEDO,LATAS,3,True
N002,2014-02-14 00:00:00,2014-02-14,75.5,HUMEDO,LATAS,3,True
231,2014-02-14 00:00:00,2014-02-14,74.9,SECO,LATAS,3,True
395,2014-02-14 00:00:00,2014-02-14,36.1,HUMEDO,LATAS,3,True
N017,2014-02-14 00:00:00,2014-02-14,10.2,HUMEDO,LATAS,3,True
48,2014-02-14 00:00:00,2014-02-14,36.4,HUMEDO,LATAS,3,True
N024,2014-02-14 00:00:00,2014-02-14,74.9,HUMEDO,LATAS,3,True
N009,2014-02-15 00:00:00,2014-02-15,191.5,HUMEDO,LATAS,3,True
N010,2014-02-15 00:00:00,2014-02-15,52.2,HUMEDO,LATAS,3,True
114,2014-02-15 00:00:00,2014-02-15,130.1,HUMEDO,LATAS,3,True
351,2014-02-15 00:00:00,2014-02-15,52.3,HUMEDO,LATAS,3,True
400,2014-02-15 00:00:00,2014-02-15,51.3,HUMEDO,LATAS,3,True
N006,2014-02-15 00:00:00,2014-02-15,272.7,HUMEDO,LATAS,3,True
235,2014-02-15 00:00:00,2014-02-15,51.0,HUMEDO,LATAS,3,True
233,2014-02-16 00:00:00,2014-02-16,119.7,HUMEDO,LATAS,3,True
200,2014-02-16 00:00:00,2014-02-16,71.4,HUMEDO,LATAS,3,True
N002,2014-02-16 00:00:00,2014-02-16,40.9,HUMEDO,LATAS,3,True
387,2014-02-16 00:00:00,2014-02-16,5.0,HUMEDO,LATAS,3,True
202,2014-02-16 00:00:00,2014-02-16,15.0,HUMEDO,LATAS,3,True
237,2014-02-16 00:00:00,2014-02-16,133.4,HUMEDO,LATAS,3,True
277,2014-02-16 00:00:00,2014-02-16,51.9,HUMEDO,LATAS,3,True
125,2014-02-17 00:00:00,2014-02-17,52.8,HUMEDO,LATAS,3,True
351,2014-02-17 00:00:00,2014-02-17,2.9,HUMEDO,LATAS,3,True
249,2014-02-17 00:00:00,2014-02-17,237.7,HUMEDO,LATAS,3,True
23,2014-02-18 00:00:00,2014-02-18,12.6,HUMEDO,LATAS,3,True
310,2014-02-18 00:00:00,2014-02-18,68.5,HUMEDO,LATAS,3,True
282,2014-02-18 00:00:00,2014-02-18,1.1,HUMEDO,LATAS,3,True
56,2014-02-18 00:00:00,2014-02-18,48.3,HUMEDO,LATAS,3,True
344,2014-02-18 00:00:00,2014-02-18,21.1,HUMEDO,LATAS,3,True
48,2014-02-18 00:00:00,2014-02-18,188.7,HUMEDO,LATAS,3,True
N020,2014-02-18 00:00:00,2014-02-18,9.3,HUMEDO,LATAS,3,True
271,2014-02-19 00:00:00,2014-02-19,37.6,HUMEDO,LATAS,3,True
N015,2014-02-19 00:00:00,2014-02-19,5.4,HUMEDO,LATAS,3,True
356,2014-02-19 00:00:00,2014-02-19,165.6,HUMEDO,LATAS,3,True
273,2014-02-19 00:00:00,2014-02-19,32.7,HUMEDO,LATAS,3,True
29,2014-02-19 00:00:00,2014-02-19,61.6,HUMEDO,LATAS,3,True
N007,2014-02-19 00:00:00,2014-02-19,49.3,HUMEDO,LATAS,3,True
310,2014-02-20 00:00:00,2014-02-20,6.1,HUMEDO,LATAS,3,True
236,2014-02-20 00:00:00,2014-02-20,43.3,HUMEDO,LATAS,3,True
387,2014-02-20 00:00:00,2014-02-20,26.3,HUMEDO,LATAS,3,True
185,2014-02-20 00:00:00,2014-02-20,22.0,HUMEDO,LATAS,3,True
46,2014-02-20 00:00:00,2014-02-20,363.6,HUMEDO,LATAS,3,True
351,2014-02-20 00:00:00,2014-02-20,16.0,HUMEDO,LATAS,3,True
277,2014-02-20 00:00:00,2014-02-20,60.2,HUMEDO,LATAS,3,True
190,2014-02-21 00:00:00,2014-02-21,15.2,HUMEDO,LATAS,3,True
282,2014-02-21 00:00:00,2014-02-21,65.9,HUMEDO,LATAS,3,True
N012,2014-02-21 00:00:00,2014-02-21,232.8,HUMEDO,LATAS,3,True
175,2014-02-21 00:00:00,2014-02-21,144.5,HUMEDO,LATAS,3,True
7,2014-02-22 00:00:00,2014-02-22,49.6,HUMEDO,LATAS,3,True
371,2014-02-22 00:00:00,2014-02-22,9.1,HUMEDO,LATAS,3,True
278,2014-02-22 00:00:00,2014-02-22,3.4,HUMEDO,LATAS,3,True
332,2014-02-22 00:00:00,2014-02-22,20.6,HUMEDO,LATAS,3,True
157,2014-02-22 00:00:00,2014-02-22,22.2,HUMEDO,LATAS,3,True
228,2014-02-22 00:00:00,2014-02-22,10.9,HUMEDO,LATAS,3,True
347,2014-02-22 00:00:00,2014-02-22,9.3,HUMEDO,LATAS,3,True
N023,2014-02-22 00:00:00,2014-02-22,14.3,HUMEDO,LATAS,3,True
202,2014-02-22 00:00:00,2014-02-22,67.6,HUMEDO,LATAS,3,True
234,2014-02-22 00:00:00,2014-02-22,22.3,HUMEDO,LATAS,3,True
17,2014-02-23 00:00:00,2014-02-23,6.8,HUMEDO,LATAS,3,True
N010,2014-02-23 00:00:00,2014-02-23,202.0,HUMEDO,LATAS,3,True
234,2014-02-24 00:00:00,2014-02-24,12.2,HUMEDO,LATAS,3,True
113,2014-02-24 00:00:00,2014-02-24,117.7,HUMEDO,LATAS,3,True
33,2014-02-24 00:00:00,2014-02-24,19.7,HUMEDO,LATAS,3,True
271,2014-02-24 00:00:00,2014-02-24,38.3,HUMEDO,LATAS,3,True
193,2014-02-24 00:00:00,2014-02-24,17.8,HUMEDO,LATAS,3,True
310,2014-02-24 00:00:00,2014-02-24,4.1,HUMEDO,LATAS,3,True
347,2014-02-24 00:00:00,2014-02-24,7.1,HUMEDO,LATAS,3,True
N009,2014-02-25 00:00:00,2014-02-25,15.3,HUMEDO,LATAS,3,True
157,2014-02-25 00:00:00,2014-02-25,9.0,HUMEDO,LATAS,3,True
186,2014-02-25 00:00:00,2014-02-25,4.0,HUMEDO,LATAS,3,True
246,2014-02-25 00:00:00,2014-02-25,95.5,HUMEDO,LATAS,3,True
7,2014-02-25 00:00:00,2014-02-25,84.1,HUMEDO,LATAS,3,True
350,2014-02-26 00:00:00,2014-02-26,4.9,HUMEDO,LATAS,3,True
335,2014-02-26 00:00:00,2014-02-26,6.5,HUMEDO,LATAS,3,True
45,2014-02-26 00:00:00,2014-02-26,79.7,HUMEDO,LATAS,3,True
N021,2014-02-26 00:00:00,2014-02-26,92.3,HUMEDO,LATAS,3,True
119,2014-02-26 00:00:00,2014-02-26,5.2,HUMEDO,LATAS,3,True
17,2014-02-26 00:00:00,2014-02-26,5.7,SECO,LATAS,3,True
395,2014-02-26 00:00:00,2014-02-26,3.6,HUMEDO,LATAS,3,True
294,2014-02-26 00:00:00,2014-02-26,44.8,HUMEDO,LATAS,3,True
300,2014-02-26 00:00:00,2014-02-26,37.4,HUMEDO,LATAS,3,True
N004,2014-02-26 00:00:00,2014-02-26,8.5,HUMEDO,LATAS,3,True
293,2014-02-26 00:00:00,2014-02-26,45.7,HUMEDO,LATAS,3,True
387,2014-02-27 00:00:00,2014-02-27,33.5,HUMEDO,LATAS,3,True
373,2014-02-27 00:00:00,2014-02-27,25.9,HUMEDO,LATAS,3,True
271,2014-02-27 00:00:00,2014-02-27,1.8,HUMEDO,LATAS,3,True
237,2014-02-27 00:00:00,2014-02-27,3.1,HUMEDO,LATAS,3,True
N009,2014-02-27 00:00:00,2014-02-27,5.3,HUMEDO,LATAS,3,True
401,2014-02-27 00:00:00,2014-02-27,28.3,HUMEDO,LATAS,3,True
125,2014-02-27 00:00:00,2014-02-27,19.5,HUMEDO,LATAS,3,True
175,2014-02-27 00:00:00,2014-02-27,20.4,HUMEDO,LATAS,3,True
356,2014-02-27 00:00:00,2014-02-27,43.2,HUMEDO,LATAS,3,True
364,2014-02-27 00:00:00,2014-02-27,83.4,HUMEDO,LATAS,3,True
79,2014-02-28 00:00:00,2014-02-28,109.7,HUMEDO,LATAS,3,True
282,2014-02-28 00:00:00,2014-02-28,117.0,HUMEDO,LATAS,3,True
356,2014-02-28 00:00:00,2014-02-28,4.8,HUMEDO,LATAS,3,True
N008,2014-02-28 00:00:00,2014-02-28,486.6,HUMEDO,LATAS,3,True
N018,2014-03-01 00:00:00,2014-03-01,57.0,HUMEDO,LATAS,3,True
294,2014-03-01 00:00:00,2014-03-01,74.8,HUMEDO,LATAS,3,True
249,2014-03-01 00:00:00,2014-03-01,22.8,HUMEDO,LATAS,3,True
310,2014-03-01 00:00:00,2014-03-01,194.6,HUMEDO,LATAS,3,True
N005,2014-03-02 00:00:00,2014-03-02,21.9,HUMEDO,LATAS,3,True
293,2014-03-02 00:00:00,2014-03-02,45.4,HUMEDO,LATAS,3,True
N017,2014-03-02 00:00:00,2014-03-02,18.2,HUMEDO,LATAS,3,True
251,2014-03-02 00:00:00,2014-03-02,24.5,HUMEDO,LATAS,3,True
113,2014-03-02 00:00:00,2014-03-02,11.7,HUMEDO,LATAS,3,True
N017,2014-03-03 00:00:00,2014-03-03,17.3,HUMEDO,LATAS,3,True
185,2014-03-03 00:00:00,2014-03-03,42.8,HUMEDO,LATAS,3,True
N004,2014-03-03 00:00:00,2014-03-03,55.5,HUMEDO,LATAS,3,True
382,2014-03-03 00:00:00,2014-03-03,3.2,HUMEDO,LATAS,3,True
56,2014-03-03 00:00:00,2014-03-03,6.7,HUMEDO,QUINTALES,3,True
N008,2014-03-03 00:00:00,2014-03-03,5.7,HUMEDO,LATAS,3,True
276,2014-03-03 00:00:00,2014-03-03,94.2,HUMEDO,LATAS,3,True
33,2014-03-03 00:00:00,2014-03-03,2.2,HUMEDO,LATAS,3,True
310,2014-03-03 00:00:00,2014-03-03,7.2,HUMEDO,LATAS,3,True
N007,2014-03-04 00:00:00,2014-03-04,6.9,HUMEDO,LATAS,3,True
186,2014-03-04 00:00:00,2014-03-04,1.0,HUMEDO,LATAS,3,True
N011,2014-03-04 00:00:00,2014-03-04,36.7,HUMEDO,LATAS,3,True
175,2014-03-04 00:00:00,2014-03-04,40.1,HUMEDO,LATAS,3,True
7,2014-03-04 00:00:00,2014-03-04,5.6,HUMEDO,LATAS,3,True
353,2014-03-04 00:00:00,2014-03-04,40.6,HUMEDO,LATAS,3,True
231,2014-03-05 00:00:00,2014-03-05,59.8,HUMEDO,LATAS,3,True
83,2014-03-05 00:00:00,2014-03-05,25.0,HUMEDO,LATAS,3,True
365,2014-03-06 00:00:00,2014-03-06,11.4,HUMEDO,LATAS,3,True
46,2014-03-06 00:00:00,2014-03-06,1.3,HUMEDO,LATAS,3,True
353,2014-03-06 00:00:00,2014-03-06,5.4,HUMEDO,LATAS,3,True
235,2014-03-06 00:00:00,2014-03-06,1.0,HUMEDO,LATAS,3,True
272,2014-03-06 00:00:00,2014-03-06,43.6,HUMEDO,LATAS,3,True
294,2014-03-06 00:00:00,2014-03-06,7.0,HUMEDO,LATAS,3,True
84,2014-03-06 00:00:00,2014-03-06,5.0,HUMEDO,LATAS,3,True
172,2014-03-06 00:00:00,2014-03-06,12.7,HUMEDO,LATAS,3,True
226,2014-03-07 00:00:00,2014-03-07,5.2,HUMEDO,LATAS,3,True
N021,2014-03-07 00:00:00,2014-03-07,5.9,HUMEDO,LATAS,3,True
N023,2014-03-07 00:00:00,2014-03-07,1.0,HUMEDO,LATAS,3,True
125,2014-03-07 00:00:00,2014-03-07,22.6,HUMEDO,LATAS,3,True
365,2014-03-07 00:00:00,2014-03-07,3.7,HUMEDO,QUINTALES,3,True
276,2014-03-07 00:00:00,2014-03-07,2.6,HUMEDO,LATAS,3,True
251,2014-03-07 00:00:00,2014-03-07,10.5,HUMEDO,LATAS,3,True
332,2014-03-08 00:00:00,2014-03-08,2.0,HUMEDO,LATAS,3,True
185,2014-03-08 00:00:00,2014-03-08,18.8,HUMEDO,LATAS,3,True
127,2014-03-08 00:00:00,2014-03-08,3.0,HUMEDO,LATAS,3,True
346,2014-03-09 00:00:00,2014-03-09,21.9,HUMEDO,LATAS,3,True
353,2014-03-09 00:00:00,2014-03-09,63.0,HUMEDO,LATAS,3,True
371,2014-03-09 00:00:00,2014-03-09,85.9,HUMEDO,LATAS,3,True
47,2014-03-09 00:00:00,2014-03-09,10.5,HUMEDO,LATAS,3,True
387,2014-03-10 00:00:00,2014-03-10,17.0,HUMEDO,LATAS,3,True
118,2014-03-10 00:00:00,2014-03-10,79.2,HUMEDO,LATAS,3,True
N008,2014-03-10 00:00:00,2014-03-10,27.6,HUMEDO,LATAS,3,True
172,2014-03-10 00:00:00,2014-03-10,5.6,HUMEDO,LATAS,3,True
150,2014-03-11 00:00:00,2014-03-11,3.0,HUMEDO,LATAS,3,True
338,2014-03-11 00:00:00,2014-03-11,6.5,HUMEDO,LATAS,3,True
29,2014-03-11 00:00:00,2014-03-11,15.6,HUMEDO,LATAS,3,True
354,2014-03-11 00:00:00,2014-03-11,1.0,HUMEDO,LATAS,3,True
380,2014-03-11 00:00:00,2014-03-11,1.0,HUMEDO,LATAS,3,True
353,2014-03-11 00:00:00,2014-03-11,8.5,HUMEDO,LATAS,3,True
236,2014-03-11 00:00:00,2014-03-11,17.1,HUMEDO,LATAS,3,True
82,2014-03-12 00:00:00,2014-03-12,8.2,HUMEDO,LATAS,3,True
N011,2014-03-12 00:00:00,2014-03-12,1.2,HUMEDO,LATAS,3,True
N014,2014-03-12 00:00:00,2014-03-12,1.1,HUMEDO,LATAS,3,True
253,2014-03-12 00:00:00,2014-03-12,23.2,HUMEDO,LATAS,3,True
368,2014-03-12 00:00:00,2014-03-12,1.0,HUMEDO,LATAS,3,True
344,2014-03-12 00:00:00,2014-03-12,6.4,HUMEDO,LATAS,3,True
N003,2014-03-13 00:00:00,2014-03-13,17.6,HUMEDO,LATAS,3,True
38,2014-03-13 00:00:00,2014-03-13,2.6,SECO,LATAS,3,True
247,2014-03-13 00:00:00,2014-03-13,9.4,HUMEDO,LATAS,3,True
23,2014-03-13 00:00:00,2014-03-13,11.9,HUMEDO,LATAS,3,True
185,2014-03-13 00:00:00,2014-03-13,1.0,HUMEDO,LATAS,3,True
N006,2014-03-13 00:00:00,2014-03-13,8.8,HUMEDO,LATAS,3,True
193,2014-03-13 00:00:00,2014-03-13,4.5,HUMEDO,LATAS,3,True
200,2014-03-13 00:00:00,2014-03-13,21.5,HUMEDO,LATAS,3,True
230,2014-03-13 00:00:00,2014-03-13,9.0,HUMEDO,LATAS,3,True
253,2014-03-14 00:00:00,2014-03-14,6.7,HUMEDO,LATAS,3,True
137,2014-03-14 00:00:00,2014-03-14,2.0,HUMEDO,LATAS,3,True
226,2014-03-14 00:00:00,2014-03-14,7.2,HUMEDO,LATAS,3,True
349,2014-03-14 00:00:00,2014-03-14,7.1,HUMEDO,LATAS,3,True
N018,2014-03-14 00:00:00,2014-03-14,8.0,SECO,LATAS,3,True
84,2014-03-14 00:00:00,2014-03-14,1.0,HUMEDO,LATAS,3,True
371,2014-03-14 00:00:00,2014-03-14,8.0,HUMEDO,LATAS,3,True
382,2014-03-14 00:00:00,2014-03-14,4.6,HUMEDO,LATAS,3,True
300,2014-03-14 00:00:00,2014-03-14,7.7,HUMEDO,LATAS,3,True
399,2014-03-14 00:00:00,2014-03-14,5.7,HUMEDO,LATAS,3,True
276,2014-03-14 00:00:00,2014-03-14,13.6,HUMEDO,LATAS,3,True
365,2014-03-14 00:00:00,2014-03-14,3.0,HUMEDO,LATAS,3,True
N002,2014-03-15 00:00:00,2014-03-15,1.0,HUMEDO,LATAS,3,True
364,2014-03-15 00:00:00,2014-03-15,7.6,HUMEDO,LATAS,3,True
346,2014-03-15 00:00:00,2014-03-15,3.4,HUMEDO,LATAS,3,True
N022,2014-03-15 00:00:00,2014-03-15,2.2,HUMEDO,LATAS,3,True
190,2014-03-15 00:00:00,2014-03-15,4.0,HUMEDO,LATAS,3,True
N007,2014-03-15 00:00:00,2014-03-15,38.3,HUMEDO,LATAS,3,True
7,2014-03-15 00:00:00,2014-03-15,8.3,HUMEDO,LATAS,3,True
193,2014-03-15 00:00:00,2014-03-15,2.2,HUMEDO,LATAS,3,True
247,2014-03-15 00:00:00,2014-03-15,3.4,HUMEDO,LATAS,3,True
193,2014-03-16 00:00:00,2014-03-16,18.0,SECO,LATAS,3,True
300,2014-03-16 00:00:00,2014-03-16,5.9,HUMEDO,LATAS,3,True
251,2014-03-16 00:00:00,2014-03-16,24.6,HUMEDO,LATAS,3,True
127,2014-03-16 00:00:00,2014-03-16,74.9,HUMEDO,LATAS,3,True
247,2014-03-16 00:00:00,2014-03-16,50.1,HUMEDO,LATAS,3,True
185,2014-03-18 00:00:00,2014-03-18,24.6,HUMEDO,LATAS,3,True
150,2014-03-18 00:00:00,2014-03-18,49.7,HUMEDO,LATAS,3,True
231,2014-03-18 00:00:00,2014-03-18,1.3,HUMEDO,LATAS,3,True
293,2014-03-18 00:00:00,2014-03-18,141.5,HUMEDO,LATAS,3,True
401,2014-03-18 00:00:00,2014-03-18,61.6,HUMEDO,LATAS,3,True
175,2014-03-18 00:00:00,2014-03-18,77.7,HUMEDO,LATAS,3,True
N013,2014-03-18 00:00:00,2014-03-18,1.0,HUMEDO,LATAS,3,True
157,2014-03-18 00:00:00,2014-03-18,26.3,HUMEDO,LATAS,3,True
N005,2014-03-19 00:00:00,2014-03-19,9.7,HUMEDO,LATAS,3,True
354,2014-03-19 00:00:00,2014-03-19,15.1,HUMEDO,LATAS,3,True
177,2014-03-19 00:00:00,2014-03-19,23.0,HUMEDO,LATAS,3,True
228,2014-03-19 00:00:00,2014-03-19,12.0,HUMEDO,LATAS,3,True
137,2014-03-19 00:00:00,2014-03-19,10.5,HUMEDO,LATAS,3,True
N007,2014-03-19 00:00:00,2014-03-19,1.2,HUMEDO,LATAS,3,True
N006,2014-03-19 00:00:00,2014-03-19,77.3,HUMEDO,LATAS,3,True
373,2014-03-19 00:00:00,2014-03-19,18.8,HUMEDO,LATAS,3,True
273,2014-03-19 00:00:00,2014-03-19,40.1,HUMEDO,LATAS,3,True
124,2014-03-19 00:00:00,2014-03-19,34.8,HUMEDO,LATAS,3,True
79,2014-03-20 00:00:00,2014-03-20,2.7,HUMEDO,LATAS,3,True
261,2014-03-20 00:00:00,2014-03-20,26.9,HUMEDO,LATAS,3,True
238,2014-03-20 00:00:00,2014-03-20,9.8,HUMEDO,LATAS,3,True
N020,2014-03-20 00:00:00,2014-03-20,39.0,HUMEDO,LATAS,3,True
125,2014-03-20 00:00:00,2014-03-20,6.3,HUMEDO,LATAS,3,True
350,2014-03-20 00:00:00,2014-03-20,5.4,HUMEDO,LATAS,3,True
54,2014-03-20 00:00:00,2014-03-20,2.9,HUMEDO,LATAS,3,True
85,2014-03-21 00:00:00,2014-03-21,16.1,HUMEDO,LATAS,3,True
346,2014-03-21 00:00:00,2014-03-21,1.0,HUMEDO,LATAS,3,True
271,2014-03-21 00:00:00,2014-03-21,9.3,HUMEDO,LATAS,3,True
N021,2014-03-21 00:00:00,2014-03-21,4.1,HUMEDO,LATAS,3,True
351,2014-03-21 00:00:00,2014-03-21,22.5,SECO,LATAS,3,True
350,2014-03-21 00:00:00,2014-03-21,1.2,HUMEDO,LATAS,3,True
54,2014-03-21 00:00:00,2014-03-21,1.6,HUMEDO,LATAS,3,True
N001,2014-03-21 00:00:00,2014-03-21,1.0,HUMEDO,LATAS,3,True
N017,2014-03-21 00:00:00,2014-03-21,22.2,HUMEDO,LATAS,3,True
186,2014-03-21 00:00:00,2014-03-21,16.3,HUMEDO,LATAS,3,True
282,2014-03-22 00:00:00,2014-03-22,57.7,HUMEDO,LATAS,3,True
173,2014-03-22 00:00:00,2014-03-22,25.0,HUMEDO,LATAS,3,True
278,2014-03-22 00:00:00,2014-03-22,12.9,SECO,LATAS,3,True
251,2014-03-22 00:00:00,2014-03-22,1.0,HUMEDO,LATAS,3,True
226,2014-03-22 00:00:00,2014-03-22,11.1,HUMEDO,LATAS,3,True
397,2014-03-23 00:00:00,2014-03-23,35.8,HUMEDO,LATAS,3,True
17,2014-03-23 00:00:00,2014-03-23,4.4,HUMEDO,LATAS,3,True
351,2014-03-23 00:00:00,2014-03-23,23.7,HUMEDO,LATAS,3,True
56,2014-03-23 00:00:00,2014-03-23,18.5,HUMEDO,LATAS,3,True
249,2014-03-23 00:00:00,2014-03-23,31.5,HUMEDO,LATAS,3,True
14,2014-03-23 00:00:00,2014-03-23,13.6,HUMEDO,LATAS,3,True
N008,2014-03-23 00:00:00,2014-03-23,19.4,HUMEDO,LATAS,3,True
43,2014-03-24 00:00:00,2014-03-24,30.7,HUMEDO,LATAS,3,True
N002,2014-03-24 00:00:00,2014-03-24,13.1,HUMEDO,LATAS,3,True
14,2014-03-24 00:00:00,2014-03-24,5.2,SECO,LATAS,3,True
272,2014-03-24 00:00:00,2014-03-24,26.9,HUMEDO,LATAS,3,True
45,2014-03-24 00:00:00,2014-03-24,2.2,HUMEDO,LATAS,3,True
N015,2014-03-25 00:00:00,2014-03-25,13.0,HUMEDO,LATAS,3,True
364,2014-03-25 00:00:00,2014-03-25,4.2,HUMEDO,LATAS,3,True
200,2014-03-25 00:00:00,2014-03-25,20.6,HUMEDO,LATAS,3,True
289,2014-03-25 00:00:00,2014-03-25,19.8,HUMEDO,LATAS,3,True
N007,2014-03-25 00:00:00,2014-03-25,11.7,HUMEDO,LATAS,3,True
234,2014-03-25 00:00:00,2014-03-25,7.6,HUMEDO,LATAS,3,True
351,2014-03-26 00:00:00,2014-03-26,1.0,HUMEDO,LATAS,3,True
114,2014-03-26 00:00:00,2014-03-26,14.5,HUMEDO,LATAS,3,True
382,2014-03-26 00:00:00,2014-03-26,1.0,HUMEDO,LATAS,3,True
247,2014-03-26 00:00:00,2014-03-26,1.2,HUMEDO,LATAS,3,True
346,2014-03-26 00:00:00,2014-03-26,1.8,HUMEDO,LATAS,3,True
119,2014-03-26 00:00:00,2014-03-26,6.2,HUMEDO,LATAS,3,True
45,2014-03-26 00:00:00,2014-03-26,4.4,HUMEDO,LATAS,3,True
349,2014-03-26 00:00:00,2014-03-26,17.3,HUMEDO,LATAS,3,True
127,2014-03-26 00:00:00,2014-03-26,1.0,HUMEDO,LATAS,3,True
231,2014-03-26 00:00:00,2014-03-26,8.5,HUMEDO,LATAS,3,True
173,2014-03-28 00:00:00,2014-03-28,1.1,HUMEDO,LATAS,3,True
273,2014-03-28 00:00:00,2014-03-28,2.3,HUMEDO,LATAS,3,True
N006,2014-03-28 00:00:00,2014-03-28,1.8,HUMEDO,LATAS,3,True
N020,2014-03-28 00:00:00,2014-03-28,1.0,HUMEDO,LATAS,3,True
293,2014-03-28 00:00:00,2014-03-28,1.2,HUMEDO,LATAS,3,True
246,2014-03-28 00:00:00,2014-03-28,1.0,HUMEDO,LATAS,3,True
38,2014-03-28 00:00:00,2014-03-28,2.2,HUMEDO,LATAS,3,True
356,2014-03-28 00:00:00,2014-03-28,1.1,HUMEDO,LATAS,3,True
N008,2014-03-28 00:00:00,2014-03-28,2.9,HUMEDO,LATAS,3,True
N012,2014-03-28 00:00:00,2014-03-28,2.9,HUMEDO,LATAS,3,True
119,2014-03-28 00:00:00,2014-03-28,1.9,HUMEDO,LATAS,3,True
349,2014-03-29 00:00:00,2014-03-29,3.7,HUMEDO,LATAS,3,True
281,2014-03-29 00:00:00,2014-03-29,2.4,HUMEDO,LATAS,3,True
N005,2014-03-29 00:00:00,2014-03-29,7.5,HUMEDO,LATAS,3,True
118,2014-03-29 00:00:00,2014-03-29,41.4,HUMEDO,LATAS,3,True
186,2014-03-29 00:00:00,2014-03-29,4.7,HUMEDO,LATAS,3,True
259,2014-03-29 00:00:00,2014-03-29,1.5,HUMEDO,LATAS,3,True
N019,2014-03-30 00:00:00,2014-03-30,4.5,HUMEDO,LATAS,3,True
353,2014-03-30 00:00:00,2014-03-30,1.2,HUMEDO,LATAS,3,True
382,2014-03-30 00:00:00,2014-03-30,1.0,HUMEDO,LATAS,3,True
185,2014-03-30 00:00:00,2014-03-30,28.5,HUMEDO,LATAS,3,True
375,2014-03-30 00:00:00,2014-03-30,5.5,HUMEDO,LATAS,3,True
231,2014-03-30 00:00:00,2014-03-30,4.2,HUMEDO,LATAS,3,True
247,2014-03-31 00:00:00,2014-03-31,6.2,HUMEDO,LATAS,3,True
332,2014-03-31 00:00:00,2014-03-31,3.1,HUMEDO,LATAS,3,True
271,2014-03-31 00:00:00,2014-03-31,26.3,HUMEDO,LATAS,3,True
282,2014-04-15 00:00:00,2014-04-15,1.1,HUMEDO,LATAS,3,True
114,2014-04-15 00:00:00,2014-04-15,2.2,HUMEDO,LATAS,3,True
190,2014-04-15 00:00:00,2014-04-15,5.4,HUMEDO,LATAS,3,True
373,2014-04-15 00:00:00,2014-04-15,1.2,HUMEDO,LATAS,3,True
356,2014-04-15 00:00:00,2014-04-15,1.0,HUMEDO,LATAS,3,True
353,2014-04-15 00:00:00,2014-04-15,5.5,HUMEDO,LATAS,3,True
N013,2014-04-15 00:00:00,2014-04-15,1.1,HUMEDO,LATAS,3,True
235,2014-04-15 00:00:00,2014-04-15,13.9,HUMEDO,LATAS,3,True
227,2014-04-15 00:00:00,2014-04-15,1.0,HUMEDO,LATAS,3,True
177,2014-04-15 00:00:00,2014-04-15,1.0,HUMEDO,LATAS,3,True
375,2014-04-16 00:00:00,2014-04-16,1.7,HUMEDO,LATAS,3,True
124,2014-04-16 00:00:00,2014-04-16,13.2,HUMEDO,LATAS,3,True
86,2014-04-16 00:00:00,2014-04-16,8.1,HUMEDO,LATAS,3,True
N010,2014-04-16 00:00:00,2014-04-16,5.3,HUMEDO,LATAS,3,True
392,2014-04-16 00:00:00,2014-04-16,1.0,HUMEDO,LATAS,3,True
N005,2014-04-16 00:00:00,2014-04-16,1.0,HUMEDO,LATAS,3,True
379,2014-04-30 00:00:00,2014-04-30,9.7,HUMEDO,LATAS,3,True
368,2014-04-30 00:00:00,2014-04-30,2.2,HUMEDO,LATAS,3,True
272,2014-04-30 00:00:00,2014-04-30,1.1,HUMEDO,LATAS,3,True
N017,2014-04-30 00:00:00,2014-04-30,6.2,HUMEDO,LATAS,3,True
79,2014-04-30 00:00:00,2014-04-30,2.4,HUMEDO,LATAS,3,True
247,2014-04-30 00:00:00,2014-04-30,2.1,HUMEDO,LATAS,3,True
234,2014-04-30 00:00:00,2014-04-30,1.2,HUMEDO,LATAS,3,True
N010,2014-04-30 00:00:00,2014-04-30,3.4,HUMEDO,LATAS,3,True
219,2014-04-30 00:00:00,2014-04-30,8.3,HUMEDO,LATAS,3,True
185,2014-04-30 00:00:00,2014-04-30,4.4,HUMEDO,LATAS,3,True
300,2014-05-20 00:00:00,2014-05-20,1.1,HUMEDO,LATAS,3,True
373,2014-05-20 00:00:00,2014-05-20,1.0,HUMEDO,LATAS,3,True
N019,2014-05-20 00:00:00,2014-05-20,1.0,HUMEDO,LATAS,3,True
127,2014-05-20 00:00:00,2014-05-20,1.0,HUMEDO,LATAS,3,True
365,2014-05-20 00:00:00,2014-05-20,1.0,HUMEDO,LATAS,3,True
177,2014-05-20 00:00:00,2014-05-20,1.1,HUMEDO,LATAS,3,True
293,2014-05-20 00:00:00,2014-05-20,1.0,HUMEDO,LATAS,3,True
379,2014-05-21 00:00:00,2014-05-21,3.9,HUMEDO,LATAS,3,True
46,2014-05-21 00:00:00,2014-05-21,1.0,HUMEDO,LATAS,3,True
137,2014-05-21 00:00:00,2014-05-21,1.4,HUMEDO,LATAS,3,True
N002,2014-10-02 00:00:00,2014-10-02,6.4,HUMEDO,LATAS,4,True
114,2014-10-02 00:00:00,2014-10-02,95.8,HUMEDO,LATAS,4,True
231,2014-10-03 00:00:00,2014-10-03,18.8,HUMEDO,LATAS,4,True
45,2014-10-03 00:00:00,2014-10-03,34.4,HUMEDO,LATAS,4,True
346,2014-10-03 00:00:00,2014-10-03,45.8,HUMEDO,LATAS,4,True
354,2014-10-04 00:00:00,2014-10-04,84.7,HUMEDO,LATAS,4,True
172,2014-10-07 00:00:00,2014-10-07,422.9,HUMEDO,LATAS,4,True
335,2014-10-07 00:00:00,2014-10-07,105.2,HUMEDO,LATAS,4,True
119,2014-10-08 00:00:00,2014-10-08,61.2,HUMEDO,LATAS,4,True
N008,2014-10-08 00:00:00,2014-10-08,37.5,HUMEDO,LATAS,4,True
N027,2014-10-08 00:00:00,2014-10-08,69.1,HUMEDO,LATAS,4,True
N024,2014-10-08 00:00:00,2014-10-08,25.3,HUMEDO,LATAS,4,True
255,2014-10-08 00:00:00,2014-10-08,14.8,HUMEDO,LATAS,4,True
N023,2014-10-09 00:00:00,2014-10-09,124.3,HUMEDO,LATAS,4,True
N001,2014-10-09 00:00:00,2014-10-09,120.7,HUMEDO,LATAS,4,True
7,2014-10-09 00:00:00,2014-10-09,107.5,HUMEDO,LATAS,4,True
294,2014-10-10 00:00:00,2014-10-10,161.1,HUMEDO,LATAS,4,True
282,2014-10-10 00:00:00,2014-10-10,101.2,HUMEDO,LATAS,4,True
38,2014-10-10 00:00:00,2014-10-10,97.5,HUMEDO,LATAS,4,True
364,2014-10-10 00:00:00,2014-10-10,16.5,HUMEDO,LATAS,4,True
251,2014-10-10 00:00:00,2014-10-10,57.0,HUMEDO,LATAS,4,True
N013,2014-10-16 00:00:00,2014-10-16,35.6,HUMEDO,LATAS,4,True
247,2014-10-16 00:00:00,2014-10-16,12.5,HUMEDO,LATAS,4,True
273,2014-10-16 00:00:00,2014-10-16,34.7,HUMEDO,LATAS,4,True
228,2014-10-16 00:00:00,2014-10-16,98.7,HUMEDO,LATAS,4,True
350,2014-10-16 00:00:00,2014-10-16,86.4,HUMEDO,LATAS,4,True
N008,2014-10-16 00:00:00,2014-10-16,132.2,HUMEDO,LATAS,4,True
251,2014-10-16 00:00:00,2014-10-16,7.1,HUMEDO,LATAS,4,True
353,2014-10-16 00:00:00,2014-10-16,16.8,HUMEDO,LATAS,4,True
29,2014-10-17 00:00:00,2014-10-17,154.0,HUMEDO,LATAS,4,True
255,2014-10-17 00:00:00,2014-10-17,296.4,HUMEDO,LATAS,4,True
344,2014-10-17 00:00:00,2014-10-17,136.1,HUMEDO,LATAS,4,True
83,2014-10-17 00:00:00,2014-10-17,145.6,HUMEDO,LATAS,4,True
272,2014-10-17 00:00:00,2014-10-17,501.2,HUMEDO,LATAS,4,True
14,2014-10-17 00:00:00,2014-10-17,775.0,HUMEDO,LATAS,4,True
48,2014-10-18 00:00:00,2014-10-18,110.0,HUMEDO,LATAS,4,True
38,2014-10-18 00:00:00,2014-10-18,124.0,HUMEDO,LATAS,4,True
349,2014-10-18 00:00:00,2014-10-18,165.4,HUMEDO,LATAS,4,True
246,2014-10-18 00:00:00,2014-10-18,117.5,HUMEDO,LATAS,4,True
293,2014-10-18 00:00:00,2014-10-18,31.2,HUMEDO,LATAS,4,True
82,2014-10-18 00:00:00,2014-10-18,159.1,HUMEDO,LATAS,4,True
N015,2014-10-18 00:00:00,2014-10-18,67.2,HUMEDO,LATAS,4,True
392,2014-10-18 00:00:00,2014-10-18,164.6,HUMEDO,LATAS,4,True
186,2014-10-19 00:00:00,2014-10-19,134.4,HUMEDO,LATAS,4,True
N013,2014-10-19 00:00:00,2014-10-19,143.6,HUMEDO,LATAS,4,True
N021,2014-10-19 00:00:00,2014-10-19,13.6,HUMEDO,LATAS,4,True
175,2014-10-19 00:00:00,2014-10-19,142.5,HUMEDO,LATAS,4,True
247,2014-10-19 00:00:00,2014-10-19,7.2,HUMEDO,LATAS,4,True
187,2014-10-19 00:00:00,2014-10-19,22.0,HUMEDO,LATAS,4,True
300,2014-10-20 00:00:00,2014-10-20,20.4,HUMEDO,LATAS,4,True
86,2014-10-20 00:00:00,2014-10-20,33.3,HUMEDO,LATAS,4,True
238,2014-10-20 00:00:00,2014-10-20,10.9,HUMEDO,LATAS,4,True
379,2014-10-20 00:00:00,2014-10-20,32.0,HUMEDO,LATAS,4,True
173,2014-10-20 00:00:00,2014-10-20,65.7,HUMEDO,LATAS,4,True
231,2014-10-20 00:00:00,2014-10-20,91.0,HUMEDO,LATAS,4,True
113,2014-10-20 00:00:00,2014-10-20,83.2,HUMEDO,LATAS,4,True
277,2014-10-20 00:00:00,2014-10-20,1.2,HUMEDO,LATAS,4,True
N004,2014-10-20 00:00:00,2014-10-20,12.7,HUMEDO,LATAS,4,True
N020,2014-10-21 00:00:00,2014-10-21,21.2,HUMEDO,LATAS,4,True
N003,2014-10-21 00:00:00,2014-10-21,14.9,HUMEDO,LATAS,4,True
N016,2014-10-21 00:00:00,2014-10-21,7.4,HUMEDO,LATAS,4,True
N014,2014-10-21 00:00:00,2014-10-21,20.1,HUMEDO,LATAS,4,True
N010,2014-10-21 00:00:00,2014-10-21,23.7,HUMEDO,LATAS,4,True
289,2014-10-21 00:00:00,2014-10-21,21.6,HUMEDO,LATAS,4,True
233,2014-10-21 00:00:00,2014-10-21,20.4,HUMEDO,LATAS,4,True
399,2014-10-21 00:00:00,2014-10-21,36.6,HUMEDO,LATAS,4,True
400,2014-10-21 00:00:00,2014-10-21,37.6,HUMEDO,LATAS,4,True
356,2014-10-21 00:00:00,2014-10-21,23.1,HUMEDO,LATAS,4,True
56,2014-10-21 00:00:00,2014-10-21,5.2,HUMEDO,LATAS,4,True
277,2014-10-22 00:00:00,2014-10-22,75.7,HUMEDO,LATAS,4,True
351,2014-10-22 00:00:00,2014-10-22,1.2,HUMEDO,LATAS,4,True
105,2014-10-22 00:00:00,2014-10-22,8.2,HUMEDO,LATAS,4,True
294,2014-10-22 00:00:00,2014-10-22,271.9,HUMEDO,LATAS,4,True
200,2014-10-22 00:00:00,2014-10-22,85.2,HUMEDO,LATAS,4,True
56,2014-10-23 00:00:00,2014-10-23,42.2,HUMEDO,LATAS,4,True
255,2014-10-23 00:00:00,2014-10-23,25.0,HUMEDO,LATAS,4,True
N018,2014-10-23 00:00:00,2014-10-23,121.6,HUMEDO,LATAS,4,True
N032,2014-10-23 00:00:00,2014-10-23,35.5,HUMEDO,LATAS,4,True
281,2014-10-23 00:00:00,2014-10-23,117.0,HUMEDO,LATAS,4,True
397,2014-10-23 00:00:00,2014-10-23,73.1,HUMEDO,LATAS,4,True
400,2014-10-23 00:00:00,2014-10-23,16.9,HUMEDO,LATAS,4,True
401,2014-10-23 00:00:00,2014-10-23,92.6,HUMEDO,LATAS,4,True
349,2014-10-24 00:00:00,2014-10-24,36.9,HUMEDO,LATAS,4,True
346,2014-10-24 00:00:00,2014-10-24,23.8,HUMEDO,LATAS,4,True
56,2014-10-24 00:00:00,2014-10-24,440.0,HUMEDO,LATAS,4,True
371,2014-10-24 00:00:00,2014-10-24,293.3,HUMEDO,LATAS,4,True
368,2014-10-24 00:00:00,2014-10-24,194.7,HUMEDO,LATAS,4,True
382,2014-10-25 00:00:00,2014-10-25,300.3,HUMEDO,LATAS,4,True
261,2014-10-25 00:00:00,2014-10-25,390.4,HUMEDO,LATAS,4,True
273,2014-10-25 00:00:00,2014-10-25,12.9,HUMEDO,LATAS,4,True
157,2014-10-26 00:00:00,2014-10-26,56.1,HUMEDO,LATAS,4,True
N011,2014-10-26 00:00:00,2014-10-26,12.0,HUMEDO,LATAS,4,True
346,2014-10-26 00:00:00,2014-10-26,78.9,HUMEDO,LATAS,4,True
228,2014-10-26 00:00:00,2014-10-26,59.5,HUMEDO,LATAS,4,True
N020,2014-10-26 00:00:00,2014-10-26,49.0,HUMEDO,LATAS,4,True
N012,2014-10-26 00:00:00,2014-10-26,44.8,HUMEDO,LATAS,4,True
N009,2014-10-27 00:00:00,2014-10-27,65.3,HUMEDO,LATAS,4,True
349,2014-10-27 00:00:00,2014-10-27,367.3,HUMEDO,LATAS,4,True
14,2014-10-27 00:00:00,2014-10-27,402.7,HUMEDO,LATAS,4,True
82,2014-10-28 00:00:00,2014-10-28,5.6,HUMEDO,LATAS,4,True
255,2014-10-28 00:00:00,2014-10-28,47.6,HUMEDO,LATAS,4,True
276,2014-10-28 00:00:00,2014-10-28,63.5,HUMEDO,LATAS,4,True
N009,2014-10-28 00:00:00,2014-10-28,245.5,HUMEDO,LATAS,4,True
38,2014-10-28 00:00:00,2014-10-28,10.1,HUMEDO,LATAS,4,True
N020,2014-10-28 00:00:00,2014-10-28,29.8,HUMEDO,LATAS,4,True
N019,2014-10-28 00:00:00,2014-10-28,18.5,HUMEDO,LATAS,4,True
48,2014-10-28 00:00:00,2014-10-28,67.2,HUMEDO,LATAS,4,True
373,2014-10-28 00:00:00,2014-10-28,50.0,HUMEDO,LATAS,4,True
261,2014-10-29 00:00:00,2014-10-29,115.8,HUMEDO,LATAS,4,True
375,2014-10-29 00:00:00,2014-10-29,5.2,HUMEDO,LATAS,4,True
227,2014-10-29 00:00:00,2014-10-29,22.9,HUMEDO,LATAS,4,True
43,2014-10-29 00:00:00,2014-10-29,124.6,HUMEDO,LATAS,4,True
150,2014-10-29 00:00:00,2014-10-29,227.7,HUMEDO,LATAS,4,True
271,2014-10-31 00:00:00,2014-10-31,118.5,HUMEDO,LATAS,4,True
113,2014-10-31 00:00:00,2014-10-31,27.9,HUMEDO,LATAS,4,True
193,2014-10-31 00:00:00,2014-10-31,14.4,HUMEDO,LATAS,4,True
272,2014-10-31 00:00:00,2014-10-31,24.1,HUMEDO,LATAS,4,True
380,2014-10-31 00:00:00,2014-10-31,12.7,HUMEDO,LATAS,4,True
281,2014-10-31 00:00:00,2014-10-31,13.5,SECO,LATAS,4,True
347,2014-10-31 00:00:00,2014-10-31,81.3,HUMEDO,LATAS,4,True
7,2014-10-31 00:00:00,2014-10-31,99.4,HUMEDO,LATAS,4,True
N008,2014-11-01 00:00:00,2014-11-01,76.9,HUMEDO,LATAS,4,True
N029,2014-11-01 00:00:00,2014-11-01,132.6,HUMEDO,LATAS,4,True
234,2014-11-01 00:00:00,2014-11-01,160.5,HUMEDO,LATAS,4,True
368,2014-11-01 00:00:00,2014-11-01,4.7,HUMEDO,LATAS,4,True
N003,2014-11-01 00:00:00,2014-11-01,105.0,HUMEDO,LATAS,4,True
43,2014-11-01 00:00:00,2014-11-01,91.8,HUMEDO,LATAS,4,True
228,2014-11-01 00:00:00,2014-11-01,573.6,HUMEDO,LATAS,4,True
351,2014-11-01 00:00:00,2014-11-01,30.9,HUMEDO,LATAS,4,True
380,2014-11-01 00:00:00,2014-11-01,10.4,HUMEDO,LATAS,4,True
N017,2014-11-01 00:00:00,2014-11-01,124.9,HUMEDO,LATAS,4,True
137,2014-11-01 00:00:00,2014-11-01,46.7,HUMEDO,LATAS,4,True
N032,2014-11-01 00:00:00,2014-11-01,44.5,HUMEDO,LATAS,4,True
219,2014-11-03 00:00:00,2014-11-03,86.2,HUMEDO,LATAS,4,True
261,2014-11-03 00:00:00,2014-11-03,78.3,HUMEDO,LATAS,4,True
N031,2014-11-03 00:00:00,2014-11-03,16.0,HUMEDO,LATAS,4,True
351,2014-11-03 00:00:00,2014-11-03,41.6,HUMEDO,LATAS,4,True
85,2014-11-03 00:00:00,2014-11-03,13.9,HUMEDO,LATAS,4,True
293,2014-11-03 00:00:00,2014-11-03,28.9,HUMEDO,LATAS,4,True
401,2014-11-03 00:00:00,2014-11-03,57.2,HUMEDO,LATAS,4,True
N009,2014-11-04 00:00:00,2014-11-04,4.3,HUMEDO,LATAS,4,True
175,2014-11-04 00:00:00,2014-11-04,154.5,HUMEDO,LATAS,4,True
N018,2014-11-04 00:00:00,2014-11-04,40.4,HUMEDO,LATAS,4,True
373,2014-11-05 00:00:00,2014-11-05,19.5,HUMEDO,LATAS,4,True
227,2014-11-05 00:00:00,2014-11-05,244.5,HUMEDO,LATAS,4,True
281,2014-11-05 00:00:00,2014-11-05,287.7,HUMEDO,LATAS,4,True
46,2014-11-05 00:00:00,2014-11-05,221.6,HUMEDO,LATAS,4,True
N027,2014-11-05 00:00:00,2014-11-05,491.2,HUMEDO,LATAS,4,True
23,2014-11-05 00:00:00,2014-11-05,136.3,HUMEDO,LATAS,4,True
228,2014-11-07 00:00:00,2014-11-07,7.7,HUMEDO,LATAS,4,True
236,2014-11-07 00:00:00,2014-11-07,283.7,HUMEDO,LATAS,4,True
N007,2014-11-07 00:00:00,2014-11-07,111.7,HUMEDO,LATAS,4,True
46,2014-11-07 00:00:00,2014-11-07,297.1,HUMEDO,LATAS,4,True
335,2014-11-07 00:00:00,2014-11-07,69.4,HUMEDO,LATAS,4,True
186,2014-11-07 00:00:00,2014-11-07,149.3,HUMEDO,LATAS,4,True
114,2014-11-07 00:00:00,2014-11-07,246.4,HUMEDO,LATAS,4,True
137,2014-11-07 00:00:00,2014-11-07,318.0,HUMEDO,LATAS,4,True
38,2014-11-08 00:00:00,2014-11-08,480.8,HUMEDO,LATAS,4,True
219,2014-11-08 00:00:00,2014-11-08,190.2,HUMEDO,LATAS,4,True
234,2014-11-08 00:00:00,2014-11-08,64.7,HUMEDO,LATAS,4,True
150,2014-11-08 00:00:00,2014-11-08,69.3,HUMEDO,LATAS,4,True
N023,2014-11-09 00:00:00,2014-11-09,3.6,HUMEDO,LATAS,4,True
105,2014-11-09 00:00:00,2014-11-09,131.0,HUMEDO,LATAS,4,True
392,2014-11-09 00:00:00,2014-11-09,58.0,HUMEDO,LATAS,4,True
387,2014-11-09 00:00:00,2014-11-09,132.4,HUMEDO,LATAS,4,True
56,2014-11-09 00:00:00,2014-11-09,102.8,HUMEDO,LATAS,4,True
356,2014-11-09 00:00:00,2014-11-09,273.1,HUMEDO,LATAS,4,True
397,2014-11-10 00:00:00,2014-11-10,16.1,HUMEDO,LATAS,4,True
N014,2014-11-10 00:00:00,2014-11-10,112.3,HUMEDO,LATAS,4,True
237,2014-11-10 00:00:00,2014-11-10,120.5,SECO,LATAS,4,True
261,2014-11-10 00:00:00,2014-11-10,24.1,HUMEDO,LATAS,4,True
N023,2014-11-10 00:00:00,2014-11-10,1.0,HUMEDO,LATAS,4,True
380,2014-11-10 00:00:00,2014-11-10,23.8,HUMEDO,LATAS,4,True
230,2014-11-10 00:00:00,2014-11-10,8.6,HUMEDO,LATAS,4,True
335,2014-11-10 00:00:00,2014-11-10,4.9,HUMEDO,LATAS,4,True
400,2014-11-10 00:00:00,2014-11-10,123.1,HUMEDO,LATAS,4,True
276,2014-11-10 00:00:00,2014-11-10,1.6,HUMEDO,LATAS,4,True
N007,2014-11-10 00:00:00,2014-11-10,4.7,HUMEDO,LATAS,4,True
N004,2014-11-10 00:00:00,2014-11-10,15.4,HUMEDO,LATAS,4,True
177,2014-11-10 00:00:00,2014-11-10,10.6,HUMEDO,LATAS,4,True
150,2014-11-11 00:00:00,2014-11-11,92.0,HUMEDO,LATAS,4,True
127,2014-11-11 00:00:00,2014-11-11,129.7,HUMEDO,LATAS,4,True
382,2014-11-11 00:00:00,2014-11-11,11.5,HUMEDO,LATAS,4,True
N012,2014-11-11 00:00:00,2014-11-11,62.5,HUMEDO,LATAS,4,True
267,2014-11-11 00:00:00,2014-11-11,124.7,HUMEDO,LATAS,4,True
338,2014-11-11 00:00:00,2014-11-11,18.7,HUMEDO,LATAS,4,True
272,2014-11-11 00:00:00,2014-11-11,131.4,HUMEDO,LATAS,4,True
182,2014-11-11 00:00:00,2014-11-11,293.4,HUMEDO,LATAS,4,True
127,2014-11-12 00:00:00,2014-11-12,50.2,HUMEDO,LATAS,4,True
400,2014-11-12 00:00:00,2014-11-12,6.5,HUMEDO,LATAS,4,True
N029,2014-11-12 00:00:00,2014-11-12,121.5,HUMEDO,LATAS,4,True
338,2014-11-12 00:00:00,2014-11-12,319.7,HUMEDO,LATAS,4,True
282,2014-11-12 00:00:00,2014-11-12,42.2,HUMEDO,LATAS,4,True
N018,2014-11-12 00:00:00,2014-11-12,36.0,HUMEDO,LATAS,4,True
119,2014-11-12 00:00:00,2014-11-12,33.2,HUMEDO,LATAS,4,True
387,2014-11-12 00:00:00,2014-11-12,58.6,HUMEDO,LATAS,4,True
235,2014-11-12 00:00:00,2014-11-12,186.5,HUMEDO,LATAS,4,True
N020,2014-11-13 00:00:00,2014-11-13,53.8,HUMEDO,LATAS,4,True
338,2014-11-13 00:00:00,2014-11-13,20.2,HUMEDO,LATAS,4,True
344,2014-11-13 00:00:00,2014-11-13,96.1,HUMEDO,LATAS,4,True
119,2014-11-13 00:00:00,2014-11-13,67.5,HUMEDO,LATAS,4,True
186,2014-11-13 00:00:00,2014-11-13,8.4,HUMEDO,LATAS,4,True
85,2014-11-13 00:00:00,2014-11-13,4.4,HUMEDO,LATAS,4,True
399,2014-11-13 00:00:00,2014-11-13,9.8,HUMEDO,LATAS,4,True
N026,2014-11-13 00:00:00,2014-11-13,46.2,HUMEDO,LATAS,4,True
N026,2014-11-14 00:00:00,2014-11-14,59.2,HUMEDO,LATAS,4,True
371,2014-11-14 00:00:00,2014-11-14,352.3,HUMEDO,LATAS,4,True
177,2014-11-15 00:00:00,2014-11-15,25.0,HUMEDO,LATAS,4,True
N001,2014-11-15 00:00:00,2014-11-15,4.1,HUMEDO,LATAS,4,True
105,2014-11-15 00:00:00,2014-11-15,36.3,HUMEDO,LATAS,4,True
382,2014-11-15 00:00:00,2014-11-15,77.8,HUMEDO,LATAS,4,True
N023,2014-11-15 00:00:00,2014-11-15,42.5,HUMEDO,LATAS,4,True
172,2014-11-15 00:00:00,2014-11-15,20.3,HUMEDO,LATAS,4,True
251,2014-11-15 00:00:00,2014-11-15,36.5,HUMEDO,LATAS,4,True
N015,2014-11-16 00:00:00,2014-11-16,44.4,HUMEDO,LATAS,4,True
338,2014-11-16 00:00:00,2014-11-16,2.1,HUMEDO,LATAS,4,True
272,2014-11-16 00:00:00,2014-11-16,39.7,HUMEDO,LATAS,4,True
332,2014-11-16 00:00:00,2014-11-16,7.0,HUMEDO,LATAS,4,True
N013,2014-11-16 00:00:00,2014-11-16,6.7,HUMEDO,LATAS,4,True
186,2014-11-16 00:00:00,2014-11-16,49.4,HUMEDO,LATAS,4,True
79,2014-11-16 00:00:00,2014-11-16,62.2,HUMEDO,LATAS,4,True
105,2014-11-16 00:00:00,2014-11-16,13.5,HUMEDO,LATAS,4,True
350,2014-11-16 00:00:00,2014-11-16,17.5,HUMEDO,LATAS,4,True
282,2014-11-16 00:00:00,2014-11-16,18.6,HUMEDO,LATAS,4,True
N019,2014-11-16 00:00:00,2014-11-16,16.0,HUMEDO,LATAS,4,True
N030,2014-11-16 00:00:00,2014-11-16,28.2,HUMEDO,LATAS,4,True
23,2014-11-17 00:00:00,2014-11-17,42.1,HUMEDO,LATAS,4,True
350,2014-11-17 00:00:00,2014-11-17,47.0,HUMEDO,LATAS,4,True
193,2014-11-17 00:00:00,2014-11-17,2.2,HUMEDO,LATAS,4,True
233,2014-11-17 00:00:00,2014-11-17,47.6,SECO,LATAS,4,True
157,2014-11-17 00:00:00,2014-11-17,88.1,HUMEDO,LATAS,4,True
N007,2014-11-17 00:00:00,2014-11-17,9.4,HUMEDO,LATAS,4,True
17,2014-11-18 00:00:00,2014-11-18,27.8,HUMEDO,LATAS,4,True
182,2014-11-18 00:00:00,2014-11-18,99.9,HUMEDO,LATAS,4,True
251,2014-11-18 00:00:00,2014-11-18,25.5,HUMEDO,LATAS,4,True
46,2014-11-18 00:00:00,2014-11-18,60.4,HUMEDO,LATAS,4,True
7,2014-11-18 00:00:00,2014-11-18,80.9,HUMEDO,LATAS,4,True
45,2014-11-18 00:00:00,2014-11-18,105.0,HUMEDO,LATAS,4,True
N008,2014-11-18 00:00:00,2014-11-18,149.8,HUMEDO,LATAS,4,True
137,2014-11-18 00:00:00,2014-11-18,41.1,HUMEDO,LATAS,4,True
291,2014-11-19 00:00:00,2014-11-19,145.9,SECO,LATAS,4,True
272,2014-11-19 00:00:00,2014-11-19,63.1,HUMEDO,LATAS,4,True
332,2014-11-19 00:00:00,2014-11-19,112.4,HUMEDO,LATAS,4,True
392,2014-11-19 00:00:00,2014-11-19,57.7,HUMEDO,LATAS,4,True
335,2014-11-19 00:00:00,2014-11-19,115.8,HUMEDO,LATAS,4,True
364,2014-11-20 00:00:00,2014-11-20,85.3,HUMEDO,LATAS,4,True
375,2014-11-20 00:00:00,2014-11-20,3.1,HUMEDO,LATAS,4,True
45,2014-11-20 00:00:00,2014-11-20,40.7,HUMEDO,LATAS,4,True
N012,2014-11-20 00:00:00,2014-11-20,33.9,HUMEDO,LATAS,4,True
392,2014-11-20 00:00:00,2014-11-20,72.8,HUMEDO,LATAS,4,True
N014,2014-11-20 00:00:00,2014-11-20,75.8,HUMEDO,LATAS,4,True
227,2014-11-21 00:00:00,2014-11-21,4.9,HUMEDO,LATAS,4,True
233,2014-11-21 00:00:00,2014-11-21,17.0,HUMEDO,LATAS,4,True
335,2014-11-21 00:00:00,2014-11-21,31.1,HUMEDO,LATAS,4,True
238,2014-11-21 00:00:00,2014-11-21,37.6,HUMEDO,LATAS,4,True
N005,2014-11-21 00:00:00,2014-11-21,52.9,HUMEDO,LATAS,4,True
193,2014-11-21 00:00:00,2014-11-21,42.2,HUMEDO,LATAS,4,True
23,2014-11-22 00:00:00,2014-11-22,429.3,HUMEDO,LATAS,4,True
113,2014-11-22 00:00:00,2014-11-22,56.1,HUMEDO,LATAS,4,True
380,2014-11-22 00:00:00,2014-11-22,1.4,HUMEDO,LATAS,4,True
278,2014-11-22 00:00:00,2014-11-22,39.7,HUMEDO,LATAS,4,True
346,2014-11-23 00:00:00,2014-11-23,1.0,HUMEDO,LATAS,4,True
7,2014-11-23 00:00:00,2014-11-23,23.8,HUMEDO,LATAS,4,True
249,2014-11-23 00:00:00,2014-11-23,30.2,HUMEDO,LATAS,4,True
N029,2014-11-23 00:00:00,2014-11-23,21.0,HUMEDO,LATAS,4,True
137,2014-11-23 00:00:00,2014-11-23,73.9,HUMEDO,LATAS,4,True
177,2014-11-23 00:00:00,2014-11-23,71.1,HUMEDO,LATAS,4,True
N022,2014-11-23 00:00:00,2014-11-23,36.2,HUMEDO,LATAS,4,True
395,2014-11-24 00:00:00,2014-11-24,1341.0,HUMEDO,LATAS,4,True
N015,2014-11-24 00:00:00,2014-11-24,159.1,HUMEDO,LATAS,4,True
N004,2014-11-24 00:00:00,2014-11-24,81.1,HUMEDO,LATAS,4,True
246,2014-11-25 00:00:00,2014-11-25,107.1,HUMEDO,LATAS,4,True
332,2014-11-25 00:00:00,2014-11-25,52.8,HUMEDO,LATAS,4,True
267,2014-11-25 00:00:00,2014-11-25,27.0,HUMEDO,LATAS,4,True
365,2014-11-25 00:00:00,2014-11-25,44.5,HUMEDO,LATAS,4,True
335,2014-11-25 00:00:00,2014-11-25,47.3,HUMEDO,LATAS,4,True
N016,2014-11-25 00:00:00,2014-11-25,96.6,HUMEDO,LATAS,4,True
277,2014-11-25 00:00:00,2014-11-25,35.9,HUMEDO,LATAS,4,True
373,2014-11-25 00:00:00,2014-11-25,25.8,HUMEDO,LATAS,4,True
187,2014-11-25 00:00:00,2014-11-25,129.0,HUMEDO,LATAS,4,True
395,2014-11-26 00:00:00,2014-11-26,23.7,HUMEDO,LATAS,4,True
N022,2014-11-26 00:00:00,2014-11-26,11.7,HUMEDO,LATAS,4,True
137,2014-11-26 00:00:00,2014-11-26,27.2,HUMEDO,LATAS,4,True
281,2014-11-26 00:00:00,2014-11-26,1.0,HUMEDO,LATAS,4,True
277,2014-11-26 00:00:00,2014-11-26,10.6,HUMEDO,LATAS,4,True
N028,2014-11-26 00:00:00,2014-11-26,98.0,HUMEDO,LATAS,4,True
228,2014-11-26 00:00:00,2014-11-26,21.2,HUMEDO,LATAS,4,True
46,2014-11-26 00:00:00,2014-11-26,6.3,HUMEDO,LATAS,4,True
N031,2014-11-27 00:00:00,2014-11-27,20.4,HUMEDO,LATAS,4,True
349,2014-11-27 00:00:00,2014-11-27,15.5,HUMEDO,LATAS,4,True
332,2014-11-27 00:00:00,2014-11-27,66.5,HUMEDO,LATAS,4,True
351,2014-11-27 00:00:00,2014-11-27,8.9,HUMEDO,LATAS,4,True
347,2014-11-27 00:00:00,2014-11-27,74.7,HUMEDO,LATAS,4,True
186,2014-11-27 00:00:00,2014-11-27,35.3,HUMEDO,LATAS,4,True
N008,2014-11-28 00:00:00,2014-11-28,17.3,HUMEDO,LATAS,4,True
86,2014-11-28 00:00:00,2014-11-28,82.4,HUMEDO,LATAS,4,True
N023,2014-11-28 00:00:00,2014-11-28,37.7,HUMEDO,LATAS,4,True
N009,2014-11-28 00:00:00,2014-11-28,5.9,HUMEDO,LATAS,4,True
48,2014-11-28 00:00:00,2014-11-28,1.1,HUMEDO,LATAS,4,True
N021,2014-11-29 00:00:00,2014-11-29,31.0,HUMEDO,LATAS,4,True
125,2014-11-29 00:00:00,2014-11-29,34.5,HUMEDO,LATAS,4,True
N025,2014-11-29 00:00:00,2014-11-29,16.0,HUMEDO,LATAS,4,True
N001,2014-11-29 00:00:00,2014-11-29,20.3,HUMEDO,LATAS,4,True
272,2014-11-29 00:00:00,2014-11-29,27.1,HUMEDO,LATAS,4,True
172,2014-11-29 00:00:00,2014-11-29,45.9,HUMEDO,LATAS,4,True
187,2014-11-29 00:00:00,2014-11-29,1.9,HUMEDO,LATAS,4,True
173,2014-11-30 00:00:00,2014-11-30,70.7,HUMEDO,LATAS,4,True
N024,2014-11-30 00:00:00,2014-11-30,18.7,HUMEDO,LATAS,4,True
236,2014-12-01 00:00:00,2014-12-01,2.0,HUMEDO,LATAS,4,True
387,2014-12-01 00:00:00,2014-12-01,24.6,HUMEDO,LATAS,4,True
293,2014-12-01 00:00:00,2014-12-01,77.1,HUMEDO,LATAS,4,True
335,2014-12-01 00:00:00,2014-12-01,46.6,HUMEDO,LATAS,4,True
219,2014-12-01 00:00:00,2014-12-01,4.3,HUMEDO,LATAS,4,True
N021,2014-12-02 00:00:00,2014-12-02,21.1,HUMEDO,LATAS,4,True
267,2014-12-02 00:00:00,2014-12-02,11.2,HUMEDO,LATAS,4,True
7,2014-12-02 00:00:00,2014-12-02,1.1,HUMEDO,LATAS,4,True
175,2014-12-02 00:00:00,2014-12-02,26.1,HUMEDO,LATAS,4,True
86,2014-12-02 00:00:00,2014-12-02,275.2,HUMEDO,LATAS,4,True
N011,2014-12-04 00:00:00,2014-12-04,495.7,HUMEDO,LATAS,4,True
395,2014-12-04 00:00:00,2014-12-04,9.2,HUMEDO,LATAS,4,True
349,2014-12-04 00:00:00,2014-12-04,64.3,HUMEDO,LATAS,4,True
83,2014-12-04 00:00:00,2014-12-04,114.4,HUMEDO,LATAS,4,True
N004,2014-12-04 00:00:00,2014-12-04,46.4,HUMEDO,LATAS,4,True
234,2014-12-04 00:00:00,2014-12-04,28.3,HUMEDO,LATAS,4,True
253,2014-12-04 00:00:00,2014-12-04,205.2,HUMEDO,LATAS,4,True
236,2014-12-04 00:00:00,2014-12-04,254.8,HUMEDO,LATAS,4,True
84,2014-12-04 00:00:00,2014-12-04,46.8,HUMEDO,LATAS,4,True
375,2014-12-04 00:00:00,2014-12-04,283.5,HUMEDO,LATAS,4,True
278,2014-12-05 00:00:00,2014-12-05,537.1,HUMEDO,LATAS,4,True
85,2014-12-05 00:00:00,2014-12-05,53.8,HUMEDO,LATAS,4,True
272,2014-12-05 00:00:00,2014-12-05,116.5,HUMEDO,LATAS,4,True
N017,2014-12-05 00:00:00,2014-12-05,113.9,HUMEDO,LATAS,4,True
182,2014-12-05 00:00:00,2014-12-05,152.2,HUMEDO,LATAS,4,True
N027,2014-12-05 00:00:00,2014-12-05,5.8,HUMEDO,LATAS,4,True
182,2014-12-06 00:00:00,2014-12-06,70.3,HUMEDO,LATAS,4,True
N012,2014-12-06 00:00:00,2014-12-06,132.2,HUMEDO,LATAS,4,True
N013,2014-12-06 00:00:00,2014-12-06,95.6,HUMEDO,LATAS,4,True
N019,2014-12-06 00:00:00,2014-12-06,1.4,SECO,LATAS,4,True
86,2014-12-06 00:00:00,2014-12-06,50.7,HUMEDO,LATAS,4,True
310,2014-12-06 00:00:00,2014-12-06,64.6,HUMEDO,LATAS,4,True
N022,2014-12-06 00:00:00,2014-12-06,27.1,HUMEDO,LATAS,4,True
259,2014-12-06 00:00:00,2014-12-06,103.7,HUMEDO,LATAS,4,True
228,2014-12-07 00:00:00,2014-12-07,70.9,HUMEDO,LATAS,4,True
400,2014-12-07 00:00:00,2014-12-07,245.8,HUMEDO,LATAS,4,True
259,2014-12-07 00:00:00,2014-12-07,16.1,HUMEDO,LATAS,4,True
185,2014-12-07 00:00:00,2014-12-07,116.7,HUMEDO,LATAS,4,True
271,2014-12-07 00:00:00,2014-12-07,19.7,HUMEDO,LATAS,4,True
202,2014-12-08 00:00:00,2014-12-08,15.8,HUMEDO,LATAS,4,True
234,2014-12-08 00:00:00,2014-12-08,24.1,HUMEDO,LATAS,4,True
382,2014-12-08 00:00:00,2014-12-08,23.2,HUMEDO,LATAS,4,True
23,2014-12-08 00:00:00,2014-12-08,69.5,HUMEDO,LATAS,4,True
N004,2014-12-08 00:00:00,2014-12-08,25.3,HUMEDO,LATAS,4,True
N009,2014-12-08 00:00:00,2014-12-08,12.9,HUMEDO,LATAS,4,True
33,2014-12-08 00:00:00,2014-12-08,12.2,HUMEDO,LATAS,4,True
371,2014-12-08 00:00:00,2014-12-08,9.3,HUMEDO,LATAS,4,True
282,2014-12-08 00:00:00,2014-12-08,21.1,HUMEDO,LATAS,4,True
79,2014-12-09 00:00:00,2014-12-09,31.5,HUMEDO,LATAS,4,True
187,2014-12-09 00:00:00,2014-12-09,65.9,HUMEDO,LATAS,4,True
332,2014-12-09 00:00:00,2014-12-09,84.5,HUMEDO,LATAS,4,True
105,2014-12-09 00:00:00,2014-12-09,68.5,HUMEDO,LATAS,4,True
119,2014-12-09 00:00:00,2014-12-09,63.4,HUMEDO,LATAS,4,True
157,2014-12-09 00:00:00,2014-12-09,1.0,HUMEDO,LATAS,4,True
113,2014-12-09 00:00:00,2014-12-09,72.0,HUMEDO,LATAS,4,True
364,2014-12-09 00:00:00,2014-12-09,39.5,SECO,LATAS,4,True
219,2014-12-09 00:00:00,2014-12-09,79.3,HUMEDO,LATAS,4,True
200,2014-12-09 00:00:00,2014-12-09,13.8,HUMEDO,LATAS,4,True
396,2014-12-10 00:00:00,2014-12-10,35.4,HUMEDO,LATAS,4,True
N017,2014-12-10 00:00:00,2014-12-10,8.0,HUMEDO,LATAS,4,True
150,2014-12-10 00:00:00,2014-12-10,9.7,HUMEDO,LATAS,4,True
177,2014-12-10 00:00:00,2014-12-10,4.3,HUMEDO,LATAS,4,True
200,2014-12-10 00:00:00,2014-12-10,19.9,HUMEDO,LATAS,4,True
N021,2014-12-10 00:00:00,2014-12-10,15.6,HUMEDO,LATAS,4,True
294,2014-12-10 00:00:00,2014-12-10,165.3,HUMEDO,LATAS,4,True
N021,2014-12-12 00:00:00,2014-12-12,53.1,HUMEDO,LATAS,4,True
227,2014-12-12 00:00:00,2014-12-12,1.2,HUMEDO,LATAS,4,True
395,2014-12-12 00:00:00,2014-12-12,3.9,HUMEDO,LATAS,4,True
253,2014-12-12 00:00:00,2014-12-12,196.7,HUMEDO,LATAS,4,True
400,2014-12-12 00:00:00,2014-12-12,33.5,HUMEDO,LATAS,4,True
350,2014-12-13 00:00:00,2014-12-13,16.8,HUMEDO,LATAS,4,True
233,2014-12-13 00:00:00,2014-12-13,55.5,HUMEDO,LATAS,4,True
353,2014-12-13 00:00:00,2014-12-13,128.2,HUMEDO,LATAS,4,True
N019,2014-12-13 00:00:00,2014-12-13,7.3,HUMEDO,LATAS,4,True
401,2014-12-13 00:00:00,2014-12-13,9.2,HUMEDO,LATAS,4,True
291,2014-12-13 00:00:00,2014-12-13,51.7,HUMEDO,LATAS,4,True
227,2014-12-13 00:00:00,2014-12-13,62.0,HUMEDO,LATAS,4,True
219,2014-12-13 00:00:00,2014-12-13,79.8,HUMEDO,LATAS,4,True
N029,2014-12-13 00:00:00,2014-12-13,21.0,HUMEDO,LATAS,4,True
373,2014-12-13 00:00:00,2014-12-13,23.9,HUMEDO,LATAS,4,True
N008,2014-12-14 00:00:00,2014-12-14,25.0,HUMEDO,LATAS,4,True
267,2014-12-14 00:00:00,2014-12-14,28.6,HUMEDO,LATAS,4,True
276,2014-12-14 00:00:00,2014-12-14,15.3,HUMEDO,LATAS,4,True
23,2014-12-14 00:00:00,2014-12-14,38.2,HUMEDO,LATAS,4,True
219,2014-12-14 00:00:00,2014-12-14,62.2,HUMEDO,LATAS,4,True
282,2014-12-14 00:00:00,2014-12-14,21.9,HUMEDO,LATAS,4,True
43,2014-12-14 00:00:00,2014-12-14,7.4,HUMEDO,LATAS,4,True
N011,2014-12-15 00:00:00,2014-12-15,159.5,HUMEDO,LATAS,4,True
276,2014-12-15 00:00:00,2014-12-15,263.5,HUMEDO,LATAS,4,True
347,2014-12-15 00:00:00,2014-12-15,193.1,HUMEDO,LATAS,4,True
33,2014-12-15 00:00:00,2014-12-15,418.5,HUMEDO,LATAS,4,True
N031,2014-12-16 00:00:00,2014-12-16,76.4,HUMEDO,LATAS,4,True
N016,2014-12-16 00:00:00,2014-12-16,249.7,HUMEDO,LATAS,4,True
N031,2014-12-17 00:00:00,2014-12-17,394.7,HUMEDO,LATAS,4,True
38,2014-12-17 00:00:00,2014-12-17,3.7,SECO,LATAS,4,True
N012,2014-12-17 00:00:00,2014-12-17,130.8,HUMEDO,LATAS,4,True
43,2014-12-17 00:00:00,2014-12-17,73.8,HUMEDO,LATAS,4,True
46,2014-12-17 00:00:00,2014-12-17,41.8,HUMEDO,LATAS,4,True
373,2014-12-17 00:00:00,2014-12-17,243.4,HUMEDO,LATAS,4,True
54,2014-12-17 00:00:00,2014-12-17,90.0,HUMEDO,LATAS,4,True
177,2014-12-18 00:00:00,2014-12-18,11.3,HUMEDO,LATAS,4,True
186,2014-12-18 00:00:00,2014-12-18,204.6,HUMEDO,LATAS,4,True
293,2014-12-18 00:00:00,2014-12-18,113.4,HUMEDO,LATAS,4,True
82,2014-12-18 00:00:00,2014-12-18,154.9,HUMEDO,LATAS,4,True
382,2014-12-18 00:00:00,2014-12-18,193.9,HUMEDO,LATAS,4,True
200,2014-12-18 00:00:00,2014-12-18,9.6,HUMEDO,LATAS,4,True
173,2014-12-19 00:00:00,2014-12-19,369.5,HUMEDO,LATAS,4,True
43,2014-12-19 00:00:00,2014-12-19,5.8,HUMEDO,LATAS,4,True
125,2014-12-19 00:00:00,2014-12-19,69.8,HUMEDO,LATAS,4,True
356,2014-12-19 00:00:00,2014-12-19,436.4,HUMEDO,LATAS,4,True
N006,2014-12-20 00:00:00,2014-12-20,454.4,HUMEDO,LATAS,4,True
300,2014-12-20 00:00:00,2014-12-20,390.8,HUMEDO,LATAS,4,True
236,2014-12-20 00:00:00,2014-12-20,29.3,HUMEDO,LATAS,4,True
N017,2014-12-20 00:00:00,2014-12-20,392.7,HUMEDO,LATAS,4,True
N024,2014-12-20 00:00:00,2014-12-20,97.8,HUMEDO,LATAS,4,True
48,2014-12-20 00:00:00,2014-12-20,594.2,HUMEDO,LATAS,4,True
293,2014-12-20 00:00:00,2014-12-20,210.8,HUMEDO,LATAS,4,True
365,2014-12-20 00:00:00,2014-12-20,226.9,HUMEDO,LATAS,4,True
349,2014-12-20 00:00:00,2014-12-20,5.0,HUMEDO,LATAS,4,True
396,2014-12-20 00:00:00,2014-12-20,55.3,HUMEDO,LATAS,4,True
190,2014-12-21 00:00:00,2014-12-21,26.6,HUMEDO,LATAS,4,True
54,2014-12-21 00:00:00,2014-12-21,78.2,HUMEDO,LATAS,4,True
N022,2014-12-21 00:00:00,2014-12-21,25.5,HUMEDO,LATAS,4,True
N016,2014-12-21 00:00:00,2014-12-21,5.8,HUMEDO,LATAS,4,True
351,2014-12-21 00:00:00,2014-12-21,3.2,HUMEDO,LATAS,4,True
86,2014-12-21 00:00:00,2014-12-21,18.0,HUMEDO,LATAS,4,True
82,2014-12-21 00:00:00,2014-12-21,17.2,HUMEDO,LATAS,4,True
356,2014-12-21 00:00:00,2014-12-21,305.2,HUMEDO,LATAS,4,True
185,2014-12-21 00:00:00,2014-12-21,14.1,HUMEDO,LATAS,4,True
373,2014-12-21 00:00:00,2014-12-21,79.1,HUMEDO,LATAS,4,True
364,2014-12-21 00:00:00,2014-12-21,94.9,HUMEDO,LATAS,4,True
47,2014-12-21 00:00:00,2014-12-21,146.6,HUMEDO,LATAS,4,True
N026,2014-12-21 00:00:00,2014-12-21,21.2,HUMEDO,LATAS,4,True
187,2014-12-21 00:00:00,2014-12-21,1.0,HUMEDO,LATAS,4,True
193,2014-12-22 00:00:00,2014-12-22,180.1,HUMEDO,LATAS,4,True
48,2014-12-22 00:00:00,2014-12-22,49.8,HUMEDO,LATAS,4,True
255,2014-12-22 00:00:00,2014-12-22,112.4,HUMEDO,LATAS,4,True
N004,2014-12-22 00:00:00,2014-12-22,954.6,HUMEDO,LATAS,4,True
N028,2014-12-23 00:00:00,2014-12-23,27.5,HUMEDO,LATAS,4,True
227,2014-12-23 00:00:00,2014-12-23,25.0,HUMEDO,LATAS,4,True
347,2014-12-23 00:00:00,2014-12-23,31.9,SECO,LATAS,4,True
351,2014-12-23 00:00:00,2014-12-23,89.5,HUMEDO,LATAS,4,True
119,2014-12-23 00:00:00,2014-12-23,134.8,HUMEDO,LATAS,4,True
N020,2014-12-23 00:00:00,2014-12-23,49.1,HUMEDO,LATAS,4,True
332,2014-12-23 00:00:00,2014-12-23,76.9,HUMEDO,LATAS,4,True
273,2014-12-23 00:00:00,2014-12-23,15.6,HUMEDO,LATAS,4,True
56,2014-12-24 00:00:00,2014-12-24,32.4,HUMEDO,LATAS,4,True
105,2014-12-24 00:00:00,2014-12-24,22.5,HUMEDO,LATAS,4,True
354,2014-12-24 00:00:00,2014-12-24,45.4,HUMEDO,LATAS,4,True
350,2014-12-24 00:00:00,2014-12-24,19.9,HUMEDO,LATAS,4,True
272,2014-12-24 00:00:00,2014-12-24,98.2,HUMEDO,LATAS,4,True
177,2014-12-24 00:00:00,2014-12-24,2.9,HUMEDO,LATAS,4,True
N028,2014-12-24 00:00:00,2014-12-24,10.9,HUMEDO,LATAS,4,True
227,2014-12-24 00:00:00,2014-12-24,13.1,HUMEDO,LATAS,4,True
N004,2014-12-24 00:00:00,2014-12-24,22.0,HUMEDO,LATAS,4,True
119,2014-12-24 00:00:00,2014-12-24,56.6,HUMEDO,LATAS,4,True
N032,2014-12-25 00:00:00,2014-12-25,153.5,HUMEDO,LATAS,4,True
46,2014-12-25 00:00:00,2014-12-25,92.6,HUMEDO,LATAS,4,True
43,2014-12-25 00:00:00,2014-12-25,5.8,HUMEDO,LATAS,4,True
173,2014-12-25 00:00:00,2014-12-25,16.2,HUMEDO,LATAS,4,True
277,2014-12-25 00:00:00,2014-12-25,93.2,HUMEDO,LATAS,4,True
237,2014-12-25 00:00:00,2014-12-25,176.1,HUMEDO,LATAS,4,True
293,2014-12-25 00:00:00,2014-12-25,54.7,HUMEDO,LATAS,4,True
86,2014-12-25 00:00:00,2014-12-25,9.6,HUMEDO,LATAS,4,True
43,2014-12-26 00:00:00,2014-12-26,450.1,HUMEDO,LATAS,4,True
N009,2014-12-26 00:00:00,2014-12-26,181.2,HUMEDO,LATAS,4,True
354,2014-12-26 00:00:00,2014-12-26,62.2,HUMEDO,LATAS,4,True
347,2014-12-26 00:00:00,2014-12-26,198.9,HUMEDO,LATAS,4,True
N014,2014-12-26 00:00:00,2014-12-26,160.6,HUMEDO,LATAS,4,True
227,2014-12-26 00:00:00,2014-12-26,13.5,HUMEDO,LATAS,4,True
288,2014-12-26 00:00:00,2014-12-26,32.1,HUMEDO,LATAS,4,True
N028,2014-12-26 00:00:00,2014-12-26,254.7,HUMEDO,LATAS,4,True
114,2014-12-27 00:00:00,2014-12-27,162.3,HUMEDO,LATAS,4,True
172,2014-12-27 00:00:00,2014-12-27,92.1,HUMEDO,LATAS,4,True
300,2014-12-27 00:00:00,2014-12-27,272.1,HUMEDO,LATAS,4,True
7,2014-12-27 00:00:00,2014-12-27,439.9,HUMEDO,LATAS,4,True
364,2014-12-27 00:00:00,2014-12-27,201.8,HUMEDO,LATAS,4,True
382,2014-12-27 00:00:00,2014-12-27,113.6,HUMEDO,LATAS,4,True
N009,2014-12-27 00:00:00,2014-12-27,9.2,HUMEDO,LATAS,4,True
387,2014-12-27 00:00:00,2014-12-27,6.6,HUMEDO,LATAS,4,True
396,2014-12-28 00:00:00,2014-12-28,173.0,HUMEDO,LATAS,4,True
186,2014-12-28 00:00:00,2014-12-28,105.3,HUMEDO,LATAS,4,True
291,2014-12-28 00:00:00,2014-12-28,40.9,HUMEDO,LATAS,4,True
235,2014-12-28 00:00:00,2014-12-28,36.5,HUMEDO,LATAS,4,True
267,2014-12-28 00:00:00,2014-12-28,46.9,HUMEDO,LATAS,4,True
85,2014-12-28 00:00:00,2014-12-28,6.2,HUMEDO,LATAS,4,True
N011,2014-12-28 00:00:00,2014-12-28,34.6,HUMEDO,LATAS,4,True
N031,2014-12-28 00:00:00,2014-12-28,6.8,HUMEDO,LATAS,4,True
276,2014-12-28 00:00:00,2014-12-28,33.6,HUMEDO,LATAS,4,True
N018,2014-12-28 00:00:00,2014-12-28,33.9,HUMEDO,LATAS,4,True
353,2014-12-28 00:00:00,2014-12-28,8.9,HUMEDO,LATAS,4,True
380,2014-12-28 00:00:00,2014-12-28,45.5,HUMEDO,LATAS,4,True
N018,2014-12-30 00:00:00,2014-12-30,39.6,HUMEDO,LATAS,4,True
227,2014-12-30 00:00:00,2014-12-30,75.6,HUMEDO,LATAS,4,True
119,2014-12-30 00:00:00,2014-12-30,142.9,HUMEDO,LATAS,4,True
234,2014-12-30 00:00:00,2014-12-30,5.6,HUMEDO,LATAS,4,True
N012,2015-01-02 00:00:00,2015-01-02,115.2,HUMEDO,LATAS,4,True
124,2015-01-02 00:00:00,2015-01-02,7.5,HUMEDO,LATAS,4,True
172,2015-01-03 00:00:00,2015-01-03,395.1,HUMEDO,LATAS,4,True
N011,2015-01-03 00:00:00,2015-01-03,3.3,HUMEDO,LATAS,4,True
349,2015-01-03 00:00:00,2015-01-03,106.3,HUMEDO,LATAS,4,True
23,2015-01-03 00:00:00,2015-01-03,69.8,HUMEDO,LATAS,4,True
255,2015-01-06 00:00:00,2015-01-06,912.8,HUMEDO,LATAS,4,True
233,2015-01-06 00:00:00,2015-01-06,88.2,HUMEDO,LATAS,4,True
45,2015-01-06 00:00:00,2015-01-06,11.0,HUMEDO,LATAS,4,True
259,2015-01-06 00:00:00,2015-01-06,214.5,HUMEDO,LATAS,4,True
177,2015-01-06 00:00:00,2015-01-06,415.6,HUMEDO,LATAS,4,True
N002,2015-01-06 00:00:00,2015-01-06,29.9,HUMEDO,LATAS,4,True
365,2015-01-06 00:00:00,2015-01-06,152.9,HUMEDO,LATAS,4,True
84,2015-01-07 00:00:00,2015-01-07,228.2,HUMEDO,LATAS,4,True
14,2015-01-07 00:00:00,2015-01-07,454.7,HUMEDO,LATAS,4,True
119,2015-01-07 00:00:00,2015-01-07,95.2,HUMEDO,LATAS,4,True
N010,2015-01-07 00:00:00,2015-01-07,107.0,HUMEDO,LATAS,4,True
374,2015-01-07 00:00:00,2015-01-07,78.5,HUMEDO,LATAS,4,True
N004,2015-01-07 00:00:00,2015-01-07,100.2,HUMEDO,LATAS,4,True
259,2015-01-07 00:00:00,2015-01-07,34.3,HUMEDO,LATAS,4,True
399,2015-01-07 00:00:00,2015-01-07,74.3,HUMEDO,LATAS,4,True
267,2015-01-08 00:00:00,2015-01-08,309.1,HUMEDO,LATAS,4,True
N005,2015-01-08 00:00:00,2015-01-08,38.8,HUMEDO,LATAS,4,True
253,2015-01-08 00:00:00,2015-01-08,86.8,HUMEDO,LATAS,4,True
235,2015-01-08 00:00:00,2015-01-08,24.2,HUMEDO,LATAS,4,True
237,2015-01-08 00:00:00,2015-01-08,3.5,HUMEDO,LATAS,4,True
226,2015-01-08 00:00:00,2015-01-08,124.9,HUMEDO,LATAS,4,True
278,2015-01-08 00:00:00,2015-01-08,40.0,HUMEDO,LATAS,4,True
249,2015-01-08 00:00:00,2015-01-08,37.6,HUMEDO,LATAS,4,True
353,2015-01-09 00:00:00,2015-01-09,312.0,HUMEDO,LATAS,4,True
382,2015-01-09 00:00:00,2015-01-09,28.5,HUMEDO,LATAS,4,True
182,2015-01-09 00:00:00,2015-01-09,153.9,SECO,LATAS,4,True
113,2015-01-09 00:00:00,2015-01-09,118.3,HUMEDO,LATAS,4,True
150,2015-01-09 00:00:00,2015-01-09,35.5,HUMEDO,LATAS,4,True
399,2015-01-09 00:00:00,2015-01-09,22.9,HUMEDO,LATAS,4,True
235,2015-01-10 00:00:00,2015-01-10,107.4,HUMEDO,LATAS,4,True
335,2015-01-10 00:00:00,2015-01-10,4.8,HUMEDO,LATAS,4,True
236,2015-01-10 00:00:00,2015-01-10,59.1,HUMEDO,LATAS,4,True
150,2015-01-10 00:00:00,2015-01-10,14.9,HUMEDO,LATAS,4,True
338,2015-01-10 00:00:00,2015-01-10,13.6,HUMEDO,LATAS,4,True
347,2015-01-10 00:00:00,2015-01-10,16.6,HUMEDO,LATAS,4,True
N020,2015-01-10 00:00:00,2015-01-10,94.9,HUMEDO,LATAS,4,True
23,2015-01-10 00:00:00,2015-01-10,123.2,SECO,LATAS,4,True
200,2015-01-10 00:00:00,2015-01-10,74.8,HUMEDO,LATAS,4,True
N013,2015-01-11 00:00:00,2015-01-11,125.5,SECO,LATAS,4,True
N016,2015-01-11 00:00:00,2015-01-11,283.6,HUMEDO,LATAS,4,True
N017,2015-01-11 00:00:00,2015-01-11,24.8,HUMEDO,LATAS,4,True
273,2015-01-11 00:00:00,2015-01-11,44.6,HUMEDO,LATAS,4,True
86,2015-01-11 00:00:00,2015-01-11,33.7,HUMEDO,LATAS,4,True
N003,2015-01-11 00:00:00,2015-01-11,58.5,HUMEDO,LATAS,4,True
23,2015-01-11 00:00:00,2015-01-11,3.4,HUMEDO,LATAS,4,True
33,2015-01-11 00:00:00,2015-01-11,39.0,HUMEDO,LATAS,4,True
375,2015-01-11 00:00:00,2015-01-11,32.4,HUMEDO,LATAS,4,True
N016,2015-01-12 00:00:00,2015-01-12,59.9,HUMEDO,LATAS,4,True
N015,2015-01-12 00:00:00,2015-01-12,90.1,HUMEDO,LATAS,4,True
375,2015-01-12 00:00:00,2015-01-12,248.8,HUMEDO,LATAS,4,True
236,2015-01-13 00:00:00,2015-01-13,234.1,HUMEDO,LATAS,4,True
150,2015-01-13 00:00:00,2015-01-13,32.8,HUMEDO,LATAS,4,True
289,2015-01-13 00:00:00,2015-01-13,75.4,HUMEDO,LATAS,4,True
246,2015-01-13 00:00:00,2015-01-13,51.8,HUMEDO,LATAS,4,True
368,2015-01-13 00:00:00,2015-01-13,160.6,HUMEDO,LATAS,4,True
277,2015-01-13 00:00:00,2015-01-13,180.8,HUMEDO,LATAS,4,True
N026,2015-01-13 00:00:00,2015-01-13,39.8,HUMEDO,LATAS,4,True
N028,2015-01-13 00:00:00,2015-01-13,21.1,HUMEDO,LATAS,4,True
177,2015-01-13 00:00:00,2015-01-13,38.4,HUMEDO,LATAS,4,True
237,2015-01-14 00:00:00,2015-01-14,71.3,HUMEDO,LATAS,4,True
N030,2015-01-14 00:00:00,2015-01-14,21.1,HUMEDO,LATAS,4,True
200,2015-01-14 00:00:00,2015-01-14,63.2,HUMEDO,LATAS,4,True
7,2015-01-14 00:00:00,2015-01-14,105.4,HUMEDO,LATAS,4,True
83,2015-01-14 00:00:00,2015-01-14,8.7,HUMEDO,LATAS,4,True
344,2015-01-14 00:00:00,2015-01-14,50.7,HUMEDO,LATAS,4,True
227,2015-01-14 00:00:00,2015-01-14,87.4,HUMEDO,LATAS,4,True
234,2015-01-14 00:00:00,2015-01-14,228.7,HUMEDO,LATAS,4,True
N008,2015-01-14 00:00:00,2015-01-14,44.7,HUMEDO,LATAS,4,True
356,2015-01-14 00:00:00,2015-01-14,33.3,HUMEDO,LATAS,4,True
228,2015-01-14 00:00:00,2015-01-14,3.0,HUMEDO,LATAS,4,True
332,2015-01-15 00:00:00,2015-01-15,71.7,HUMEDO,LATAS,4,True
291,2015-01-15 00:00:00,2015-01-15,28.3,HUMEDO,LATAS,4,True
45,2015-01-15 00:00:00,2015-01-15,202.8,HUMEDO,LATAS,4,True
N017,2015-01-15 00:00:00,2015-01-15,48.8,HUMEDO,LATAS,4,True
157,2015-01-15 00:00:00,2015-01-15,208.2,HUMEDO,LATAS,4,True
246,2015-01-15 00:00:00,2015-01-15,58.5,HUMEDO,LATAS,4,True
N004,2015-01-15 00:00:00,2015-01-15,11.9,HUMEDO,LATAS,4,True
344,2015-01-15 00:00:00,2015-01-15,18.9,HUMEDO,LATAS,4,True
29,2015-01-15 00:00:00,2015-01-15,64.5,HUMEDO,LATAS,4,True
N025,2015-01-16 00:00:00,2015-01-16,25.5,HUMEDO,LATAS,4,True
346,2015-01-16 00:00:00,2015-01-16,5.8,HUMEDO,LATAS,4,True
387,2015-01-16 00:00:00,2015-01-16,110.0,HUMEDO,LATAS,4,True
219,2015-01-16 00:00:00,2015-01-16,2.6,HUMEDO,LATAS,4,True
N020,2015-01-16 00:00:00,2015-01-16,33.3,HUMEDO,LATAS,4,True
N013,2015-01-16 00:00:00,2015-01-16,39.9,HUMEDO,LATAS,4,True
400,2015-01-16 00:00:00,2015-01-16,241.2,HUMEDO,LATAS,4,True
338,2015-01-16 00:00:00,2015-01-16,73.8,HUMEDO,LATAS,4,True
86,2015-01-16 00:00:00,2015-01-16,117.7,HUMEDO,LATAS,4,True
N007,2015-01-16 00:00:00,2015-01-16,89.0,HUMEDO,LATAS,4,True
48,2015-01-16 00:00:00,2015-01-16,27.6,HUMEDO,LATAS,4,True
N029,2015-01-17 00:00:00,2015-01-17,187.4,HUMEDO,LATAS,4,True
354,2015-01-17 00:00:00,2015-01-17,132.9,HUMEDO,LATAS,4,True
338,2015-01-17 00:00:00,2015-01-17,52.0,HUMEDO,LATAS,4,True
54,2015-01-17 00:00:00,2015-01-17,387.4,HUMEDO,LATAS,4,True
371,2015-01-17 00:00:00,2015-01-17,280.6,HUMEDO,LATAS,4,True
233,2015-01-17 00:00:00,2015-01-17,232.1,HUMEDO,LATAS,4,True
356,2015-01-18 00:00:00,2015-01-18,130.3,HUMEDO,LATAS,4,True
387,2015-01-18 00:00:00,2015-01-18,18.0,HUMEDO,LATAS,4,True
N019,2015-01-18 00:00:00,2015-01-18,28.1,HUMEDO,LATAS,4,True
173,2015-01-18 00:00:00,2015-01-18,109.5,HUMEDO,LATAS,4,True
230,2015-01-18 00:00:00,2015-01-18,46.0,SECO,LATAS,4,True
N006,2015-01-18 00:00:00,2015-01-18,65.2,SECO,LATAS,4,True
235,2015-01-18 00:00:00,2015-01-18,54.7,HUMEDO,LATAS,4,True
N013,2015-01-18 00:00:00,2015-01-18,132.3,HUMEDO,LATAS,4,True
246,2015-01-18 00:00:00,2015-01-18,1.4,HUMEDO,LATAS,4,True
127,2015-01-18 00:00:00,2015-01-18,29.9,HUMEDO,LATAS,4,True
289,2015-01-19 00:00:00,2015-01-19,1.0,HUMEDO,LATAS,4,True
29,2015-01-19 00:00:00,2015-01-19,106.8,HUMEDO,LATAS,4,True
N023,2015-01-19 00:00:00,2015-01-19,27.0,HUMEDO,LATAS,4,True
45,2015-01-19 00:00:00,2015-01-19,168.8,HUMEDO,LATAS,4,True
231,2015-01-19 00:00:00,2015-01-19,100.0,HUMEDO,LATAS,4,True
261,2015-01-19 00:00:00,2015-01-19,48.8,HUMEDO,LATAS,4,True
56,2015-01-19 00:00:00,2015-01-19,132.2,HUMEDO,LATAS,4,True
43,2015-01-19 00:00:00,2015-01-19,29.0,HUMEDO,LATAS,4,True
119,2015-01-19 00:00:00,2015-01-19,1.5,HUMEDO,LATAS,4,True
N025,2015-01-19 00:00:00,2015-01-19,109.2,HUMEDO,LATAS,4,True
227,2015-01-19 00:00:00,2015-01-19,18.9,HUMEDO,LATAS,4,True
38,2015-01-20 00:00:00,2015-01-20,36.5,HUMEDO,LATAS,4,True
282,2015-01-20 00:00:00,2015-01-20,48.1,HUMEDO,LATAS,4,True
294,2015-01-20 00:00:00,2015-01-20,69.4,HUMEDO,LATAS,4,True
N031,2015-01-20 00:00:00,2015-01-20,78.4,HUMEDO,LATAS,4,True
332,2015-01-20 00:00:00,2015-01-20,132.5,SECO,LATAS,4,True
356,2015-01-20 00:00:00,2015-01-20,98.6,HUMEDO,LATAS,4,True
231,2015-01-20 00:00:00,2015-01-20,27.2,HUMEDO,LATAS,4,True
202,2015-01-20 00:00:00,2015-01-20,56.8,HUMEDO,LATAS,4,True
233,2015-01-20 00:00:00,2015-01-20,22.6,HUMEDO,LATAS,4,True
137,2015-01-21 00:00:00,2015-01-21,160.2,HUMEDO,LATAS,4,True
N003,2015-01-21 00:00:00,2015-01-21,71.0,HUMEDO,LATAS,4,True
33,2015-01-21 00:00:00,2015-01-21,2.5,HUMEDO,LATAS,4,True
374,2015-01-21 00:00:00,2015-01-21,146.0,HUMEDO,LATAS,4,True
N017,2015-01-21 00:00:00,2015-01-21,6.7,HUMEDO,LATAS,4,True
396,2015-01-22 00:00:00,2015-01-22,190.5,HUMEDO,LATAS,4,True
N028,2015-01-22 00:00:00,2015-01-22,110.8,HUMEDO,LATAS,4,True
351,2015-01-22 00:00:00,2015-01-22,558.0,HUMEDO,LATAS,4,True
79,2015-01-22 00:00:00,2015-01-22,71.2,HUMEDO,LATAS,4,True
114,2015-01-22 00:00:00,2015-01-22,119.1,HUMEDO,LATAS,4,True
46,2015-01-22 00:00:00,2015-01-22,163.5,HUMEDO,LATAS,4,True
45,2015-01-22 00:00:00,2015-01-22,2.4,HUMEDO,LATAS,4,True
124,2015-01-22 00:00:00,2015-01-22,42.5,HUMEDO,LATAS,4,True
43,2015-01-22 00:00:00,2015-01-22,63.3,HUMEDO,LATAS,4,True
125,2015-01-23 00:00:00,2015-01-23,291.4,HUMEDO,LATAS,4,True
N001,2015-01-23 00:00:00,2015-01-23,209.1,HUMEDO,LATAS,4,True
368,2015-01-24 00:00:00,2015-01-24,30.4,HUMEDO,LATAS,4,True
N022,2015-01-24 00:00:00,2015-01-24,116.3,HUMEDO,LATAS,4,True
N031,2015-01-24 00:00:00,2015-01-24,141.4,HUMEDO,LATAS,4,True
202,2015-01-24 00:00:00,2015-01-24,10.8,HUMEDO,LATAS,4,True
N028,2015-01-24 00:00:00,2015-01-24,18.7,HUMEDO,LATAS,4,True
365,2015-01-24 00:00:00,2015-01-24,12.8,HUMEDO,LATAS,4,True
N003,2015-01-24 00:00:00,2015-01-24,14.4,HUMEDO,LATAS,4,True
N024,2015-01-24 00:00:00,2015-01-24,8.8,HUMEDO,LATAS,4,True
335,2015-01-24 00:00:00,2015-01-24,91.2,HUMEDO,LATAS,4,True
261,2015-01-24 00:00:00,2015-01-24,126.1,HUMEDO,LATAS,4,True
401,2015-01-24 00:00:00,2015-01-24,27.2,HUMEDO,LATAS,4,True
47,2015-01-25 00:00:00,2015-01-25,26.2,HUMEDO,LATAS,4,True
350,2015-01-25 00:00:00,2015-01-25,17.3,HUMEDO,LATAS,4,True
N026,2015-01-25 00:00:00,2015-01-25,22.6,HUMEDO,LATAS,4,True
7,2015-01-25 00:00:00,2015-01-25,394.4,HUMEDO,LATAS,4,True
271,2015-01-25 00:00:00,2015-01-25,24.3,HUMEDO,LATAS,4,True
251,2015-01-27 00:00:00,2015-01-27,23.3,HUMEDO,LATAS,4,True
125,2015-01-27 00:00:00,2015-01-27,89.7,HUMEDO,LATAS,4,True
186,2015-01-27 00:00:00,2015-01-27,44.2,HUMEDO,LATAS,4,True
33,2015-01-27 00:00:00,2015-01-27,233.5,HUMEDO,LATAS,4,True
332,2015-01-27 00:00:00,2015-01-27,124.6,HUMEDO,LATAS,4,True
114,2015-01-27 00:00:00,2015-01-27,41.3,HUMEDO,LATAS,4,True
29,2015-01-27 00:00:00,2015-01-27,71.0,HUMEDO,LATAS,4,True
127,2015-01-27 00:00:00,2015-01-27,1.1,HUMEDO,LATAS,4,True
253,2015-01-28 00:00:00,2015-01-28,70.2,HUMEDO,LATAS,4,True
113,2015-01-28 00:00:00,2015-01-28,28.9,HUMEDO,LATAS,4,True
N006,2015-01-28 00:00:00,2015-01-28,96.2,HUMEDO,LATAS,4,True
N029,2015-01-28 00:00:00,2015-01-28,72.4,HUMEDO,LATAS,4,True
371,2015-01-28 00:00:00,2015-01-28,75.3,HUMEDO,LATAS,4,True
231,2015-01-28 00:00:00,2015-01-28,36.0,HUMEDO,LATAS,4,True
281,2015-01-28 00:00:00,2015-01-28,355.1,HUMEDO,LATAS,4,True
374,2015-01-28 00:00:00,2015-01-28,7.3,HUMEDO,LATAS,4,True
347,2015-01-29 00:00:00,2015-01-29,316.7,HUMEDO,LATAS,4,True
17,2015-01-29 00:00:00,2015-01-29,24.3,HUMEDO,LATAS,4,True
236,2015-01-29 00:00:00,2015-01-29,6.9,HUMEDO,LATAS,4,True
113,2015-01-29 00:00:00,2015-01-29,10.1,HUMEDO,LATAS,4,True
N004,2015-01-29 00:00:00,2015-01-29,82.9,HUMEDO,LATAS,4,True
335,2015-01-29 00:00:00,2015-01-29,33.2,HUMEDO,LATAS,4,True
356,2015-01-29 00:00:00,2015-01-29,137.0,HUMEDO,LATAS,4,True
N015,2015-01-29 00:00:00,2015-01-29,32.5,HUMEDO,LATAS,4,True
371,2015-01-29 00:00:00,2015-01-29,43.8,HUMEDO,LATAS,4,True
187,2015-01-30 00:00:00,2015-01-30,158.7,HUMEDO,LATAS,4,True
172,2015-01-30 00:00:00,2015-01-30,207.4,HUMEDO,LATAS,4,True
38,2015-01-30 00:00:00,2015-01-30,165.7,HUMEDO,LATAS,4,True
282,2015-01-30 00:00:00,2015-01-30,25.1,HUMEDO,LATAS,4,True
338,2015-01-31 00:00:00,2015-01-31,35.8,HUMEDO,LATAS,4,True
231,2015-01-31 00:00:00,2015-01-31,25.2,HUMEDO,LATAS,4,True
N006,2015-01-31 00:00:00,2015-01-31,6.9,HUMEDO,LATAS,4,True
173,2015-01-31 00:00:00,2015-01-31,207.4,HUMEDO,LATAS,4,True
N026,2015-01-31 00:00:00,2015-01-31,32.8,HUMEDO,LATAS,4,True
114,2015-01-31 00:00:00,2015-01-31,41.1,HUMEDO,LATAS,4,True
N018,2015-02-01 00:00:00,2015-02-01,99.9,HUMEDO,LATAS,4,True
84,2015-02-01 00:00:00,2015-02-01,4.5,HUMEDO,LATAS,4,True
137,2015-02-01 00:00:00,2015-02-01,12.9,HUMEDO,LATAS,4,True
351,2015-02-01 00:00:00,2015-02-01,27.2,HUMEDO,LATAS,4,True
400,2015-02-01 00:00:00,2015-02-01,13.1,HUMEDO,LATAS,4,True
17,2015-02-01 00:00:00,2015-02-01,36.9,SECO,LATAS,4,True
83,2015-02-01 00:00:00,2015-02-01,87.8,HUMEDO,LATAS,4,True
137,2015-02-02 00:00:00,2015-02-02,34.3,HUMEDO,LATAS,4,True
N003,2015-02-02 00:00:00,2015-02-02,124.8,HUMEDO,LATAS,4,True
N008,2015-02-02 00:00:00,2015-02-02,71.2,HUMEDO,LATAS,4,True
400,2015-02-03 00:00:00,2015-02-03,144.5,HUMEDO,LATAS,4,True
N032,2015-02-03 00:00:00,2015-02-03,1.1,HUMEDO,LATAS,4,True
17,2015-02-03 00:00:00,2015-02-03,94.3,HUMEDO,LATAS,4,True
379,2015-02-04 00:00:00,2015-02-04,130.9,HUMEDO,LATAS,4,True
251,2015-02-04 00:00:00,2015-02-04,19.8,HUMEDO,LATAS,4,True
N002,2015-02-04 00:00:00,2015-02-04,15.7,HUMEDO,LATAS,4,True
N006,2015-02-04 00:00:00,2015-02-04,46.0,HUMEDO,LATAS,4,True
186,2015-02-04 00:00:00,2015-02-04,43.9,HUMEDO,LATAS,4,True
349,2015-02-04 00:00:00,2015-02-04,67.2,HUMEDO,LATAS,4,True
395,2015-02-05 00:00:00,2015-02-05,5.2,HUMEDO,LATAS,4,True
238,2015-02-05 00:00:00,2015-02-05,149.4,HUMEDO,LATAS,4,True
193,2015-02-05 00:00:00,2015-02-05,271.8,HUMEDO,LATAS,4,True
387,2015-02-06 00:00:00,2015-02-06,371.6,HUMEDO,LATAS,4,True
351,2015-02-06 00:00:00,2015-02-06,52.7,HUMEDO,LATAS,4,True
14,2015-02-06 00:00:00,2015-02-06,37.6,HUMEDO,LATAS,4,True
273,2015-02-06 00:00:00,2015-02-06,219.2,HUMEDO,LATAS,4,True
82,2015-02-07 00:00:00,2015-02-07,16.5,HUMEDO,LATAS,4,True
271,2015-02-07 00:00:00,2015-02-07,98.5,HUMEDO,LATAS,4,True
186,2015-02-07 00:00:00,2015-02-07,26.0,HUMEDO,LATAS,4,True
N026,2015-02-07 00:00:00,2015-02-07,10.6,HUMEDO,LATAS,4,True
N015,2015-02-07 00:00:00,2015-02-07,108.1,HUMEDO,LATAS,4,True
291,2015-02-07 00:00:00,2015-02-07,70.3,HUMEDO,LATAS,4,True
396,2015-02-07 00:00:00,2015-02-07,86.2,HUMEDO,LATAS,4,True
380,2015-02-07 00:00:00,2015-02-07,12.4,HUMEDO,LATAS,4,True
346,2015-02-08 00:00:00,2015-02-08,7.2,HUMEDO,LATAS,4,True
23,2015-02-08 00:00:00,2015-02-08,273.9,HUMEDO,LATAS,4,True
364,2015-02-08 00:00:00,2015-02-08,2.8,HUMEDO,LATAS,4,True
N029,2015-02-09 00:00:00,2015-02-09,43.1,HUMEDO,LATAS,4,True
399,2015-02-09 00:00:00,2015-02-09,35.2,HUMEDO,LATAS,4,True
23,2015-02-09 00:00:00,2015-02-09,58.0,HUMEDO,LATAS,4,True
N008,2015-02-09 00:00:00,2015-02-09,2.1,HUMEDO,LATAS,4,True
293,2015-02-09 00:00:00,2015-02-09,110.6,HUMEDO,LATAS,4,True
N028,2015-02-09 00:00:00,2015-02-09,127.8,HUMEDO,LATAS,4,True
113,2015-02-09 00:00:00,2015-02-09,84.3,HUMEDO,LATAS,4,True
273,2015-02-09 00:00:00,2015-02-09,86.5,HUMEDO,LATAS,4,True
N011,2015-02-09 00:00:00,2015-02-09,9.2,HUMEDO,LATAS,4,True
187,2015-02-09 00:00:00,2015-02-09,139.0,HUMEDO,LATAS,4,True
N002,2015-02-10 00:00:00,2015-02-10,19.5,HUMEDO,LATAS,4,True
175,2015-02-10 00:00:00,2015-02-10,8.1,HUMEDO,LATAS,4,True
79,2015-02-10 00:00:00,2015-02-10,9.0,HUMEDO,LATAS,4,True
N020,2015-02-10 00:00:00,2015-02-10,31.1,HUMEDO,LATAS,4,True
282,2015-02-10 00:00:00,2015-02-10,122.5,HUMEDO,LATAS,4,True
N013,2015-02-10 00:00:00,2015-02-10,41.9,HUMEDO,LATAS,4,True
382,2015-02-11 00:00:00,2015-02-11,160.4,HUMEDO,LATAS,4,True
281,2015-02-11 00:00:00,2015-02-11,5.7,HUMEDO,LATAS,4,True
261,2015-02-11 00:00:00,2015-02-11,18.4,HUMEDO,LATAS,4,True
86,2015-02-11 00:00:00,2015-02-11,38.0,HUMEDO,LATAS,4,True
N012,2015-02-12 00:00:00,2015-02-12,14.5,HUMEDO,LATAS,4,True
271,2015-02-12 00:00:00,2015-02-12,25.3,HUMEDO,LATAS,4,True
273,2015-02-12 00:00:00,2015-02-12,1.9,HUMEDO,LATAS,4,True
353,2015-02-12 00:00:00,2015-02-12,9.8,HUMEDO,LATAS,4,True
46,2015-02-12 00:00:00,2015-02-12,49.3,HUMEDO,LATAS,4,True
202,2015-02-12 00:00:00,2015-02-12,22.8,HUMEDO,LATAS,4,True
281,2015-02-12 00:00:00,2015-02-12,12.5,HUMEDO,LATAS,4,True
272,2015-02-12 00:00:00,2015-02-12,51.1,HUMEDO,LATAS,4,True
236,2015-02-12 00:00:00,2015-02-12,8.7,HUMEDO,LATAS,4,True
N019,2015-02-13 00:00:00,2015-02-13,105.9,HUMEDO,LATAS,4,True
238,2015-02-13 00:00:00,2015-02-13,34.1,HUMEDO,LATAS,4,True
N018,2015-02-13 00:00:00,2015-02-13,1.4,HUMEDO,LATAS,4,True
150,2015-02-13 00:00:00,2015-02-13,12.2,HUMEDO,LATAS,4,True
85,2015-02-13 00:00:00,2015-02-13,26.4,HUMEDO,LATAS,4,True
N011,2015-02-13 00:00:00,2015-02-13,68.2,HUMEDO,LATAS,4,True
54,2015-02-14 00:00:00,2015-02-14,30.0,HUMEDO,LATAS,4,True
350,2015-02-14 00:00:00,2015-02-14,15.5,HUMEDO,LATAS,4,True
354,2015-02-14 00:00:00,2015-02-14,32.2,HUMEDO,LATAS,4,True
177,2015-02-14 00:00:00,2015-02-14,80.9,HUMEDO,LATAS,4,True
276,2015-02-14 00:00:00,2015-02-14,37.3,HUMEDO,LATAS,4,True
259,2015-02-14 00:00:00,2015-02-14,5.6,HUMEDO,LATAS,4,True
233,2015-02-14 00:00:00,2015-02-14,202.7,HUMEDO,LATAS,4,True
N019,2015-02-15 00:00:00,2015-02-15,1.9,HUMEDO,LATAS,4,True
380,2015-02-15 00:00:00,2015-02-15,2.9,HUMEDO,LATAS,4,True
84,2015-02-15 00:00:00,2015-02-15,10.9,HUMEDO,LATAS,4,True
N021,2015-02-15 00:00:00,2015-02-15,6.9,HUMEDO,LATAS,4,True
79,2015-02-15 00:00:00,2015-02-15,16.5,HUMEDO,LATAS,4,True
347,2015-02-15 00:00:00,2015-02-15,18.2,HUMEDO,LATAS,4,True
45,2015-02-15 00:00:00,2015-02-15,53.5,HUMEDO,LATAS,4,True
387,2015-02-15 00:00:00,2015-02-15,31.8,HUMEDO,LATAS,4,True
47,2015-02-15 00:00:00,2015-02-15,17.9,HUMEDO,LATAS,4,True
234,2015-02-15 00:00:00,2015-02-15,18.2,HUMEDO,LATAS,4,True
172,2015-02-15 00:00:00,2015-02-15,27.1,HUMEDO,LATAS,4,True
234,2015-02-16 00:00:00,2015-02-16,170.0,HUMEDO,LATAS,4,True
N020,2015-02-16 00:00:00,2015-02-16,154.2,HUMEDO,LATAS,4,True
82,2015-02-16 00:00:00,2015-02-16,96.7,HUMEDO,LATAS,4,True
N010,2015-02-16 00:00:00,2015-02-16,101.8,HUMEDO,LATAS,4,True
105,2015-02-17 00:00:00,2015-02-17,17.7,HUMEDO,LATAS,4,True
N009,2015-02-17 00:00:00,2015-02-17,18.0,HUMEDO,LATAS,4,True
346,2015-02-17 00:00:00,2015-02-17,1.0,HUMEDO,LATAS,4,True
38,2015-02-17 00:00:00,2015-02-17,12.4,HUMEDO,LATAS,4,True
46,2015-02-17 00:00:00,2015-02-17,1.4,HUMEDO,LATAS,4,True
374,2015-02-17 00:00:00,2015-02-17,96.7,HUMEDO,LATAS,4,True
17,2015-02-17 00:00:00,2015-02-17,120.2,HUMEDO,LATAS,4,True
56,2015-02-18 00:00:00,2015-02-18,97.3,HUMEDO,LATAS,4,True
43,2015-02-18 00:00:00,2015-02-18,5.1,HUMEDO,LATAS,4,True
379,2015-02-18 00:00:00,2015-02-18,36.7,HUMEDO,LATAS,4,True
N019,2015-02-18 00:00:00,2015-02-18,24.3,HUMEDO,LATAS,4,True
185,2015-02-18 00:00:00,2015-02-18,29.1,HUMEDO,LATAS,4,True
187,2015-02-18 00:00:00,2015-02-18,14.6,HUMEDO,LATAS,4,True
226,2015-02-18 00:00:00,2015-02-18,1.1,HUMEDO,LATAS,4,True
N005,2015-02-18 00:00:00,2015-02-18,11.6,HUMEDO,LATAS,4,True
54,2015-02-18 00:00:00,2015-02-18,37.1,HUMEDO,LATAS,4,True
351,2015-02-19 00:00:00,2015-02-19,66.5,HUMEDO,LATAS,4,True
172,2015-02-19 00:00:00,2015-02-19,21.4,HUMEDO,LATAS,4,True
14,2015-02-19 00:00:00,2015-02-19,45.7,HUMEDO,LATAS,4,True
278,2015-02-19 00:00:00,2015-02-19,9.1,HUMEDO,LATAS,4,True
45,2015-02-19 00:00:00,2015-02-19,5.0,HUMEDO,LATAS,4,True
401,2015-02-19 00:00:00,2015-02-19,5.9,HUMEDO,LATAS,4,True
137,2015-02-19 00:00:00,2015-02-19,73.4,HUMEDO,LATAS,4,True
182,2015-02-20 00:00:00,2015-02-20,14.8,HUMEDO,LATAS,4,True
193,2015-02-20 00:00:00,2015-02-20,25.7,HUMEDO,LATAS,4,True
259,2015-02-20 00:00:00,2015-02-20,14.4,HUMEDO,LATAS,4,True
349,2015-02-20 00:00:00,2015-02-20,47.7,HUMEDO,LATAS,4,True
380,2015-02-20 00:00:00,2015-02-20,12.5,HUMEDO,LATAS,4,True
246,2015-02-20 00:00:00,2015-02-20,9.1,HUMEDO,LATAS,4,True
387,2015-02-20 00:00:00,2015-02-20,6.3,HUMEDO,LATAS,4,True
335,2015-02-20 00:00:00,2015-02-20,29.8,HUMEDO,LATAS,4,True
79,2015-02-20 00:00:00,2015-02-20,1.5,HUMEDO,LATAS,4,True
N017,2015-02-20 00:00:00,2015-02-20,16.3,HUMEDO,LATAS,4,True
175,2015-02-21 00:00:00,2015-02-21,26.9,HUMEDO,LATAS,4,True
247,2015-02-21 00:00:00,2015-02-21,37.0,HUMEDO,LATAS,4,True
255,2015-02-21 00:00:00,2015-02-21,48.3,HUMEDO,LATAS,4,True
79,2015-02-21 00:00:00,2015-02-21,1.0,HUMEDO,LATAS,4,True
346,2015-02-21 00:00:00,2015-02-21,3.1,HUMEDO,LATAS,4,True
185,2015-02-21 00:00:00,2015-02-21,7.3,HUMEDO,LATAS,4,True
373,2015-02-21 00:00:00,2015-02-21,10.1,HUMEDO,LATAS,4,True
193,2015-02-21 00:00:00,2015-02-21,12.0,HUMEDO,LATAS,4,True
190,2015-02-22 00:00:00,2015-02-22,9.1,HUMEDO,LATAS,4,True
119,2015-02-22 00:00:00,2015-02-22,8.9,HUMEDO,LATAS,4,True
401,2015-02-22 00:00:00,2015-02-22,23.4,HUMEDO,LATAS,4,True
346,2015-02-22 00:00:00,2015-02-22,10.1,HUMEDO,LATAS,4,True
365,2015-02-22 00:00:00,2015-02-22,1.0,HUMEDO,LATAS,4,True
N002,2015-02-22 00:00:00,2015-02-22,1.8,HUMEDO,LATAS,4,True
N022,2015-02-22 00:00:00,2015-02-22,38.3,HUMEDO,LATAS,4,True
23,2015-02-22 00:00:00,2015-02-22,2.4,HUMEDO,LATAS,4,True
277,2015-02-22 00:00:00,2015-02-22,9.5,HUMEDO,LATAS,4,True
N010,2015-02-24 00:00:00,2015-02-24,12.9,HUMEDO,LATAS,4,True
175,2015-02-24 00:00:00,2015-02-24,1.0,HUMEDO,LATAS,4,True
282,2015-02-24 00:00:00,2015-02-24,14.7,HUMEDO,LATAS,4,True
N007,2015-02-24 00:00:00,2015-02-24,19.7,HUMEDO,LATAS,4,True
N012,2015-02-24 00:00:00,2015-02-24,10.7,HUMEDO,LATAS,4,True
186,2015-02-24 00:00:00,2015-02-24,21.3,HUMEDO,LATAS,4,True
N005,2015-02-24 00:00:00,2015-02-24,11.5,HUMEDO,LATAS,4,True
354,2015-02-24 00:00:00,2015-02-24,14.1,HUMEDO,LATAS,4,True
251,2015-02-24 00:00:00,2015-02-24,24.0,HUMEDO,LATAS,4,True
364,2015-02-24 00:00:00,2015-02-24,23.6,HUMEDO,LATAS,4,True
281,2015-02-24 00:00:00,2015-02-24,61.2,HUMEDO,LATAS,4,True
113,2015-02-25 00:00:00,2015-02-25,265.2,HUMEDO,LATAS,4,True
N024,2015-02-25 00:00:00,2015-02-25,1.5,HUMEDO,LATAS,4,True
259,2015-02-25 00:00:00,2015-02-25,342.9,HUMEDO,LATAS,4,True
185,2015-02-25 00:00:00,2015-02-25,501.6,HUMEDO,LATAS,4,True
200,2015-02-25 00:00:00,2015-02-25,191.6,HUMEDO,LATAS,4,True
N017,2015-02-25 00:00:00,2015-02-25,179.2,HUMEDO,LATAS,4,True
267,2015-02-25 00:00:00,2015-02-25,441.9,HUMEDO,LATAS,4,True
105,2015-02-25 00:00:00,2015-02-25,223.8,HUMEDO,LATAS,4,True
N011,2015-02-26 00:00:00,2015-02-26,82.3,HUMEDO,LATAS,4,True
114,2015-02-26 00:00:00,2015-02-26,73.8,HUMEDO,LATAS,4,True
300,2015-02-26 00:00:00,2015-02-26,19.8,HUMEDO,LATAS,4,True
N006,2015-02-26 00:00:00,2015-02-26,101.2,HUMEDO,LATAS,4,True
118,2015-02-26 00:00:00,2015-02-26,114.7,HUMEDO,LATAS,4,True
54,2015-02-26 00:00:00,2015-02-26,164.1,HUMEDO,LATAS,4,True
379,2015-02-26 00:00:00,2015-02-26,158.8,HUMEDO,LATAS,4,True
347,2015-02-26 00:00:00,2015-02-26,1.4,HUMEDO,LATAS,4,True
231,2015-02-26 00:00:00,2015-02-26,24.5,HUMEDO,LATAS,4,True
185,2015-02-27 00:00:00,2015-02-27,4.4,HUMEDO,LATAS,4,True
379,2015-02-27 00:00:00,2015-02-27,151.0,HUMEDO,LATAS,4,True
356,2015-02-27 00:00:00,2015-02-27,29.9,HUMEDO,LATAS,4,True
N030,2015-02-27 00:00:00,2015-02-27,341.1,HUMEDO,LATAS,4,True
124,2015-02-27 00:00:00,2015-02-27,65.1,HUMEDO,LATAS,4,True
137,2015-02-28 00:00:00,2015-02-28,10.3,HUMEDO,LATAS,4,True
200,2015-02-28 00:00:00,2015-02-28,28.5,HUMEDO,LATAS,4,True
293,2015-02-28 00:00:00,2015-02-28,9.2,HUMEDO,LATAS,4,True
354,2015-02-28 00:00:00,2015-02-28,130.9,HUMEDO,LATAS,4,True
83,2015-02-28 00:00:00,2015-02-28,3.1,HUMEDO,LATAS,4,True
310,2015-02-28 00:00:00,2015-02-28,27.0,HUMEDO,LATAS,4,True
33,2015-02-28 00:00:00,2015-02-28,13.3,HUMEDO,LATAS,4,True
193,2015-02-28 00:00:00,2015-02-28,41.7,HUMEDO,LATAS,4,True
113,2015-02-28 00:00:00,2015-02-28,40.0,HUMEDO,LATAS,4,True
82,2015-03-01 00:00:00,2015-03-01,47.5,HUMEDO,LATAS,4,True
380,2015-03-01 00:00:00,2015-03-01,34.3,HUMEDO,LATAS,4,True
N032,2015-03-01 00:00:00,2015-03-01,42.4,HUMEDO,LATAS,4,True
219,2015-03-03 00:00:00,2015-03-03,1.3,HUMEDO,LATAS,4,True
N001,2015-03-03 00:00:00,2015-03-03,1.0,HUMEDO,LATAS,4,True
278,2015-03-03 00:00:00,2015-03-03,1.1,HUMEDO,LATAS,4,True
N004,2015-03-03 00:00:00,2015-03-03,3.1,HUMEDO,LATAS,4,True
105,2015-03-03 00:00:00,2015-03-03,4.6,HUMEDO,LATAS,4,True
N013,2015-03-03 00:00:00,2015-03-03,1.0,HUMEDO,LATAS,4,True
82,2015-03-03 00:00:00,2015-03-03,1.1,SECO,LATAS,4,True
N027,2015-03-03 00:00:00,2015-03-03,1.1,HUMEDO,LATAS,4,True
43,2015-03-03 00:00:00,2015-03-03,8.9,HUMEDO,LATAS,4,True
272,2015-03-03 00:00:00,2015-03-03,2.2,HUMEDO,LATAS,4,True
200,2015-03-04 00:00:00,2015-03-04,3.6,HUMEDO,LATAS,4,True
353,2015-03-04 00:00:00,2015-03-04,5.1,HUMEDO,LATAS,4,True
395,2015-03-04 00:00:00,2015-03-04,3.8,HUMEDO,LATAS,4,True
346,2015-03-04 00:00:00,2015-03-04,3.9,HUMEDO,LATAS,4,True
N004,2015-03-04 00:00:00,2015-03-04,6.4,HUMEDO,LATAS,4,True
379,2015-03-04 00:00:00,2015-03-04,15.6,HUMEDO,LATAS,4,True
182,2015-03-04 00:00:00,2015-03-04,21.1,HUMEDO,LATAS,4,True
N016,2015-03-04 00:00:00,2015-03-04,1.1,HUMEDO,LATAS,4,True
335,2015-03-04 00:00:00,2015-03-04,8.4,HUMEDO,LATAS,4,True
193,2015-03-05 00:00:00,2015-03-05,3.0,HUMEDO,LATAS,4,True
N012,2015-03-05 00:00:00,2015-03-05,3.6,HUMEDO,LATAS,4,True
338,2015-03-05 00:00:00,2015-03-05,1.0,HUMEDO,LATAS,4,True
17,2015-03-05 00:00:00,2015-03-05,1.8,HUMEDO,LATAS,4,True
14,2015-03-05 00:00:00,2015-03-05,15.7,HUMEDO,LATAS,4,True
N026,2015-03-05 00:00:00,2015-03-05,5.2,HUMEDO,LATAS,4,True
374,2015-03-06 00:00:00,2015-03-06,123.1,HUMEDO,LATAS,4,True
N028,2015-03-06 00:00:00,2015-03-06,45.7,HUMEDO,LATAS,4,True
294,2015-03-07 00:00:00,2015-03-07,8.7,HUMEDO,LATAS,4,True
347,2015-03-07 00:00:00,2015-03-07,53.3,HUMEDO,LATAS,4,True
364,2015-03-07 00:00:00,2015-03-07,6.1,HUMEDO,LATAS,4,True
38,2015-03-07 00:00:00,2015-03-07,12.0,HUMEDO,LATAS,4,True
86,2015-03-08 00:00:00,2015-03-08,8.4,HUMEDO,LATAS,4,True
23,2015-03-08 00:00:00,2015-03-08,11.6,HUMEDO,LATAS,4,True
267,2015-03-08 00:00:00,2015-03-08,1.0,HUMEDO,LATAS,4,True
255,2015-03-08 00:00:00,2015-03-08,1.4,HUMEDO,LATAS,4,True
56,2015-03-08 00:00:00,2015-03-08,4.2,HUMEDO,LATAS,4,True
253,2015-03-08 00:00:00,2015-03-08,1.0,HUMEDO,LATAS,4,True
N018,2015-03-08 00:00:00,2015-03-08,2.6,HUMEDO,LATAS,4,True
371,2015-03-08 00:00:00,2015-03-08,4.9,HUMEDO,LATAS,4,True
379,2015-03-08 00:00:00,2015-03-08,2.9,HUMEDO,LATAS,4,True
N026,2015-03-09 00:00:00,2015-03-09,11.0,HUMEDO,LATAS,4,True
173,2015-03-09 00:00:00,2015-03-09,37.7,HUMEDO,LATAS,4,True
175,2015-03-09 00:00:00,2015-03-09,28.4,HUMEDO,LATAS,4,True
293,2015-03-09 00:00:00,2015-03-09,14.7,HUMEDO,LATAS,4,True
N022,2015-03-09 00:00:00,2015-03-09,100.0,HUMEDO,LATAS,4,True
236,2015-03-09 00:00:00,2015-03-09,16.6,HUMEDO,LATAS,4,True
114,2015-03-10 00:00:00,2015-03-10,18.6,HUMEDO,LATAS,4,True
344,2015-03-10 00:00:00,2015-03-10,27.4,HUMEDO,LATAS,4,True
236,2015-03-10 00:00:00,2015-03-10,8.1,HUMEDO,LATAS,4,True
N021,2015-03-10 00:00:00,2015-03-10,28.7,HUMEDO,LATAS,4,True
350,2015-03-10 00:00:00,2015-03-10,14.6,HUMEDO,LATAS,4,True
N005,2015-03-10 00:00:00,2015-03-10,11.4,HUMEDO,LATAS,4,True
351,2015-03-11 00:00:00,2015-03-11,1.0,HUMEDO,LATAS,4,True
N014,2015-03-11 00:00:00,2015-03-11,7.9,HUMEDO,LATAS,4,True
14,2015-03-11 00:00:00,2015-03-11,15.1,HUMEDO,LATAS,4,True
N020,2015-03-11 00:00:00,2015-03-11,28.7,HUMEDO,LATAS,4,True
273,2015-03-11 00:00:00,2015-03-11,1.6,HUMEDO,LATAS,4,True
N013,2015-03-11 00:00:00,2015-03-11,12.9,HUMEDO,LATAS,4,True
N030,2015-03-11 00:00:00,2015-03-11,2.1,HUMEDO,LATAS,4,True
46,2015-03-11 00:00:00,2015-03-11,1.0,HUMEDO,LATAS,4,True
347,2015-03-12 00:00:00,2015-03-12,2.7,HUMEDO,LATAS,4,True
N020,2015-03-12 00:00:00,2015-03-12,9.4,HUMEDO,LATAS,4,True
185,2015-03-12 00:00:00,2015-03-12,1.5,HUMEDO,LATAS,4,True
200,2015-03-12 00:00:00,2015-03-12,6.9,HUMEDO,LATAS,4,True
202,2015-03-12 00:00:00,2015-03-12,2.2,HUMEDO,LATAS,4,True
233,2015-03-12 00:00:00,2015-03-12,1.1,HUMEDO,LATAS,4,True
N026,2015-03-12 00:00:00,2015-03-12,2.3,HUMEDO,LATAS,4,True
399,2015-03-12 00:00:00,2015-03-12,1.3,HUMEDO,LATAS,4,True
127,2015-03-12 00:00:00,2015-03-12,16.2,HUMEDO,LATAS,4,True
N005,2015-03-12 00:00:00,2015-03-12,1.1,HUMEDO,LATAS,4,True
48,2015-03-13 00:00:00,2015-03-13,8.2,HUMEDO,LATAS,4,True
350,2015-03-13 00:00:00,2015-03-13,3.8,HUMEDO,LATAS,4,True
N018,2015-03-13 00:00:00,2015-03-13,18.7,HUMEDO,LATAS,4,True
175,2015-03-13 00:00:00,2015-03-13,37.6,HUMEDO,LATAS,4,True
N025,2015-03-13 00:00:00,2015-03-13,13.5,HUMEDO,LATAS,4,True
219,2015-03-13 00:00:00,2015-03-13,15.6,HUMEDO,LATAS,4,True
N022,2015-03-15 00:00:00,2015-03-15,1.1,HUMEDO,LATAS,4,True
N023,2015-03-15 00:00:00,2015-03-15,6.5,HUMEDO,LATAS,4,True
23,2015-03-15 00:00:00,2015-03-15,3.7,HUMEDO,LATAS,4,True
380,2015-03-15 00:00:00,2015-03-15,2.8,HUMEDO,LATAS,4,True
33,2015-03-15 00:00:00,2015-03-15,1.0,HUMEDO,LATAS,4,True
247,2015-03-15 00:00:00,2015-03-15,5.5,HUMEDO,LATAS,4,True
N018,2015-03-15 00:00:00,2015-03-15,1.4,HUMEDO,LATAS,4,True
346,2015-03-15 00:00:00,2015-03-15,3.7,HUMEDO,LATAS,4,True
392,2015-03-15 00:00:00,2015-03-15,9.5,HUMEDO,LATAS,4,True
395,2015-03-15 00:00:00,2015-03-15,1.0,HUMEDO,LATAS,4,True
231,2015-03-15 00:00:00,2015-03-15,1.0,HUMEDO,LATAS,4,True
N007,2015-03-15 00:00:00,2015-03-15,2.6,HUMEDO,LATAS,4,True
N008,2015-03-15 00:00:00,2015-03-15,1.1,HUMEDO,LATAS,4,True
233,2015-03-16 00:00:00,2015-03-16,92.6,HUMEDO,LATAS,4,True
114,2015-03-16 00:00:00,2015-03-16,305.1,HUMEDO,LATAS,4,True
14,2015-03-16 00:00:00,2015-03-16,147.3,HUMEDO,LATAS,4,True
351,2015-03-16 00:00:00,2015-03-16,377.6,HUMEDO,LATAS,4,True
113,2015-03-17 00:00:00,2015-03-17,144.9,HUMEDO,LATAS,4,True
277,2015-03-17 00:00:00,2015-03-17,21.2,HUMEDO,LATAS,4,True
276,2015-03-17 00:00:00,2015-03-17,55.8,HUMEDO,LATAS,4,True
N006,2015-03-17 00:00:00,2015-03-17,1.0,HUMEDO,LATAS,4,True
N016,2015-03-17 00:00:00,2015-03-17,25.2,HUMEDO,LATAS,4,True
228,2015-03-17 00:00:00,2015-03-17,23.2,HUMEDO,LATAS,4,True
395,2015-03-19 00:00:00,2015-03-19,2.1,HUMEDO,LATAS,4,True
349,2015-03-19 00:00:00,2015-03-19,17.0,HUMEDO,LATAS,4,True
150,2015-03-19 00:00:00,2015-03-19,19.3,HUMEDO,LATAS,4,True
247,2015-03-19 00:00:00,2015-03-19,12.4,HUMEDO,LATAS,4,True
202,2015-03-19 00:00:00,2015-03-19,5.6,HUMEDO,LATAS,4,True
238,2015-03-19 00:00:00,2015-03-19,11.1,HUMEDO,LATAS,4,True
267,2015-03-20 00:00:00,2015-03-20,5.7,HUMEDO,LATAS,4,True
379,2015-03-20 00:00:00,2015-03-20,5.0,HUMEDO,LATAS,4,True
N006,2015-03-20 00:00:00,2015-03-20,10.7,HUMEDO,LATAS,4,True
202,2015-03-20 00:00:00,2015-03-20,19.5,HUMEDO,QUINTALES,4,True
193,2015-03-20 00:00:00,2015-03-20,61.3,HUMEDO,LATAS,4,True
219,2015-03-20 00:00:00,2015-03-20,6.4,HUMEDO,LATAS,4,True
400,2015-03-20 00:00:00,2015-03-20,1.4,HUMEDO,LATAS,4,True
233,2015-03-20 00:00:00,2015-03-20,20.2,HUMEDO,LATAS,4,True
N003,2015-03-21 00:00:00,2015-03-21,15.0,HUMEDO,LATAS,4,True
N008,2015-03-21 00:00:00,2015-03-21,1.5,HUMEDO,LATAS,4,True
N011,2015-03-21 00:00:00,2015-03-21,16.9,HUMEDO,LATAS,4,True
276,2015-03-21 00:00:00,2015-03-21,8.3,HUMEDO,LATAS,4,True
N028,2015-03-21 00:00:00,2015-03-21,2.9,HUMEDO,LATAS,4,True
N029,2015-03-21 00:00:00,2015-03-21,14.4,HUMEDO,LATAS,4,True
38,2015-03-22 00:00:00,2015-03-22,7.3,HUMEDO,LATAS,4,True
365,2015-03-22 00:00:00,2015-03-22,14.5,HUMEDO,LATAS,4,True
288,2015-03-22 00:00:00,2015-03-22,1.4,HUMEDO,LATAS,4,True
157,2015-03-22 00:00:00,2015-03-22,3.6,HUMEDO,LATAS,4,True
273,2015-03-22 00:00:00,2015-03-22,2.6,HUMEDO,LATAS,4,True
310,2015-03-22 00:00:00,2015-03-22,7.4,HUMEDO,LATAS,4,True
400,2015-03-23 00:00:00,2015-03-23,1.3,HUMEDO,LATAS,4,True
235,2015-03-23 00:00:00,2015-03-23,10.8,HUMEDO,LATAS,4,True
N031,2015-03-23 00:00:00,2015-03-23,5.5,HUMEDO,LATAS,4,True
172,2015-03-23 00:00:00,2015-03-23,6.1,SECO,LATAS,4,True
231,2015-03-23 00:00:00,2015-03-23,4.3,HUMEDO,LATAS,4,True
186,2015-03-23 00:00:00,2015-03-23,1.0,HUMEDO,LATAS,4,True
N013,2015-03-25 00:00:00,2015-03-25,110.1,HUMEDO,LATAS,4,True
182,2015-03-25 00:00:00,2015-03-25,60.6,HUMEDO,LATAS,4,True
N006,2015-03-25 00:00:00,2015-03-25,34.9,HUMEDO,LATAS,4,True
N012,2015-03-25 00:00:00,2015-03-25,43.6,HUMEDO,LATAS,4,True
185,2015-03-25 00:00:00,2015-03-25,81.9,HUMEDO,LATAS,4,True
N007,2015-03-25 00:00:00,2015-03-25,298.0,HUMEDO,LATAS,4,True
277,2015-03-25 00:00:00,2015-03-25,40.8,HUMEDO,LATAS,4,True
29,2015-03-25 00:00:00,2015-03-25,69.5,HUMEDO,LATAS,4,True
N015,2015-03-25 00:00:00,2015-03-25,68.7,HUMEDO,LATAS,4,True
273,2015-03-25 00:00:00,2015-03-25,11.7,HUMEDO,LATAS,4,True
190,2015-03-25 00:00:00,2015-03-25,12.0,HUMEDO,LATAS,4,True
267,2015-03-26 00:00:00,2015-03-26,64.1,HUMEDO,LATAS,4,True
N003,2015-03-26 00:00:00,2015-03-26,83.5,HUMEDO,LATAS,4,True
N014,2015-03-26 00:00:00,2015-03-26,31.6,HUMEDO,LATAS,4,True
346,2015-03-26 00:00:00,2015-03-26,14.9,HUMEDO,LATAS,4,True
38,2015-03-26 00:00:00,2015-03-26,92.0,HUMEDO,LATAS,4,True
293,2015-03-27 00:00:00,2015-03-27,1.0,HUMEDO,LATAS,4,True
346,2015-03-27 00:00:00,2015-03-27,73.8,HUMEDO,LATAS,4,True
335,2015-03-27 00:00:00,2015-03-27,3.7,HUMEDO,LATAS,4,True
N019,2015-03-27 00:00:00,2015-03-27,28.0,SECO,LATAS,4,True
172,2015-03-27 00:00:00,2015-03-27,33.3,HUMEDO,LATAS,4,True
114,2015-03-28 00:00:00,2015-03-28,12.7,HUMEDO,LATAS,4,True
N006,2015-03-28 00:00:00,2015-03-28,34.6,HUMEDO,LATAS,4,True
193,2015-03-28 00:00:00,2015-03-28,29.1,HUMEDO,LATAS,4,True
29,2015-03-28 00:00:00,2015-03-28,3.0,HUMEDO,LATAS,4,True
395,2015-03-28 00:00:00,2015-03-28,13.0,HUMEDO,LATAS,4,True
253,2015-03-28 00:00:00,2015-03-28,28.8,HUMEDO,LATAS,4,True
N022,2015-03-30 00:00:00,2015-03-30,15.8,HUMEDO,LATAS,4,True
293,2015-03-30 00:00:00,2015-03-30,28.6,HUMEDO,LATAS,4,True
N011,2015-03-30 00:00:00,2015-03-30,14.1,HUMEDO,LATAS,4,True
182,2015-03-30 00:00:00,2015-03-30,1.1,HUMEDO,LATAS,4,True
246,2015-03-30 00:00:00,2015-03-30,63.4,HUMEDO,LATAS,4,True
395,2015-03-30 00:00:00,2015-03-30,21.8,HUMEDO,LATAS,4,True
399,2015-03-31 00:00:00,2015-03-31,10.9,HUMEDO,LATAS,4,True
33,2015-03-31 00:00:00,2015-03-31,27.3,HUMEDO,LATAS,4,True
396,2015-03-31 00:00:00,2015-03-31,18.6,HUMEDO,LATAS,4,True
249,2015-03-31 00:00:00,2015-03-31,8.7,HUMEDO,LATAS,4,True
N005,2015-03-31 00:00:00,2015-03-31,4.1,SECO,LATAS,4,True
190,2015-04-03 00:00:00,2015-04-03,1.9,HUMEDO,LATAS,4,True
82,2015-04-03 00:00:00,2015-04-03,1.1,HUMEDO,LATAS,4,True
137,2015-04-03 00:00:00,2015-04-03,3.3,HUMEDO,LATAS,4,True
23,2015-04-03 00:00:00,2015-04-03,6.3,HUMEDO,LATAS,4,True
375,2015-04-03 00:00:00,2015-04-03,1.0,HUMEDO,LATAS,4,True
374,2015-04-04 00:00:00,2015-04-04,2.4,HUMEDO,LATAS,4,True
46,2015-04-04 00:00:00,2015-04-04,1.1,HUMEDO,LATAS,4,True
86,2015-04-04 00:00:00,2015-04-04,4.0,HUMEDO,LATAS,4,True
N016,2015-04-04 00:00:00,2015-04-04,3.0,HUMEDO,LATAS,4,True
267,2015-04-05 00:00:00,2015-04-05,1.5,HUMEDO,LATAS,4,True
N029,2015-04-05 00:00:00,2015-04-05,1.0,HUMEDO,LATAS,4,True
29,2015-04-05 00:00:00,2015-04-05,1.0,HUMEDO,LATAS,4,True
N023,2015-04-05 00:00:00,2015-04-05,1.0,HUMEDO,LATAS,4,True
N031,2015-04-05 00:00:00,2015-04-05,1.0,HUMEDO,LATAS,4,True
46,2015-04-05 00:00:00,2015-04-05,1.1,HUMEDO,LATAS,4,True
277,2015-04-05 00:00:00,2015-04-05,1.0,HUMEDO,LATAS,4,True
125,2015-04-05 00:00:00,2015-04-05,1.0,HUMEDO,LATAS,4,True
N006,2015-04-19 00:00:00,2015-04-19,1.5,HUMEDO,LATAS,4,True
237,2015-04-19 00:00:00,2015-04-19,4.9,HUMEDO,LATAS,4,True
23,2015-04-19 00:00:00,2015-04-19,7.0,SECO,LATAS,4,True
N005,2015-04-19 00:00:00,2015-04-19,1.0,HUMEDO,LATAS,4,True
N008,2015-04-19 00:00:00,2015-04-19,8.0,HUMEDO,LATAS,4,True
N025,2015-04-19 00:00:00,2015-04-19,1.5,HUMEDO,LATAS,4,True
82,2015-04-19 00:00:00,2015-04-19,1.1,HUMEDO,LATAS,4,True
N013,2015-04-19 00:00:00,2015-04-19,1.0,HUMEDO,LATAS,4,True
255,2015-04-19 00:00:00,2015-04-19,6.9,HUMEDO,LATAS,4,True
N003,2015-04-19 00:00:00,2015-04-19,1.5,HUMEDO,LATAS,4,True
231,2015-04-20 00:00:00,2015-04-20,2.5,HUMEDO,LATAS,4,True
56,2015-04-20 00:00:00,2015-04-20,1.1,HUMEDO,LATAS,4,True
N015,2015-04-20 00:00:00,2015-04-20,3.7,HUMEDO,LATAS,4,True
79,2015-04-20 00:00:00,2015-04-20,5.5,HUMEDO,LATAS,4,True
43,2015-04-20 00:00:00,2015-04-20,2.2,HUMEDO,LATAS,4,True
293,2015-04-20 00:00:00,2015-04-20,1.0,SECO,LATAS,4,True
349,2015-04-20 00:00:00,2015-04-20,1.1,HUMEDO,LATAS,4,True
83,2015-04-20 00:00:00,2015-04-20,1.0,HUMEDO,LATAS,4,True
N027,2015-04-20 00:00:00,2015-04-20,1.2,HUMEDO,LATAS,4,True
N019,2015-04-20 00:00:00,2015-04-20,1.8,HUMEDO,LATAS,4,True
177,2015-05-23 00:00:00,2015-05-23,4.7,HUMEDO,LATAS,4,True
N030,2015-05-28 00:00:00,2015-05-28,1.0,HUMEDO,LATAS,4,True
351,2015-05-28 00:00:00,2015-05-28,2.9,HUMEDO,LATAS,4,True
118,2015-05-28 00:00:00,2015-05-28,1.0,HUMEDO,LATAS,4,True
125,2015-05-28 00:00:00,2015-05-28,1.0,HUMEDO,LATAS,4,True
38,2015-05-28 00:00:00,2015-05-28,1.0,HUMEDO,LATAS,4,True
238,2015-05-28 00:00:00,2015-05-28,1.0,HUMEDO,LATAS,4,True
233,2015-05-28 00:00:00,2015-05-28,1.0,HUMEDO,LATAS,4,True
271,2015-05-28 00:00:00,2015-05-28,1.1,HUMEDO,LATAS,4,True
346,2015-05-28 00:00:00,2015-05-28,1.0,HUMEDO,LATAS,4,True
300,2015-05-28 00:00:00,2015-05-28,1.0,HUMEDO,LATAS,4,True
N016,2015-05-28 00:00:00,2015-05-28,1.0,HUMEDO,LATAS,4,True
177,2015-05-28 00:00:00,2015-05-28,1.1,HUMEDO,LATAS,4,True
23,2015-05-28 00:00:00,2015-05-28,1.0,HUMEDO,LATAS,4,True
237,2015-05-28 00:00:00,2015-05-28,1.2,HUMEDO,LATAS,4,True
293,2015-10-01 00:00:00,2015-10-01,557.9,HUMEDO,LATAS,5,True
33,2015-10-01 00:00:00,2015-10-01,291.6,HUMEDO,LATAS,5,True
N006,2015-10-01 00:00:00,2015-10-01,34.0,HUMEDO,LATAS,5,True
193,2015-10-02 00:00:00,2015-10-02,54.1,HUMEDO,LATAS,5,True
364,2015-10-02 00:00:00,2015-10-02,262.0,HUMEDO,LATAS,5,True
267,2015-10-03 00:00:00,2015-10-03,5.0,HUMEDO,LATAS,5,True
173,2015-10-03 00:00:00,2015-10-03,21.8,HUMEDO,LATAS,5,True
N013,2015-10-03 00:00:00,2015-10-03,24.8,HUMEDO,LATAS,5,True
219,2015-10-03 00:00:00,2015-10-03,10.9,HUMEDO,LATAS,5,True
38,2015-10-03 00:00:00,2015-10-03,110.7,HUMEDO,LATAS,5,True
368,2015-10-03 00:00:00,2015-10-03,24.8,HUMEDO,LATAS,5,True
300,2015-10-04 00:00:00,2015-10-04,1.4,HUMEDO,LATAS,5,True
289,2015-10-04 00:00:00,2015-10-04,40.4,HUMEDO,LATAS,5,True
N007,2015-10-04 00:00:00,2015-10-04,1.1,HUMEDO,LATAS,5,True
187,2015-10-04 00:00:00,2015-10-04,19.3,HUMEDO,LATAS,5,True
43,2015-10-04 00:00:00,2015-10-04,72.3,HUMEDO,LATAS,5,True
N021,2015-10-04 00:00:00,2015-10-04,22.6,HUMEDO,LATAS,5,True
247,2015-10-04 00:00:00,2015-10-04,12.8,HUMEDO,LATAS,5,True
N004,2015-10-05 00:00:00,2015-10-05,24.1,HUMEDO,LATAS,5,True
N039,2015-10-05 00:00:00,2015-10-05,3.9,HUMEDO,LATAS,5,True
387,2015-10-05 00:00:00,2015-10-05,54.4,HUMEDO,LATAS,5,True
278,2015-10-08 00:00:00,2015-10-08,105.5,HUMEDO,LATAS,5,True
175,2015-10-08 00:00:00,2015-10-08,36.5,HUMEDO,LATAS,5,True
228,2015-10-08 00:00:00,2015-10-08,224.4,HUMEDO,LATAS,5,True
114,2015-10-09 00:00:00,2015-10-09,108.9,HUMEDO,LATAS,5,True
N034,2015-10-09 00:00:00,2015-10-09,6.7,HUMEDO,LATAS,5,True
267,2015-10-09 00:00:00,2015-10-09,105.2,HUMEDO,LATAS,5,True
N034,2015-10-10 00:00:00,2015-10-10,4.1,HUMEDO,LATAS,5,True
277,2015-10-10 00:00:00,2015-10-10,47.9,HUMEDO,LATAS,5,True
310,2015-10-10 00:00:00,2015-10-10,2.9,HUMEDO,LATAS,5,True
387,2015-10-10 00:00:00,2015-10-10,104.7,HUMEDO,LATAS,5,True
354,2015-10-10 00:00:00,2015-10-10,6.7,HUMEDO,LATAS,5,True
273,2015-10-10 00:00:00,2015-10-10,16.1,HUMEDO,LATAS,5,True
267,2015-10-10 00:00:00,2015-10-10,16.7,HUMEDO,LATAS,5,True
177,2015-10-11 00:00:00,2015-10-11,4.9,HUMEDO,LATAS,5,True
23,2015-10-11 00:00:00,2015-10-11,47.3,HUMEDO,LATAS,5,True
276,2015-10-11 00:00:00,2015-10-11,84.4,HUMEDO,LATAS,5,True
N002,2015-10-11 00:00:00,2015-10-11,49.9,HUMEDO,LATAS,5,True
382,2015-10-11 00:00:00,2015-10-11,69.2,HUMEDO,LATAS,5,True
N024,2015-10-11 00:00:00,2015-10-11,10.7,HUMEDO,LATAS,5,True
347,2015-10-12 00:00:00,2015-10-12,24.6,HUMEDO,LATAS,5,True
85,2015-10-12 00:00:00,2015-10-12,22.7,HUMEDO,LATAS,5,True
354,2015-10-12 00:00:00,2015-10-12,29.1,HUMEDO,LATAS,5,True
47,2015-10-12 00:00:00,2015-10-12,3.6,HUMEDO,LATAS,5,True
202,2015-10-12 00:00:00,2015-10-12,92.8,HUMEDO,LATAS,5,True
86,2015-10-12 00:00:00,2015-10-12,37.0,HUMEDO,LATAS,5,True
172,2015-10-13 00:00:00,2015-10-13,66.8,HUMEDO,LATAS,5,True
N024,2015-10-13 00:00:00,2015-10-13,22.3,HUMEDO,LATAS,5,True
310,2015-10-13 00:00:00,2015-10-13,189.8,HUMEDO,LATAS,5,True
113,2015-10-14 00:00:00,2015-10-14,16.8,HUMEDO,LATAS,5,True
249,2015-10-14 00:00:00,2015-10-14,32.8,HUMEDO,LATAS,5,True
48,2015-10-14 00:00:00,2015-10-14,36.3,HUMEDO,LATAS,5,True
N036,2015-10-14 00:00:00,2015-10-14,113.7,HUMEDO,LATAS,5,True
177,2015-10-14 00:00:00,2015-10-14,4.2,HUMEDO,LATAS,5,True
N012,2015-10-14 00:00:00,2015-10-14,6.6,HUMEDO,LATAS,5,True
365,2015-10-14 00:00:00,2015-10-14,9.3,HUMEDO,LATAS,5,True
105,2015-10-14 00:00:00,2015-10-14,17.3,HUMEDO,LATAS,5,True
7,2015-10-14 00:00:00,2015-10-14,8.5,HUMEDO,LATAS,5,True
N033,2015-10-14 00:00:00,2015-10-14,28.0,HUMEDO,LATAS,5,True
N015,2015-10-15 00:00:00,2015-10-15,116.6,HUMEDO,LATAS,5,True
N009,2015-10-15 00:00:00,2015-10-15,224.7,HUMEDO,LATAS,5,True
119,2015-10-15 00:00:00,2015-10-15,45.0,HUMEDO,LATAS,5,True
N008,2015-10-15 00:00:00,2015-10-15,591.8,HUMEDO,LATAS,5,True
125,2015-10-15 00:00:00,2015-10-15,29.6,HUMEDO,LATAS,5,True
23,2015-10-17 00:00:00,2015-10-17,215.5,HUMEDO,LATAS,5,True
N001,2015-10-18 00:00:00,2015-10-18,21.7,HUMEDO,LATAS,5,True
29,2015-10-18 00:00:00,2015-10-18,40.3,HUMEDO,LATAS,5,True
N017,2015-10-18 00:00:00,2015-10-18,18.5,HUMEDO,LATAS,5,True
379,2015-10-18 00:00:00,2015-10-18,15.6,HUMEDO,LATAS,5,True
N019,2015-10-18 00:00:00,2015-10-18,8.1,HUMEDO,LATAS,5,True
236,2015-10-18 00:00:00,2015-10-18,9.5,HUMEDO,LATAS,5,True
395,2015-10-18 00:00:00,2015-10-18,4.7,HUMEDO,LATAS,5,True
N032,2015-10-19 00:00:00,2015-10-19,75.3,HUMEDO,LATAS,5,True
172,2015-10-19 00:00:00,2015-10-19,6.4,HUMEDO,LATAS,5,True
373,2015-10-19 00:00:00,2015-10-19,16.2,HUMEDO,LATAS,5,True
332,2015-10-19 00:00:00,2015-10-19,24.4,HUMEDO,LATAS,5,True
235,2015-10-19 00:00:00,2015-10-19,61.1,HUMEDO,LATAS,5,True
N026,2015-10-20 00:00:00,2015-10-20,38.6,HUMEDO,LATAS,5,True
N004,2015-10-20 00:00:00,2015-10-20,76.9,HUMEDO,LATAS,5,True
172,2015-10-20 00:00:00,2015-10-20,31.9,HUMEDO,LATAS,5,True
79,2015-10-20 00:00:00,2015-10-20,101.7,HUMEDO,LATAS,5,True
175,2015-10-20 00:00:00,2015-10-20,36.6,HUMEDO,LATAS,5,True
237,2015-10-20 00:00:00,2015-10-20,2.6,HUMEDO,LATAS,5,True
23,2015-10-20 00:00:00,2015-10-20,8.7,HUMEDO,LATAS,5,True
235,2015-10-20 00:00:00,2015-10-20,47.5,HUMEDO,LATAS,5,True
54,2015-10-20 00:00:00,2015-10-20,39.5,HUMEDO,LATAS,5,True
84,2015-10-20 00:00:00,2015-10-20,73.2,HUMEDO,LATAS,5,True
N011,2015-10-20 00:00:00,2015-10-20,1.0,HUMEDO,LATAS,5,True
N013,2015-10-21 00:00:00,2015-10-21,543.4,HUMEDO,LATAS,5,True
368,2015-10-21 00:00:00,2015-10-21,16.7,HUMEDO,LATAS,5,True
56,2015-10-21 00:00:00,2015-10-21,36.8,HUMEDO,LATAS,5,True
373,2015-10-22 00:00:00,2015-10-22,474.8,HUMEDO,LATAS,5,True
190,2015-10-22 00:00:00,2015-10-22,179.0,HUMEDO,LATAS,5,True
277,2015-10-22 00:00:00,2015-10-22,67.9,HUMEDO,LATAS,5,True
84,2015-10-22 00:00:00,2015-10-22,639.8,HUMEDO,LATAS,5,True
246,2015-10-22 00:00:00,2015-10-22,225.3,SECO,LATAS,5,True
347,2015-10-22 00:00:00,2015-10-22,31.9,HUMEDO,LATAS,5,True
281,2015-10-23 00:00:00,2015-10-23,185.2,HUMEDO,LATAS,5,True
N002,2015-10-23 00:00:00,2015-10-23,73.2,HUMEDO,LATAS,5,True
N018,2015-10-23 00:00:00,2015-10-23,1.0,HUMEDO,LATAS,5,True
246,2015-10-23 00:00:00,2015-10-23,6.5,HUMEDO,LATAS,5,True
45,2015-10-23 00:00:00,2015-10-23,197.8,HUMEDO,LATAS,5,True
N010,2015-10-23 00:00:00,2015-10-23,2.6,HUMEDO,LATAS,5,True
N033,2015-10-23 00:00:00,2015-10-23,60.8,HUMEDO,LATAS,5,True
227,2015-10-23 00:00:00,2015-10-23,22.0,HUMEDO,LATAS,5,True
177,2015-10-23 00:00:00,2015-10-23,16.5,HUMEDO,LATAS,5,True
79,2015-10-23 00:00:00,2015-10-23,2.6,HUMEDO,LATAS,5,True
N012,2015-10-25 00:00:00,2015-10-25,16.4,HUMEDO,LATAS,5,True
47,2015-10-25 00:00:00,2015-10-25,36.0,HUMEDO,LATAS,5,True
N032,2015-10-25 00:00:00,2015-10-25,35.4,HUMEDO,LATAS,5,True
118,2015-10-25 00:00:00,2015-10-25,7.9,HUMEDO,LATAS,5,True
202,2015-10-25 00:00:00,2015-10-25,5.3,HUMEDO,LATAS,5,True
N030,2015-10-25 00:00:00,2015-10-25,1.0,HUMEDO,LATAS,5,True
127,2015-10-25 00:00:00,2015-10-25,21.5,HUMEDO,LATAS,5,True
291,2015-10-26 00:00:00,2015-10-26,7.9,HUMEDO,LATAS,5,True
356,2015-10-26 00:00:00,2015-10-26,110.5,HUMEDO,LATAS,5,True
N023,2015-10-26 00:00:00,2015-10-26,40.8,HUMEDO,LATAS,5,True
48,2015-10-26 00:00:00,2015-10-26,9.7,HUMEDO,LATAS,5,True
293,2015-10-26 00:00:00,2015-10-26,4.6,HUMEDO,LATAS,5,True
85,2015-10-26 00:00:00,2015-10-26,8.7,HUMEDO,LATAS,5,True
228,2015-10-26 00:00:00,2015-10-26,1.0,HUMEDO,LATAS,5,True
N032,2015-10-26 00:00:00,2015-10-26,24.1,HUMEDO,LATAS,5,True
N039,2015-10-26 00:00:00,2015-10-26,9.3,HUMEDO,LATAS,5,True
N020,2015-10-26 00:00:00,2015-10-26,21.5,HUMEDO,LATAS,5,True
N017,2015-10-26 00:00:00,2015-10-26,101.1,HUMEDO,LATAS,5,True
396,2015-10-26 00:00:00,2015-10-26,10.2,HUMEDO,LATAS,5,True
N016,2015-10-26 00:00:00,2015-10-26,4.0,HUMEDO,LATAS,5,True
N014,2015-10-26 00:00:00,2015-10-26,5.8,SECO,LATAS,5,True
234,2015-10-27 00:00:00,2015-10-27,22.1,HUMEDO,LATAS,5,True
N027,2015-10-27 00:00:00,2015-10-27,161.3,HUMEDO,LATAS,5,True
396,2015-10-27 00:00:00,2015-10-27,70.2,HUMEDO,LATAS,5,True
127,2015-10-27 00:00:00,2015-10-27,47.3,HUMEDO,LATAS,5,True
291,2015-10-27 00:00:00,2015-10-27,401.5,HUMEDO,LATAS,5,True
371,2015-10-27 00:00:00,2015-10-27,3.6,HUMEDO,LATAS,5,True
N028,2015-10-28 00:00:00,2015-10-28,327.9,HUMEDO,LATAS,5,True
33,2015-10-28 00:00:00,2015-10-28,541.3,HUMEDO,LATAS,5,True
186,2015-10-29 00:00:00,2015-10-29,202.0,HUMEDO,LATAS,5,True
353,2015-10-29 00:00:00,2015-10-29,80.5,HUMEDO,LATAS,5,True
45,2015-10-29 00:00:00,2015-10-29,127.8,HUMEDO,LATAS,5,True
227,2015-10-29 00:00:00,2015-10-29,123.2,HUMEDO,LATAS,5,True
124,2015-10-29 00:00:00,2015-10-29,49.5,HUMEDO,LATAS,5,True
N013,2015-10-29 00:00:00,2015-10-29,36.2,HUMEDO,LATAS,5,True
200,2015-10-29 00:00:00,2015-10-29,44.1,HUMEDO,LATAS,5,True
105,2015-10-29 00:00:00,2015-10-29,106.6,HUMEDO,LATAS,5,True
253,2015-10-30 00:00:00,2015-10-30,28.8,HUMEDO,LATAS,5,True
227,2015-10-30 00:00:00,2015-10-30,253.9,HUMEDO,LATAS,5,True
N022,2015-10-30 00:00:00,2015-10-30,26.6,HUMEDO,LATAS,5,True
124,2015-10-30 00:00:00,2015-10-30,6.6,HUMEDO,LATAS,5,True
228,2015-10-30 00:00:00,2015-10-30,138.9,HUMEDO,LATAS,5,True
N026,2015-10-30 00:00:00,2015-10-30,14.0,HUMEDO,LATAS,5,True
193,2015-10-30 00:00:00,2015-10-30,248.2,HUMEDO,LATAS,5,True
202,2015-10-30 00:00:00,2015-10-30,30.8,HUMEDO,LATAS,5,True
219,2015-10-31 00:00:00,2015-10-31,48.7,HUMEDO,LATAS,5,True
N031,2015-10-31 00:00:00,2015-10-31,309.7,HUMEDO,LATAS,5,True
332,2015-10-31 00:00:00,2015-10-31,50.1,HUMEDO,LATAS,5,True
277,2015-10-31 00:00:00,2015-10-31,325.8,HUMEDO,LATAS,5,True
105,2015-11-01 00:00:00,2015-11-01,55.4,HUMEDO,LATAS,5,True
247,2015-11-01 00:00:00,2015-11-01,131.1,HUMEDO,LATAS,5,True
236,2015-11-01 00:00:00,2015-11-01,16.9,HUMEDO,LATAS,5,True
255,2015-11-01 00:00:00,2015-11-01,44.3,HUMEDO,LATAS,5,True
175,2015-11-01 00:00:00,2015-11-01,17.2,HUMEDO,LATAS,5,True
276,2015-11-01 00:00:00,2015-11-01,10.7,HUMEDO,LATAS,5,True
230,2015-11-01 00:00:00,2015-11-01,93.5,HUMEDO,LATAS,5,True
N002,2015-11-02 00:00:00,2015-11-02,45.7,HUMEDO,LATAS,5,True
193,2015-11-02 00:00:00,2015-11-02,19.0,HUMEDO,LATAS,5,True
182,2015-11-02 00:00:00,2015-11-02,10.3,HUMEDO,LATAS,5,True
114,2015-11-02 00:00:00,2015-11-02,15.3,HUMEDO,LATAS,5,True
350,2015-11-02 00:00:00,2015-11-02,146.0,HUMEDO,LATAS,5,True
N025,2015-11-02 00:00:00,2015-11-02,23.7,HUMEDO,LATAS,5,True
43,2015-11-02 00:00:00,2015-11-02,45.0,HUMEDO,LATAS,5,True
380,2015-11-02 00:00:00,2015-11-02,15.9,HUMEDO,LATAS,5,True
175,2015-11-02 00:00:00,2015-11-02,7.5,HUMEDO,LATAS,5,True
379,2015-11-03 00:00:00,2015-11-03,423.5,HUMEDO,LATAS,5,True
45,2015-11-03 00:00:00,2015-11-03,107.1,HUMEDO,LATAS,5,True
380,2015-11-03 00:00:00,2015-11-03,87.6,HUMEDO,LATAS,5,True
276,2015-11-03 00:00:00,2015-11-03,47.9,HUMEDO,LATAS,5,True
N016,2015-11-04 00:00:00,2015-11-04,19.5,HUMEDO,LATAS,5,True
N040,2015-11-04 00:00:00,2015-11-04,149.2,HUMEDO,LATAS,5,True
400,2015-11-04 00:00:00,2015-11-04,43.9,HUMEDO,LATAS,5,True
N002,2015-11-04 00:00:00,2015-11-04,24.6,HUMEDO,LATAS,5,True
375,2015-11-04 00:00:00,2015-11-04,32.1,HUMEDO,LATAS,5,True
N035,2015-11-04 00:00:00,2015-11-04,18.5,HUMEDO,LATAS,5,True
N009,2015-11-04 00:00:00,2015-11-04,76.7,HUMEDO,LATAS,5,True
238,2015-11-05 00:00:00,2015-11-05,42.0,HUMEDO,LATAS,5,True
84,2015-11-05 00:00:00,2015-11-05,16.5,HUMEDO,LATAS,5,True
380,2015-11-05 00:00:00,2015-11-05,110.8,HUMEDO,LATAS,5,True
379,2015-11-05 00:00:00,2015-11-05,3.3,HUMEDO,LATAS,5,True
N038,2015-11-05 00:00:00,2015-11-05,6.3,HUMEDO,LATAS,5,True
375,2015-11-05 00:00:00,2015-11-05,27.6,HUMEDO,LATAS,5,True
137,2015-11-06 00:00:00,2015-11-06,12.1,HUMEDO,LATAS,5,True
114,2015-11-06 00:00:00,2015-11-06,76.5,HUMEDO,LATAS,5,True
289,2015-11-06 00:00:00,2015-11-06,44.4,HUMEDO,LATAS,5,True
119,2015-11-06 00:00:00,2015-11-06,20.3,HUMEDO,LATAS,5,True
14,2015-11-06 00:00:00,2015-11-06,18.5,HUMEDO,LATAS,5,True
200,2015-11-06 00:00:00,2015-11-06,50.5,HUMEDO,LATAS,5,True
236,2015-11-06 00:00:00,2015-11-06,25.5,HUMEDO,LATAS,5,True
399,2015-11-07 00:00:00,2015-11-07,105.8,SECO,LATAS,5,True
173,2015-11-07 00:00:00,2015-11-07,2.0,HUMEDO,LATAS,5,True
277,2015-11-07 00:00:00,2015-11-07,64.6,HUMEDO,LATAS,5,True
N036,2015-11-07 00:00:00,2015-11-07,102.5,HUMEDO,LATAS,5,True
N035,2015-11-07 00:00:00,2015-11-07,71.1,HUMEDO,LATAS,5,True
46,2015-11-07 00:00:00,2015-11-07,13.4,HUMEDO,LATAS,5,True
251,2015-11-07 00:00:00,2015-11-07,195.2,HUMEDO,LATAS,5,True
234,2015-11-08 00:00:00,2015-11-08,32.4,HUMEDO,LATAS,5,True
347,2015-11-08 00:00:00,2015-11-08,21.9,HUMEDO,LATAS,5,True
23,2015-11-08 00:00:00,2015-11-08,27.9,HUMEDO,LATAS,5,True
118,2015-11-08 00:00:00,2015-11-08,9.4,HUMEDO,LATAS,5,True
56,2015-11-08 00:00:00,2015-11-08,22.2,HUMEDO,LATAS,5,True
N031,2015-11-08 00:00:00,2015-11-08,26.1,HUMEDO,LATAS,5,True
267,2015-11-08 00:00:00,2015-11-08,88.6,HUMEDO,LATAS,5,True
261,2015-11-08 00:00:00,2015-11-08,3.2,HUMEDO,LATAS,5,True
N017,2015-11-10 00:00:00,2015-11-10,273.7,HUMEDO,LATAS,5,True
230,2015-11-10 00:00:00,2015-11-10,124.4,HUMEDO,LATAS,5,True
N016,2015-11-10 00:00:00,2015-11-10,189.8,HUMEDO,LATAS,5,True
7,2015-11-10 00:00:00,2015-11-10,512.0,HUMEDO,LATAS,5,True
17,2015-11-10 00:00:00,2015-11-10,145.6,HUMEDO,LATAS,5,True
233,2015-11-10 00:00:00,2015-11-10,112.4,HUMEDO,LATAS,5,True
N022,2015-11-10 00:00:00,2015-11-10,219.2,HUMEDO,LATAS,5,True
200,2015-11-10 00:00:00,2015-11-10,180.7,HUMEDO,LATAS,5,True
45,2015-11-10 00:00:00,2015-11-10,51.8,SECO,LATAS,5,True
45,2015-11-11 00:00:00,2015-11-11,115.9,HUMEDO,LATAS,5,True
N039,2015-11-11 00:00:00,2015-11-11,293.5,HUMEDO,LATAS,5,True
N020,2015-11-11 00:00:00,2015-11-11,35.1,HUMEDO,LATAS,5,True
281,2015-11-11 00:00:00,2015-11-11,253.3,HUMEDO,LATAS,5,True
226,2015-11-12 00:00:00,2015-11-12,42.6,HUMEDO,LATAS,5,True
N040,2015-11-12 00:00:00,2015-11-12,85.2,HUMEDO,LATAS,5,True
N038,2015-11-12 00:00:00,2015-11-12,1.0,HUMEDO,LATAS,5,True
236,2015-11-12 00:00:00,2015-11-12,203.8,HUMEDO,LATAS,5,True
291,2015-11-12 00:00:00,2015-11-12,58.8,HUMEDO,LATAS,5,True
56,2015-11-12 00:00:00,2015-11-12,21.3,HUMEDO,LATAS,5,True
23,2015-11-12 00:00:00,2015-11-12,18.9,HUMEDO,LATAS,5,True
N023,2015-11-12 00:00:00,2015-11-12,129.4,HUMEDO,LATAS,5,True
400,2015-11-13 00:00:00,2015-11-13,54.1,HUMEDO,LATAS,5,True
175,2015-11-13 00:00:00,2015-11-13,62.3,HUMEDO,LATAS,5,True
233,2015-11-13 00:00:00,2015-11-13,32.9,HUMEDO,LATAS,5,True
48,2015-11-13 00:00:00,2015-11-13,24.1,HUMEDO,LATAS,5,True
338,2015-11-13 00:00:00,2015-11-13,63.0,HUMEDO,LATAS,5,True
N003,2015-11-13 00:00:00,2015-11-13,5.4,HUMEDO,LATAS,5,True
23,2015-11-13 00:00:00,2015-11-13,11.8,HUMEDO,LATAS,5,True
47,2015-11-14 00:00:00,2015-11-14,23.0,HUMEDO,LATAS,5,True
235,2015-11-14 00:00:00,2015-11-14,46.8,HUMEDO,LATAS,5,True
310,2015-11-14 00:00:00,2015-11-14,6.8,HUMEDO,LATAS,5,True
N040,2015-11-14 00:00:00,2015-11-14,6.9,HUMEDO,LATAS,5,True
N039,2015-11-14 00:00:00,2015-11-14,10.7,SECO,LATAS,5,True
118,2015-11-14 00:00:00,2015-11-14,13.1,HUMEDO,LATAS,5,True
186,2015-11-14 00:00:00,2015-11-14,86.5,HUMEDO,LATAS,5,True
259,2015-11-14 00:00:00,2015-11-14,32.5,HUMEDO,LATAS,5,True
105,2015-11-14 00:00:00,2015-11-14,32.1,HUMEDO,LATAS,5,True
253,2015-11-14 00:00:00,2015-11-14,108.4,HUMEDO,LATAS,5,True
N025,2015-11-14 00:00:00,2015-11-14,8.7,HUMEDO,LATAS,5,True
N020,2015-11-15 00:00:00,2015-11-15,27.9,HUMEDO,LATAS,5,True
33,2015-11-15 00:00:00,2015-11-15,114.8,HUMEDO,LATAS,5,True
353,2015-11-15 00:00:00,2015-11-15,219.3,HUMEDO,LATAS,5,True
332,2015-11-16 00:00:00,2015-11-16,53.5,HUMEDO,LATAS,5,True
N035,2015-11-16 00:00:00,2015-11-16,23.0,HUMEDO,LATAS,5,True
N018,2015-11-16 00:00:00,2015-11-16,10.9,HUMEDO,LATAS,5,True
289,2015-11-16 00:00:00,2015-11-16,4.7,HUMEDO,LATAS,5,True
N008,2015-11-16 00:00:00,2015-11-16,114.1,HUMEDO,LATAS,5,True
N016,2015-11-16 00:00:00,2015-11-16,57.5,HUMEDO,LATAS,5,True
344,2015-11-16 00:00:00,2015-11-16,50.9,HUMEDO,LATAS,5,True
N010,2015-11-16 00:00:00,2015-11-16,43.7,HUMEDO,LATAS,5,True
N006,2015-11-17 00:00:00,2015-11-17,174.0,HUMEDO,LATAS,5,True
N017,2015-11-17 00:00:00,2015-11-17,30.7,HUMEDO,LATAS,5,True
202,2015-11-17 00:00:00,2015-11-17,205.6,HUMEDO,LATAS,5,True
7,2015-11-17 00:00:00,2015-11-17,96.0,HUMEDO,LATAS,5,True
294,2015-11-17 00:00:00,2015-11-17,39.0,HUMEDO,LATAS,5,True
N012,2015-11-17 00:00:00,2015-11-17,123.7,HUMEDO,LATAS,5,True
79,2015-11-17 00:00:00,2015-11-17,133.6,HUMEDO,LATAS,5,True
401,2015-11-17 00:00:00,2015-11-17,350.5,HUMEDO,LATAS,5,True
56,2015-11-17 00:00:00,2015-11-17,288.6,HUMEDO,LATAS,5,True
172,2015-11-18 00:00:00,2015-11-18,106.3,HUMEDO,LATAS,5,True
N022,2015-11-18 00:00:00,2015-11-18,1.0,HUMEDO,LATAS,5,True
N039,2015-11-18 00:00:00,2015-11-18,24.5,HUMEDO,LATAS,5,True
N031,2015-11-18 00:00:00,2015-11-18,100.6,HUMEDO,LATAS,5,True
175,2015-11-18 00:00:00,2015-11-18,25.8,HUMEDO,LATAS,5,True
85,2015-11-18 00:00:00,2015-11-18,39.6,HUMEDO,LATAS,5,True
43,2015-11-18 00:00:00,2015-11-18,169.9,HUMEDO,LATAS,5,True
249,2015-11-18 00:00:00,2015-11-18,78.8,SECO,LATAS,5,True
17,2015-11-18 00:00:00,2015-11-18,244.5,HUMEDO,LATAS,5,True
382,2015-11-19 00:00:00,2015-11-19,109.3,HUMEDO,LATAS,5,True
N034,2015-11-19 00:00:00,2015-11-19,22.2,HUMEDO,LATAS,5,True
310,2015-11-19 00:00:00,2015-11-19,158.7,HUMEDO,LATAS,5,True
375,2015-11-19 00:00:00,2015-11-19,27.9,HUMEDO,LATAS,5,True
N014,2015-11-19 00:00:00,2015-11-19,32.8,HUMEDO,LATAS,5,True
235,2015-11-20 00:00:00,2015-11-20,12.1,HUMEDO,LATAS,5,True
N021,2015-11-20 00:00:00,2015-11-20,104.0,HUMEDO,LATAS,5,True
N007,2015-11-20 00:00:00,2015-11-20,67.1,HUMEDO,LATAS,5,True
N010,2015-11-20 00:00:00,2015-11-20,11.0,HUMEDO,LATAS,5,True
401,2015-11-20 00:00:00,2015-11-20,37.7,HUMEDO,LATAS,5,True
N036,2015-11-20 00:00:00,2015-11-20,1.0,HUMEDO,LATAS,5,True
114,2015-11-20 00:00:00,2015-11-20,19.2,HUMEDO,LATAS,5,True
353,2015-11-21 00:00:00,2015-11-21,32.3,HUMEDO,LATAS,5,True
238,2015-11-21 00:00:00,2015-11-21,38.0,HUMEDO,LATAS,5,True
233,2015-11-21 00:00:00,2015-11-21,91.3,HUMEDO,LATAS,5,True
79,2015-11-21 00:00:00,2015-11-21,9.0,HUMEDO,LATAS,5,True
N037,2015-11-21 00:00:00,2015-11-21,75.8,HUMEDO,LATAS,5,True
267,2015-11-21 00:00:00,2015-11-21,3.5,HUMEDO,LATAS,5,True
48,2015-11-21 00:00:00,2015-11-21,7.9,HUMEDO,LATAS,5,True
234,2015-11-21 00:00:00,2015-11-21,8.0,HUMEDO,LATAS,5,True
364,2015-11-22 00:00:00,2015-11-22,54.3,HUMEDO,LATAS,5,True
N038,2015-11-22 00:00:00,2015-11-22,11.5,HUMEDO,LATAS,5,True
187,2015-11-22 00:00:00,2015-11-22,59.6,HUMEDO,LATAS,5,True
48,2015-11-22 00:00:00,2015-11-22,63.1,HUMEDO,LATAS,5,True
310,2015-11-22 00:00:00,2015-11-22,46.5,HUMEDO,LATAS,5,True
267,2015-11-22 00:00:00,2015-11-22,44.9,HUMEDO,LATAS,5,True
356,2015-11-22 00:00:00,2015-11-22,13.4,HUMEDO,LATAS,5,True
N040,2015-11-23 00:00:00,2015-11-23,303.2,HUMEDO,LATAS,5,True
353,2015-11-23 00:00:00,2015-11-23,37.0,HUMEDO,LATAS,5,True
48,2015-11-23 00:00:00,2015-11-23,78.0,HUMEDO,LATAS,5,True
N011,2015-11-23 00:00:00,2015-11-23,116.4,HUMEDO,LATAS,5,True
124,2015-11-23 00:00:00,2015-11-23,316.0,HUMEDO,LATAS,5,True
251,2015-11-23 00:00:00,2015-11-23,10.7,HUMEDO,LATAS,5,True
7,2015-11-24 00:00:00,2015-11-24,3.5,HUMEDO,LATAS,5,True
125,2015-11-24 00:00:00,2015-11-24,14.4,HUMEDO,LATAS,5,True
113,2015-11-24 00:00:00,2015-11-24,16.5,HUMEDO,LATAS,5,True
351,2015-11-24 00:00:00,2015-11-24,48.3,HUMEDO,LATAS,5,True
282,2015-11-24 00:00:00,2015-11-24,11.9,HUMEDO,LATAS,5,True
354,2015-11-24 00:00:00,2015-11-24,128.6,HUMEDO,LATAS,5,True
N040,2015-11-24 00:00:00,2015-11-24,100.1,HUMEDO,LATAS,5,True
N028,2015-11-24 00:00:00,2015-11-24,25.3,HUMEDO,LATAS,5,True
247,2015-11-24 00:00:00,2015-11-24,25.3,HUMEDO,LATAS,5,True
54,2015-11-24 00:00:00,2015-11-24,8.4,HUMEDO,LATAS,5,True
38,2015-11-24 00:00:00,2015-11-24,9.6,HUMEDO,LATAS,5,True
382,2015-11-25 00:00:00,2015-11-25,131.5,HUMEDO,LATAS,5,True
7,2015-11-25 00:00:00,2015-11-25,150.6,HUMEDO,LATAS,5,True
N014,2015-11-25 00:00:00,2015-11-25,62.8,HUMEDO,LATAS,5,True
173,2015-11-26 00:00:00,2015-11-26,15.6,HUMEDO,LATAS,5,True
278,2015-11-26 00:00:00,2015-11-26,8.2,HUMEDO,LATAS,5,True
202,2015-11-26 00:00:00,2015-11-26,90.7,HUMEDO,LATAS,5,True
273,2015-11-26 00:00:00,2015-11-26,18.7,HUMEDO,LATAS,5,True
364,2015-11-26 00:00:00,2015-11-26,89.1,HUMEDO,LATAS,5,True
86,2015-11-26 00:00:00,2015-11-26,7.3,HUMEDO,LATAS,5,True
193,2015-11-27 00:00:00,2015-11-27,53.5,HUMEDO,LATAS,5,True
N030,2015-11-27 00:00:00,2015-11-27,236.1,HUMEDO,LATAS,5,True
347,2015-11-27 00:00:00,2015-11-27,68.2,HUMEDO,LATAS,5,True
17,2015-11-27 00:00:00,2015-11-27,7.7,HUMEDO,LATAS,5,True
289,2015-11-27 00:00:00,2015-11-27,862.3,HUMEDO,LATAS,5,True
278,2015-11-27 00:00:00,2015-11-27,98.2,HUMEDO,LATAS,5,True
235,2015-11-27 00:00:00,2015-11-27,56.7,HUMEDO,LATAS,5,True
253,2015-11-27 00:00:00,2015-11-27,117.7,HUMEDO,LATAS,5,True
230,2015-11-27 00:00:00,2015-11-27,146.4,HUMEDO,LATAS,5,True
259,2015-11-28 00:00:00,2015-11-28,123.5,HUMEDO,LATAS,5,True
335,2015-11-28 00:00:00,2015-11-28,626.4,HUMEDO,LATAS,5,True
54,2015-11-28 00:00:00,2015-11-28,175.6,HUMEDO,LATAS,5,True
175,2015-11-28 00:00:00,2015-11-28,1163.1,HUMEDO,LATAS,5,True
193,2015-11-28 00:00:00,2015-11-28,607.0,HUMEDO,LATAS,5,True
233,2015-11-28 00:00:00,2015-11-28,27.3,HUMEDO,LATAS,5,True
N029,2015-11-29 00:00:00,2015-11-29,140.3,HUMEDO,LATAS,5,True
288,2015-11-29 00:00:00,2015-11-29,14.5,HUMEDO,LATAS,5,True
N030,2015-11-29 00:00:00,2015-11-29,251.9,HUMEDO,LATAS,5,True
354,2015-11-29 00:00:00,2015-11-29,345.4,HUMEDO,LATAS,5,True
N002,2015-11-29 00:00:00,2015-11-29,4.6,HUMEDO,LATAS,5,True
347,2015-11-29 00:00:00,2015-11-29,171.5,HUMEDO,LATAS,5,True
300,2015-11-29 00:00:00,2015-11-29,28.7,HUMEDO,LATAS,5,True
373,2015-11-29 00:00:00,2015-11-29,117.4,HUMEDO,LATAS,5,True
226,2015-11-30 00:00:00,2015-11-30,138.5,HUMEDO,LATAS,5,True
23,2015-11-30 00:00:00,2015-11-30,144.2,HUMEDO,LATAS,5,True
7,2015-11-30 00:00:00,2015-11-30,487.0,HUMEDO,LATAS,5,True
113,2015-12-01 00:00:00,2015-12-01,15.7,HUMEDO,LATAS,5,True
N017,2015-12-01 00:00:00,2015-12-01,55.0,HUMEDO,LATAS,5,True
281,2015-12-01 00:00:00,2015-12-01,16.7,HUMEDO,LATAS,5,True
N036,2015-12-01 00:00:00,2015-12-01,1.8,HUMEDO,LATAS,5,True
219,2015-12-01 00:00:00,2015-12-01,58.6,HUMEDO,LATAS,5,True
N008,2015-12-01 00:00:00,2015-12-01,104.1,HUMEDO,LATAS,5,True
79,2015-12-01 00:00:00,2015-12-01,5.3,HUMEDO,LATAS,5,True
233,2015-12-01 00:00:00,2015-12-01,41.9,HUMEDO,LATAS,5,True
119,2015-12-02 00:00:00,2015-12-02,17.2,HUMEDO,LATAS,5,True
N033,2015-12-02 00:00:00,2015-12-02,16.0,HUMEDO,LATAS,5,True
124,2015-12-02 00:00:00,2015-12-02,6.9,HUMEDO,LATAS,5,True
182,2015-12-02 00:00:00,2015-12-02,31.9,HUMEDO,LATAS,5,True
N013,2015-12-02 00:00:00,2015-12-02,6.5,HUMEDO,LATAS,5,True
291,2015-12-02 00:00:00,2015-12-02,61.8,HUMEDO,LATAS,5,True
186,2015-12-02 00:00:00,2015-12-02,15.0,HUMEDO,LATAS,5,True
N022,2015-12-02 00:00:00,2015-12-02,4.7,HUMEDO,LATAS,5,True
43,2015-12-03 00:00:00,2015-12-03,51.5,HUMEDO,LATAS,5,True
7,2015-12-03 00:00:00,2015-12-03,6.1,HUMEDO,LATAS,5,True
N019,2015-12-03 00:00:00,2015-12-03,14.2,HUMEDO,LATAS,5,True
N006,2015-12-03 00:00:00,2015-12-03,5.6,HUMEDO,LATAS,5,True
338,2015-12-03 00:00:00,2015-12-03,8.9,HUMEDO,LATAS,5,True
N002,2015-12-03 00:00:00,2015-12-03,8.4,HUMEDO,LATAS,5,True
N032,2015-12-03 00:00:00,2015-12-03,10.3,HUMEDO,LATAS,5,True
175,2015-12-03 00:00:00,2015-12-03,1.0,HUMEDO,LATAS,5,True
N015,2015-12-03 00:00:00,2015-12-03,2.5,HUMEDO,LATAS,5,True
271,2015-12-03 00:00:00,2015-12-03,12.2,HUMEDO,LATAS,5,True
82,2015-12-04 00:00:00,2015-12-04,65.5,HUMEDO,LATAS,5,True
125,2015-12-04 00:00:00,2015-12-04,133.8,HUMEDO,LATAS,5,True
347,2015-12-04 00:00:00,2015-12-04,163.2,HUMEDO,LATAS,5,True
182,2015-12-04 00:00:00,2015-12-04,62.8,HUMEDO,LATAS,5,True
228,2015-12-04 00:00:00,2015-12-04,88.1,HUMEDO,LATAS,5,True
375,2015-12-04 00:00:00,2015-12-04,81.5,HUMEDO,LATAS,5,True
N019,2015-12-04 00:00:00,2015-12-04,5.8,HUMEDO,LATAS,5,True
173,2015-12-05 00:00:00,2015-12-05,28.4,HUMEDO,LATAS,5,True
233,2015-12-05 00:00:00,2015-12-05,9.1,HUMEDO,LATAS,5,True
N027,2015-12-05 00:00:00,2015-12-05,146.2,HUMEDO,LATAS,5,True
277,2015-12-05 00:00:00,2015-12-05,13.9,HUMEDO,LATAS,5,True
45,2015-12-05 00:00:00,2015-12-05,1.0,HUMEDO,LATAS,5,True
236,2015-12-05 00:00:00,2015-12-05,108.2,HUMEDO,LATAS,5,True
247,2015-12-05 00:00:00,2015-12-05,39.5,HUMEDO,LATAS,5,True
N012,2015-12-06 00:00:00,2015-12-06,15.9,HUMEDO,LATAS,5,True
N028,2015-12-06 00:00:00,2015-12-06,5.0,HUMEDO,LATAS,5,True
379,2015-12-06 00:00:00,2015-12-06,30.2,HUMEDO,LATAS,5,True
N026,2015-12-06 00:00:00,2015-12-06,43.1,HUMEDO,LATAS,5,True
226,2015-12-06 00:00:00,2015-12-06,14.8,HUMEDO,LATAS,5,True
86,2015-12-06 00:00:00,2015-12-06,55.2,HUMEDO,LATAS,5,True
235,2015-12-06 00:00:00,2015-12-06,38.9,HUMEDO,LATAS,5,True
395,2015-12-06 00:00:00,2015-12-06,25.2,HUMEDO,LATAS,5,True
368,2015-12-06 00:00:00,2015-12-06,123.8,HUMEDO,LATAS,5,True
396,2015-12-06 00:00:00,2015-12-06,107.0,HUMEDO,LATAS,5,True
281,2015-12-07 00:00:00,2015-12-07,141.6,HUMEDO,LATAS,5,True
261,2015-12-07 00:00:00,2015-12-07,53.0,HUMEDO,LATAS,5,True
33,2015-12-07 00:00:00,2015-12-07,4.2,SECO,LATAS,5,True
397,2015-12-07 00:00:00,2015-12-07,30.1,HUMEDO,LATAS,5,True
N012,2015-12-07 00:00:00,2015-12-07,43.0,HUMEDO,LATAS,5,True
N004,2015-12-07 00:00:00,2015-12-07,60.6,HUMEDO,LATAS,5,True
N019,2015-12-07 00:00:00,2015-12-07,22.3,HUMEDO,LATAS,5,True
118,2015-12-07 00:00:00,2015-12-07,11.8,HUMEDO,LATAS,5,True
200,2015-12-07 00:00:00,2015-12-07,18.4,HUMEDO,LATAS,5,True
29,2015-12-08 00:00:00,2015-12-08,64.5,HUMEDO,LATAS,5,True
289,2015-12-08 00:00:00,2015-12-08,16.6,HUMEDO,LATAS,5,True
397,2015-12-08 00:00:00,2015-12-08,24.3,HUMEDO,LATAS,5,True
364,2015-12-08 00:00:00,2015-12-08,7.2,HUMEDO,LATAS,5,True
278,2015-12-08 00:00:00,2015-12-08,22.1,HUMEDO,LATAS,5,True
N001,2015-12-08 00:00:00,2015-12-08,8.6,HUMEDO,LATAS,5,True
119,2015-12-09 00:00:00,2015-12-09,170.1,HUMEDO,LATAS,5,True
187,2015-12-09 00:00:00,2015-12-09,409.0,HUMEDO,LATAS,5,True
N006,2015-12-09 00:00:00,2015-12-09,38.4,HUMEDO,LATAS,5,True
N032,2015-12-09 00:00:00,2015-12-09,50.4,HUMEDO,LATAS,5,True
N011,2015-12-10 00:00:00,2015-12-10,82.8,HUMEDO,LATAS,5,True
272,2015-12-10 00:00:00,2015-12-10,612.9,HUMEDO,LATAS,5,True
251,2015-12-10 00:00:00,2015-12-10,212.2,HUMEDO,LATAS,5,True
7,2015-12-10 00:00:00,2015-12-10,36.6,HUMEDO,LATAS,5,True
N005,2015-12-11 00:00:00,2015-12-11,7.7,HUMEDO,LATAS,5,True
382,2015-12-11 00:00:00,2015-12-11,7.8,HUMEDO,LATAS,5,True
N028,2015-12-11 00:00:00,2015-12-11,139.9,HUMEDO,LATAS,5,True
N036,2015-12-11 00:00:00,2015-12-11,11.9,HUMEDO,LATAS,5,True
202,2015-12-11 00:00:00,2015-12-11,165.2,HUMEDO,LATAS,5,True
349,2015-12-11 00:00:00,2015-12-11,24.3,SECO,LATAS,5,True
234,2015-12-12 00:00:00,2015-12-12,86.5,HUMEDO,LATAS,5,True
226,2015-12-12 00:00:00,2015-12-12,179.4,HUMEDO,LATAS,5,True
157,2015-12-12 00:00:00,2015-12-12,66.6,HUMEDO,LATAS,5,True
374,2015-12-12 00:00:00,2015-12-12,133.6,HUMEDO,LATAS,5,True
N004,2015-12-12 00:00:00,2015-12-12,69.0,HUMEDO,LATAS,5,True
368,2015-12-13 00:00:00,2015-12-13,35.0,HUMEDO,LATAS,5,True
238,2015-12-13 00:00:00,2015-12-13,53.1,HUMEDO,LATAS,5,True
N009,2015-12-13 00:00:00,2015-12-13,2.7,HUMEDO,LATAS,5,True
267,2015-12-13 00:00:00,2015-12-13,22.1,HUMEDO,LATAS,5,True
373,2015-12-13 00:00:00,2015-12-13,4.2,HUMEDO,LATAS,5,True
255,2015-12-13 00:00:00,2015-12-13,32.3,HUMEDO,LATAS,5,True
332,2015-12-13 00:00:00,2015-12-13,16.3,HUMEDO,LATAS,5,True
N023,2015-12-13 00:00:00,2015-12-13,98.9,HUMEDO,LATAS,5,True
172,2015-12-13 00:00:00,2015-12-13,28.5,SECO,LATAS,5,True
272,2015-12-13 00:00:00,2015-12-13,35.0,HUMEDO,LATAS,5,True
289,2015-12-13 00:00:00,2015-12-13,14.3,HUMEDO,LATAS,5,True
267,2015-12-14 00:00:00,2015-12-14,105.6,HUMEDO,LATAS,5,True
251,2015-12-14 00:00:00,2015-12-14,5.5,HUMEDO,LATAS,5,True
190,2015-12-14 00:00:00,2015-12-14,103.5,HUMEDO,LATAS,5,True
46,2015-12-14 00:00:00,2015-12-14,62.6,HUMEDO,LATAS,5,True
N033,2015-12-14 00:00:00,2015-12-14,22.5,HUMEDO,LATAS,5,True
7,2015-12-15 00:00:00,2015-12-15,40.0,HUMEDO,LATAS,5,True
N016,2015-12-15 00:00:00,2015-12-15,30.3,HUMEDO,LATAS,5,True
291,2015-12-15 00:00:00,2015-12-15,44.2,HUMEDO,LATAS,5,True
125,2015-12-15 00:00:00,2015-12-15,6.3,HUMEDO,LATAS,5,True
N039,2015-12-15 00:00:00,2015-12-15,12.6,HUMEDO,LATAS,5,True
365,2015-12-15 00:00:00,2015-12-15,6.0,HUMEDO,LATAS,5,True
261,2015-12-16 00:00:00,2015-12-16,34.8,HUMEDO,LATAS,5,True
N021,2015-12-16 00:00:00,2015-12-16,17.8,HUMEDO,LATAS,5,True
N027,2015-12-16 00:00:00,2015-12-16,11.1,HUMEDO,LATAS,5,True
187,2015-12-16 00:00:00,2015-12-16,91.7,HUMEDO,LATAS,5,True
N035,2015-12-16 00:00:00,2015-12-16,17.1,HUMEDO,LATAS,5,True
278,2015-12-16 00:00:00,2015-12-16,28.7,SECO,LATAS,5,True
235,2015-12-16 00:00:00,2015-12-16,28.3,HUMEDO,LATAS,5,True
373,2015-12-16 00:00:00,2015-12-16,39.4,HUMEDO,LATAS,5,True
347,2015-12-17 00:00:00,2015-12-17,76.1,HUMEDO,LATAS,5,True
185,2015-12-17 00:00:00,2015-12-17,120.9,HUMEDO,LATAS,5,True
271,2015-12-17 00:00:00,2015-12-17,18.7,HUMEDO,LATAS,5,True
186,2015-12-17 00:00:00,2015-12-17,4.9,HUMEDO,LATAS,5,True
281,2015-12-17 00:00:00,2015-12-17,33.6,HUMEDO,LATAS,5,True
46,2015-12-17 00:00:00,2015-12-17,88.9,HUMEDO,LATAS,5,True
392,2015-12-17 00:00:00,2015-12-17,8.1,HUMEDO,LATAS,5,True
344,2015-12-18 00:00:00,2015-12-18,2.0,HUMEDO,LATAS,5,True
N039,2015-12-18 00:00:00,2015-12-18,30.3,HUMEDO,LATAS,5,True
N006,2015-12-18 00:00:00,2015-12-18,21.5,HUMEDO,LATAS,5,True
379,2015-12-18 00:00:00,2015-12-18,67.1,HUMEDO,LATAS,5,True
N024,2015-12-18 00:00:00,2015-12-18,46.5,HUMEDO,LATAS,5,True
173,2015-12-18 00:00:00,2015-12-18,212.8,HUMEDO,LATAS,5,True
365,2015-12-18 00:00:00,2015-12-18,50.8,HUMEDO,LATAS,5,True
29,2015-12-18 00:00:00,2015-12-18,19.8,HUMEDO,LATAS,5,True
373,2015-12-18 00:00:00,2015-12-18,18.1,HUMEDO,LATAS,5,True
346,2015-12-18 00:00:00,2015-12-18,95.7,HUMEDO,LATAS,5,True
N030,2015-12-19 00:00:00,2015-12-19,215.0,HUMEDO,LATAS,5,True
395,2015-12-19 00:00:00,2015-12-19,108.2,HUMEDO,LATAS,5,True
N015,2015-12-19 00:00:00,2015-12-19,57.6,HUMEDO,LATAS,5,True
288,2015-12-19 00:00:00,2015-12-19,20.4,HUMEDO,LATAS,5,True
46,2015-12-19 00:00:00,2015-12-19,48.6,HUMEDO,LATAS,5,True
114,2015-12-19 00:00:00,2015-12-19,23.3,HUMEDO,LATAS,5,True
46,2015-12-20 00:00:00,2015-12-20,63.1,HUMEDO,LATAS,5,True
351,2015-12-20 00:00:00,2015-12-20,7.6,HUMEDO,LATAS,5,True
251,2015-12-20 00:00:00,2015-12-20,58.3,HUMEDO,LATAS,5,True
259,2015-12-20 00:00:00,2015-12-20,36.5,SECO,LATAS,5,True
276,2015-12-20 00:00:00,2015-12-20,53.0,HUMEDO,LATAS,5,True
400,2015-12-20 00:00:00,2015-12-20,39.8,HUMEDO,LATAS,5,True
272,2015-12-20 00:00:00,2015-12-20,27.8,HUMEDO,LATAS,5,True
N003,2015-12-20 00:00:00,2015-12-20,1.0,HUMEDO,LATAS,5,True
271,2015-12-21 00:00:00,2015-12-21,142.8,HUMEDO,LATAS,5,True
227,2015-12-21 00:00:00,2015-12-21,66.2,HUMEDO,LATAS,5,True
N020,2015-12-21 00:00:00,2015-12-21,31.0,HUMEDO,LATAS,5,True
N015,2015-12-21 00:00:00,2015-12-21,549.2,HUMEDO,LATAS,5,True
84,2015-12-22 00:00:00,2015-12-22,103.0,HUMEDO,LATAS,5,True
400,2015-12-22 00:00:00,2015-12-22,206.5,HUMEDO,LATAS,5,True
236,2015-12-22 00:00:00,2015-12-22,35.6,HUMEDO,LATAS,5,True
43,2015-12-22 00:00:00,2015-12-22,35.0,HUMEDO,LATAS,5,True
56,2015-12-22 00:00:00,2015-12-22,67.2,HUMEDO,LATAS,5,True
N002,2015-12-23 00:00:00,2015-12-23,74.7,HUMEDO,LATAS,5,True
N020,2015-12-23 00:00:00,2015-12-23,60.1,HUMEDO,LATAS,5,True
289,2015-12-23 00:00:00,2015-12-23,1.1,HUMEDO,LATAS,5,True
365,2015-12-23 00:00:00,2015-12-23,132.8,HUMEDO,LATAS,5,True
371,2015-12-23 00:00:00,2015-12-23,79.7,HUMEDO,LATAS,5,True
N018,2015-12-23 00:00:00,2015-12-23,27.9,HUMEDO,LATAS,5,True
114,2015-12-24 00:00:00,2015-12-24,13.3,HUMEDO,LATAS,5,True
379,2015-12-24 00:00:00,2015-12-24,94.3,HUMEDO,LATAS,5,True
113,2015-12-24 00:00:00,2015-12-24,15.0,HUMEDO,LATAS,5,True
356,2015-12-24 00:00:00,2015-12-24,7.4,HUMEDO,LATAS,5,True
294,2015-12-24 00:00:00,2015-12-24,45.6,HUMEDO,LATAS,5,True
172,2015-12-25 00:00:00,2015-12-25,6.0,HUMEDO,LATAS,5,True
230,2015-12-25 00:00:00,2015-12-25,1.0,HUMEDO,LATAS,5,True
N017,2015-12-25 00:00:00,2015-12-25,6.1,HUMEDO,LATAS,5,True
N029,2015-12-25 00:00:00,2015-12-25,11.5,HUMEDO,LATAS,5,True
344,2015-12-25 00:00:00,2015-12-25,43.7,HUMEDO,LATAS,5,True
7,2015-12-25 00:00:00,2015-12-25,49.7,HUMEDO,LATAS,5,True
N032,2015-12-25 00:00:00,2015-12-25,33.7,HUMEDO,LATAS,5,True
N002,2015-12-25 00:00:00,2015-12-25,7.0,HUMEDO,LATAS,5,True
276,2015-12-25 00:00:00,2015-12-25,1.7,HUMEDO,LATAS,5,True
238,2015-12-26 00:00:00,2015-12-26,3.8,HUMEDO,LATAS,5,True
230,2015-12-26 00:00:00,2015-12-26,509.8,SECO,LATAS,5,True
118,2015-12-27 00:00:00,2015-12-27,49.9,HUMEDO,LATAS,5,True
249,2015-12-27 00:00:00,2015-12-27,18.6,HUMEDO,LATAS,5,True
375,2015-12-27 00:00:00,2015-12-27,57.6,HUMEDO,LATAS,5,True
N012,2015-12-27 00:00:00,2015-12-27,9.4,HUMEDO,LATAS,5,True
246,2015-12-27 00:00:00,2015-12-27,37.2,HUMEDO,LATAS,5,True
157,2015-12-28 00:00:00,2015-12-28,124.6,HUMEDO,LATAS,5,True
N025,2015-12-28 00:00:00,2015-12-28,22.0,HUMEDO,LATAS,5,True
259,2015-12-28 00:00:00,2015-12-28,161.7,HUMEDO,LATAS,5,True
N029,2015-12-28 00:00:00,2015-12-28,12.2,HUMEDO,LATAS,5,True
371,2015-12-28 00:00:00,2015-12-28,40.5,HUMEDO,LATAS,5,True
368,2015-12-28 00:00:00,2015-12-28,163.5,HUMEDO,LATAS,5,True
228,2015-12-28 00:00:00,2015-12-28,132.6,HUMEDO,LATAS,5,True
227,2015-12-28 00:00:00,2015-12-28,38.6,HUMEDO,LATAS,5,True
373,2015-12-28 00:00:00,2015-12-28,25.0,HUMEDO,LATAS,5,True
289,2015-12-28 00:00:00,2015-12-28,64.2,HUMEDO,LATAS,5,True
374,2015-12-28 00:00:00,2015-12-28,6.0,HUMEDO,LATAS,5,True
401,2015-12-28 00:00:00,2015-12-28,5.8,HUMEDO,LATAS,5,True
237,2015-12-29 00:00:00,2015-12-29,25.9,HUMEDO,LATAS,5,True
N014,2015-12-29 00:00:00,2015-12-29,123.4,HUMEDO,LATAS,5,True
84,2015-12-29 00:00:00,2015-12-29,5.4,HUMEDO,LATAS,5,True
114,2015-12-29 00:00:00,2015-12-29,48.6,HUMEDO,LATAS,5,True
190,2015-12-29 00:00:00,2015-12-29,14.9,SECO,LATAS,5,True
N037,2015-12-29 00:00:00,2015-12-29,136.5,HUMEDO,LATAS,5,True
187,2015-12-29 00:00:00,2015-12-29,15.0,HUMEDO,LATAS,5,True
368,2015-12-29 00:00:00,2015-12-29,11.3,HUMEDO,LATAS,5,True
380,2015-12-29 00:00:00,2015-12-29,141.7,HUMEDO,LATAS,5,True
335,2015-12-30 00:00:00,2015-12-30,156.8,HUMEDO,LATAS,5,True
202,2015-12-30 00:00:00,2015-12-30,82.9,HUMEDO,LATAS,5,True
332,2015-12-30 00:00:00,2015-12-30,14.7,HUMEDO,LATAS,5,True
288,2015-12-30 00:00:00,2015-12-30,6.8,HUMEDO,LATAS,5,True
N010,2015-12-30 00:00:00,2015-12-30,41.7,HUMEDO,LATAS,5,True
395,2015-12-30 00:00:00,2015-12-30,34.5,HUMEDO,LATAS,5,True
N012,2015-12-30 00:00:00,2015-12-30,42.1,HUMEDO,LATAS,5,True
82,2015-12-30 00:00:00,2015-12-30,45.3,HUMEDO,LATAS,5,True
N021,2015-12-30 00:00:00,2015-12-30,3.6,HUMEDO,LATAS,5,True
380,2015-12-31 00:00:00,2015-12-31,179.3,HUMEDO,LATAS,5,True
379,2015-12-31 00:00:00,2015-12-31,5.7,HUMEDO,LATAS,5,True
17,2015-12-31 00:00:00,2015-12-31,42.0,HUMEDO,LATAS,5,True
310,2015-12-31 00:00:00,2015-12-31,26.1,HUMEDO,LATAS,5,True
182,2015-12-31 00:00:00,2015-12-31,160.3,HUMEDO,LATAS,5,True
237,2015-12-31 00:00:00,2015-12-31,89.0,HUMEDO,LATAS,5,True
N006,2016-01-01 00:00:00,2016-01-01,39.7,HUMEDO,LATAS,5,True
N023,2016-01-01 00:00:00,2016-01-01,11.4,HUMEDO,LATAS,5,True
N019,2016-01-01 00:00:00,2016-01-01,478.2,HUMEDO,LATAS,5,True
351,2016-01-01 00:00:00,2016-01-01,54.9,HUMEDO,LATAS,5,True
310,2016-01-01 00:00:00,2016-01-01,24.8,HUMEDO,LATAS,5,True
282,2016-01-01 00:00:00,2016-01-01,10.1,HUMEDO,LATAS,5,True
118,2016-01-01 00:00:00,2016-01-01,68.6,HUMEDO,LATAS,5,True
228,2016-01-01 00:00:00,2016-01-01,48.7,HUMEDO,LATAS,5,True
127,2016-01-01 00:00:00,2016-01-01,132.6,HUMEDO,LATAS,5,True
347,2016-01-01 00:00:00,2016-01-01,12.8,HUMEDO,LATAS,5,True
N019,2016-01-02 00:00:00,2016-01-02,47.0,HUMEDO,LATAS,5,True
N033,2016-01-02 00:00:00,2016-01-02,23.9,HUMEDO,LATAS,5,True
272,2016-01-02 00:00:00,2016-01-02,12.8,HUMEDO,LATAS,5,True
17,2016-01-02 00:00:00,2016-01-02,118.7,HUMEDO,LATAS,5,True
251,2016-01-02 00:00:00,2016-01-02,19.6,HUMEDO,LATAS,5,True
105,2016-01-02 00:00:00,2016-01-02,51.2,HUMEDO,LATAS,5,True
29,2016-01-02 00:00:00,2016-01-02,131.0,HUMEDO,LATAS,5,True
371,2016-01-02 00:00:00,2016-01-02,3.3,HUMEDO,LATAS,5,True
N022,2016-01-02 00:00:00,2016-01-02,75.3,HUMEDO,LATAS,5,True
33,2016-01-02 00:00:00,2016-01-02,68.7,HUMEDO,LATAS,5,True
293,2016-01-03 00:00:00,2016-01-03,115.2,HUMEDO,LATAS,5,True
338,2016-01-03 00:00:00,2016-01-03,56.5,HUMEDO,LATAS,5,True
350,2016-01-03 00:00:00,2016-01-03,120.2,HUMEDO,LATAS,5,True
N004,2016-01-03 00:00:00,2016-01-03,66.7,HUMEDO,LATAS,5,True
233,2016-01-03 00:00:00,2016-01-03,106.2,HUMEDO,LATAS,5,True
N029,2016-01-03 00:00:00,2016-01-03,15.3,HUMEDO,LATAS,5,True
38,2016-01-03 00:00:00,2016-01-03,71.5,HUMEDO,LATAS,5,True
N015,2016-01-04 00:00:00,2016-01-04,57.0,HUMEDO,LATAS,5,True
259,2016-01-04 00:00:00,2016-01-04,295.3,HUMEDO,LATAS,5,True
N024,2016-01-04 00:00:00,2016-01-04,116.6,HUMEDO,LATAS,5,True
85,2016-01-04 00:00:00,2016-01-04,536.1,HUMEDO,LATAS,5,True
N013,2016-01-04 00:00:00,2016-01-04,300.7,HUMEDO,LATAS,5,True
17,2016-01-04 00:00:00,2016-01-04,243.9,HUMEDO,LATAS,5,True
365,2016-01-04 00:00:00,2016-01-04,490.0,HUMEDO,LATAS,5,True
310,2016-01-05 00:00:00,2016-01-05,2.1,HUMEDO,LATAS,5,True
124,2016-01-05 00:00:00,2016-01-05,10.7,HUMEDO,LATAS,5,True
249,2016-01-05 00:00:00,2016-01-05,218.5,HUMEDO,LATAS,5,True
349,2016-01-05 00:00:00,2016-01-05,102.3,HUMEDO,LATAS,5,True
273,2016-01-05 00:00:00,2016-01-05,349.3,HUMEDO,LATAS,5,True
N034,2016-01-05 00:00:00,2016-01-05,211.7,HUMEDO,LATAS,5,True
N007,2016-01-05 00:00:00,2016-01-05,281.8,HUMEDO,LATAS,5,True
255,2016-01-06 00:00:00,2016-01-06,515.2,HUMEDO,LATAS,5,True
157,2016-01-06 00:00:00,2016-01-06,24.6,HUMEDO,LATAS,5,True
349,2016-01-06 00:00:00,2016-01-06,382.2,HUMEDO,LATAS,5,True
332,2016-01-06 00:00:00,2016-01-06,236.2,HUMEDO,LATAS,5,True
347,2016-01-07 00:00:00,2016-01-07,78.7,HUMEDO,LATAS,5,True
N010,2016-01-07 00:00:00,2016-01-07,121.4,HUMEDO,LATAS,5,True
200,2016-01-07 00:00:00,2016-01-07,218.0,HUMEDO,LATAS,5,True
289,2016-01-07 00:00:00,2016-01-07,100.3,HUMEDO,LATAS,5,True
113,2016-01-07 00:00:00,2016-01-07,274.7,HUMEDO,LATAS,5,True
238,2016-01-07 00:00:00,2016-01-07,181.2,HUMEDO,LATAS,5,True
N037,2016-01-07 00:00:00,2016-01-07,248.3,HUMEDO,LATAS,5,True
23,2016-01-08 00:00:00,2016-01-08,536.7,HUMEDO,LATAS,5,True
193,2016-01-08 00:00:00,2016-01-08,375.9,HUMEDO,LATAS,5,True
282,2016-01-10 00:00:00,2016-01-10,168.5,HUMEDO,LATAS,5,True
236,2016-01-10 00:00:00,2016-01-10,3.7,HUMEDO,LATAS,5,True
N036,2016-01-10 00:00:00,2016-01-10,12.2,HUMEDO,LATAS,5,True
177,2016-01-10 00:00:00,2016-01-10,23.3,SECO,LATAS,5,True
230,2016-01-10 00:00:00,2016-01-10,87.5,HUMEDO,LATAS,5,True
N013,2016-01-11 00:00:00,2016-01-11,5.7,SECO,LATAS,5,True
N011,2016-01-11 00:00:00,2016-01-11,137.0,HUMEDO,LATAS,5,True
238,2016-01-11 00:00:00,2016-01-11,352.0,HUMEDO,LATAS,5,True
353,2016-01-11 00:00:00,2016-01-11,712.4,HUMEDO,LATAS,5,True
236,2016-01-12 00:00:00,2016-01-12,17.8,HUMEDO,LATAS,5,True
N028,2016-01-12 00:00:00,2016-01-12,562.5,HUMEDO,LATAS,5,True
N001,2016-01-12 00:00:00,2016-01-12,335.6,HUMEDO,LATAS,5,True
227,2016-01-12 00:00:00,2016-01-12,193.5,HUMEDO,LATAS,5,True
253,2016-01-12 00:00:00,2016-01-12,91.8,HUMEDO,LATAS,5,True
401,2016-01-12 00:00:00,2016-01-12,18.5,HUMEDO,LATAS,5,True
150,2016-01-12 00:00:00,2016-01-12,16.7,HUMEDO,LATAS,5,True
395,2016-01-12 00:00:00,2016-01-12,118.5,HUMEDO,LATAS,5,True
N030,2016-01-12 00:00:00,2016-01-12,68.2,HUMEDO,LATAS,5,True
246,2016-01-13 00:00:00,2016-01-13,3.2,HUMEDO,LATAS,5,True
105,2016-01-13 00:00:00,2016-01-13,33.5,HUMEDO,LATAS,5,True
N027,2016-01-13 00:00:00,2016-01-13,87.7,HUMEDO,LATAS,5,True
N013,2016-01-13 00:00:00,2016-01-13,105.7,HUMEDO,LATAS,5,True
N021,2016-01-13 00:00:00,2016-01-13,117.1,HUMEDO,LATAS,5,True
N031,2016-01-13 00:00:00,2016-01-13,442.6,HUMEDO,LATAS,5,True
387,2016-01-13 00:00:00,2016-01-13,351.5,HUMEDO,LATAS,5,True
237,2016-01-14 00:00:00,2016-01-14,54.2,HUMEDO,LATAS,5,True
48,2016-01-14 00:00:00,2016-01-14,199.5,HUMEDO,LATAS,5,True
N001,2016-01-14 00:00:00,2016-01-14,224.1,HUMEDO,LATAS,5,True
N010,2016-01-14 00:00:00,2016-01-14,221.1,HUMEDO,LATAS,5,True
86,2016-01-15 00:00:00,2016-01-15,317.3,HUMEDO,LATAS,5,True
271,2016-01-15 00:00:00,2016-01-15,148.7,HUMEDO,LATAS,5,True
N010,2016-01-15 00:00:00,2016-01-15,220.9,HUMEDO,LATAS,5,True
14,2016-01-15 00:00:00,2016-01-15,506.5,HUMEDO,LATAS,5,True
278,2016-01-15 00:00:00,2016-01-15,14.5,HUMEDO,LATAS,5,True
247,2016-01-15 00:00:00,2016-01-15,106.4,HUMEDO,LATAS,5,True
300,2016-01-15 00:00:00,2016-01-15,131.1,HUMEDO,LATAS,5,True
380,2016-01-15 00:00:00,2016-01-15,251.3,HUMEDO,LATAS,5,True
N021,2016-01-16 00:00:00,2016-01-16,467.0,HUMEDO,LATAS,5,True
N031,2016-01-16 00:00:00,2016-01-16,14.3,HUMEDO,LATAS,5,True
353,2016-01-16 00:00:00,2016-01-16,22.4,HUMEDO,LATAS,5,True
397,2016-01-16 00:00:00,2016-01-16,23.4,HUMEDO,LATAS,5,True
249,2016-01-16 00:00:00,2016-01-16,138.5,HUMEDO,LATAS,5,True
368,2016-01-16 00:00:00,2016-01-16,47.4,HUMEDO,LATAS,5,True
N034,2016-01-16 00:00:00,2016-01-16,324.3,HUMEDO,LATAS,5,True
85,2016-01-17 00:00:00,2016-01-17,75.0,HUMEDO,LATAS,5,True
124,2016-01-17 00:00:00,2016-01-17,208.3,HUMEDO,LATAS,5,True
N039,2016-01-17 00:00:00,2016-01-17,123.5,HUMEDO,LATAS,5,True
278,2016-01-17 00:00:00,2016-01-17,82.5,HUMEDO,LATAS,5,True
253,2016-01-18 00:00:00,2016-01-18,196.8,HUMEDO,LATAS,5,True
230,2016-01-18 00:00:00,2016-01-18,15.9,HUMEDO,LATAS,5,True
226,2016-01-18 00:00:00,2016-01-18,14.1,HUMEDO,LATAS,5,True
259,2016-01-18 00:00:00,2016-01-18,416.4,HUMEDO,LATAS,5,True
17,2016-01-18 00:00:00,2016-01-18,240.1,HUMEDO,LATAS,5,True
N010,2016-01-19 00:00:00,2016-01-19,7.4,HUMEDO,LATAS,5,True
127,2016-01-19 00:00:00,2016-01-19,174.9,HUMEDO,LATAS,5,True
N002,2016-01-19 00:00:00,2016-01-19,17.0,HUMEDO,LATAS,5,True
272,2016-01-19 00:00:00,2016-01-19,38.9,HUMEDO,LATAS,5,True
338,2016-01-19 00:00:00,2016-01-19,62.3,HUMEDO,LATAS,5,True
N004,2016-01-19 00:00:00,2016-01-19,192.9,HUMEDO,LATAS,5,True
387,2016-01-19 00:00:00,2016-01-19,51.4,HUMEDO,LATAS,5,True
267,2016-01-19 00:00:00,2016-01-19,34.9,HUMEDO,LATAS,5,True
118,2016-01-19 00:00:00,2016-01-19,75.2,SECO,LATAS,5,True
N018,2016-01-20 00:00:00,2016-01-20,288.2,HUMEDO,LATAS,5,True
N037,2016-01-20 00:00:00,2016-01-20,35.3,HUMEDO,LATAS,5,True
200,2016-01-20 00:00:00,2016-01-20,156.9,HUMEDO,LATAS,5,True
N024,2016-01-20 00:00:00,2016-01-20,8.0,HUMEDO,LATAS,5,True
187,2016-01-20 00:00:00,2016-01-20,111.1,HUMEDO,LATAS,5,True
N038,2016-01-20 00:00:00,2016-01-20,66.3,HUMEDO,LATAS,5,True
238,2016-01-21 00:00:00,2016-01-21,95.1,HUMEDO,LATAS,5,True
N037,2016-01-21 00:00:00,2016-01-21,338.6,HUMEDO,LATAS,5,True
N004,2016-01-21 00:00:00,2016-01-21,1.0,HUMEDO,LATAS,5,True
255,2016-01-21 00:00:00,2016-01-21,14.3,HUMEDO,LATAS,5,True
293,2016-01-22 00:00:00,2016-01-22,88.5,HUMEDO,LATAS,5,True
392,2016-01-22 00:00:00,2016-01-22,44.4,HUMEDO,LATAS,5,True
236,2016-01-22 00:00:00,2016-01-22,306.3,HUMEDO,LATAS,5,True
N023,2016-01-22 00:00:00,2016-01-22,41.4,HUMEDO,LATAS,5,True
354,2016-01-22 00:00:00,2016-01-22,255.2,HUMEDO,LATAS,5,True
310,2016-01-23 00:00:00,2016-01-23,141.4,HUMEDO,LATAS,5,True
294,2016-01-23 00:00:00,2016-01-23,22.7,HUMEDO,LATAS,5,True
47,2016-01-23 00:00:00,2016-01-23,56.5,HUMEDO,LATAS,5,True
397,2016-01-23 00:00:00,2016-01-23,57.9,HUMEDO,LATAS,5,True
N008,2016-01-23 00:00:00,2016-01-23,523.7,HUMEDO,LATAS,5,True
200,2016-01-23 00:00:00,2016-01-23,21.1,HUMEDO,LATAS,5,True
N002,2016-01-23 00:00:00,2016-01-23,156.7,HUMEDO,LATAS,5,True
N036,2016-01-23 00:00:00,2016-01-23,181.3,HUMEDO,LATAS,5,True
N034,2016-01-23 00:00:00,2016-01-23,80.0,HUMEDO,LATAS,5,True
N040,2016-01-23 00:00:00,2016-01-23,476.5,HUMEDO,LATAS,5,True
368,2016-01-23 00:00:00,2016-01-23,25.0,HUMEDO,LATAS,5,True
29,2016-01-23 00:00:00,2016-01-23,75.8,HUMEDO,LATAS,5,True
375,2016-01-23 00:00:00,2016-01-23,348.9,HUMEDO,LATAS,5,True
N020,2016-01-24 00:00:00,2016-01-24,116.9,HUMEDO,LATAS,5,True
23,2016-01-24 00:00:00,2016-01-24,73.8,HUMEDO,LATAS,5,True
379,2016-01-24 00:00:00,2016-01-24,86.2,HUMEDO,LATAS,5,True
294,2016-01-24 00:00:00,2016-01-24,235.7,HUMEDO,LATAS,5,True
374,2016-01-24 00:00:00,2016-01-24,79.6,HUMEDO,LATAS,5,True
382,2016-01-24 00:00:00,2016-01-24,32.6,HUMEDO,LATAS,5,True
249,2016-01-24 00:00:00,2016-01-24,28.6,HUMEDO,LATAS,5,True
276,2016-01-24 00:00:00,2016-01-24,33.9,HUMEDO,LATAS,5,True
N031,2016-01-24 00:00:00,2016-01-24,63.7,HUMEDO,LATAS,5,True
350,2016-01-25 00:00:00,2016-01-25,89.6,HUMEDO,LATAS,5,True
291,2016-01-25 00:00:00,2016-01-25,175.3,HUMEDO,LATAS,5,True
N032,2016-01-25 00:00:00,2016-01-25,258.4,HUMEDO,LATAS,5,True
N040,2016-01-25 00:00:00,2016-01-25,68.5,HUMEDO,LATAS,5,True
182,2016-01-26 00:00:00,2016-01-26,8.4,HUMEDO,LATAS,5,True
45,2016-01-26 00:00:00,2016-01-26,161.1,SECO,LATAS,5,True
236,2016-01-26 00:00:00,2016-01-26,20.7,HUMEDO,LATAS,5,True
373,2016-01-26 00:00:00,2016-01-26,19.8,HUMEDO,LATAS,5,True
79,2016-01-26 00:00:00,2016-01-26,74.6,HUMEDO,LATAS,5,True
365,2016-01-26 00:00:00,2016-01-26,157.8,HUMEDO,LATAS,5,True
273,2016-01-29 00:00:00,2016-01-29,371.0,HUMEDO,LATAS,5,True
202,2016-01-29 00:00:00,2016-01-29,178.9,HUMEDO,LATAS,5,True
251,2016-01-29 00:00:00,2016-01-29,40.2,HUMEDO,LATAS,5,True
N005,2016-01-29 00:00:00,2016-01-29,192.8,HUMEDO,LATAS,5,True
113,2016-01-29 00:00:00,2016-01-29,65.8,HUMEDO,LATAS,5,True
288,2016-01-29 00:00:00,2016-01-29,74.0,HUMEDO,LATAS,5,True
N036,2016-01-29 00:00:00,2016-01-29,68.5,HUMEDO,LATAS,5,True
54,2016-01-29 00:00:00,2016-01-29,100.9,HUMEDO,LATAS,5,True
249,2016-01-30 00:00:00,2016-01-30,897.7,HUMEDO,LATAS,5,True
84,2016-01-30 00:00:00,2016-01-30,168.9,HUMEDO,LATAS,5,True
86,2016-01-31 00:00:00,2016-01-31,116.1,HUMEDO,LATAS,5,True
249,2016-01-31 00:00:00,2016-01-31,102.4,HUMEDO,LATAS,5,True
349,2016-01-31 00:00:00,2016-01-31,197.8,HUMEDO,LATAS,5,True
200,2016-01-31 00:00:00,2016-01-31,154.0,HUMEDO,LATAS,5,True
17,2016-02-01 00:00:00,2016-02-01,633.8,HUMEDO,LATAS,5,True
7,2016-02-01 00:00:00,2016-02-01,1496.9,HUMEDO,LATAS,5,True
119,2016-02-01 00:00:00,2016-02-01,173.3,HUMEDO,LATAS,5,True
354,2016-02-02 00:00:00,2016-02-02,125.9,HUMEDO,LATAS,5,True
397,2016-02-02 00:00:00,2016-02-02,7.5,HUMEDO,LATAS,5,True
364,2016-02-02 00:00:00,2016-02-02,770.3,HUMEDO,LATAS,5,True
127,2016-02-02 00:00:00,2016-02-02,26.6,HUMEDO,LATAS,5,True
231,2016-02-03 00:00:00,2016-02-03,25.3,HUMEDO,LATAS,5,True
N039,2016-02-03 00:00:00,2016-02-03,56.6,HUMEDO,LATAS,5,True
382,2016-02-03 00:00:00,2016-02-03,62.9,HUMEDO,LATAS,5,True
7,2016-02-03 00:00:00,2016-02-03,48.8,HUMEDO,LATAS,5,True
38,2016-02-03 00:00:00,2016-02-03,59.8,HUMEDO,LATAS,5,True
380,2016-02-03 00:00:00,2016-02-03,12.1,HUMEDO,LATAS,5,True
182,2016-02-03 00:00:00,2016-02-03,6.8,SECO,LATAS,5,True
N008,2016-02-03 00:00:00,2016-02-03,12.7,HUMEDO,LATAS,5,True
272,2016-02-03 00:00:00,2016-02-03,69.4,HUMEDO,LATAS,5,True
335,2016-02-04 00:00:00,2016-02-04,170.7,HUMEDO,LATAS,5,True
387,2016-02-04 00:00:00,2016-02-04,135.2,HUMEDO,LATAS,5,True
79,2016-02-04 00:00:00,2016-02-04,115.9,HUMEDO,LATAS,5,True
N008,2016-02-04 00:00:00,2016-02-04,34.0,HUMEDO,LATAS,5,True
237,2016-02-04 00:00:00,2016-02-04,38.2,HUMEDO,LATAS,5,True
233,2016-02-04 00:00:00,2016-02-04,47.6,HUMEDO,LATAS,5,True
N007,2016-02-05 00:00:00,2016-02-05,138.4,HUMEDO,LATAS,5,True
253,2016-02-05 00:00:00,2016-02-05,45.1,HUMEDO,LATAS,5,True
382,2016-02-05 00:00:00,2016-02-05,53.2,HUMEDO,LATAS,5,True
187,2016-02-05 00:00:00,2016-02-05,93.5,HUMEDO,LATAS,5,True
54,2016-02-05 00:00:00,2016-02-05,230.9,HUMEDO,LATAS,5,True
226,2016-02-05 00:00:00,2016-02-05,2.3,HUMEDO,LATAS,5,True
79,2016-02-05 00:00:00,2016-02-05,447.7,HUMEDO,LATAS,5,True
259,2016-02-06 00:00:00,2016-02-06,249.4,HUMEDO,LATAS,5,True
228,2016-02-06 00:00:00,2016-02-06,284.5,HUMEDO,LATAS,5,True
N002,2016-02-06 00:00:00,2016-02-06,204.8,HUMEDO,LATAS,5,True
276,2016-02-06 00:00:00,2016-02-06,42.0,HUMEDO,LATAS,5,True
17,2016-02-06 00:00:00,2016-02-06,219.2,HUMEDO,LATAS,5,True
335,2016-02-06 00:00:00,2016-02-06,39.5,HUMEDO,LATAS,5,True
374,2016-02-07 00:00:00,2016-02-07,169.3,HUMEDO,LATAS,5,True
N015,2016-02-07 00:00:00,2016-02-07,4.3,HUMEDO,LATAS,5,True
N017,2016-02-07 00:00:00,2016-02-07,75.9,HUMEDO,LATAS,5,True
79,2016-02-07 00:00:00,2016-02-07,53.8,HUMEDO,LATAS,5,True
43,2016-02-07 00:00:00,2016-02-07,58.7,HUMEDO,LATAS,5,True
193,2016-02-07 00:00:00,2016-02-07,78.9,HUMEDO,LATAS,5,True
N031,2016-02-08 00:00:00,2016-02-08,46.9,HUMEDO,LATAS,5,True
N018,2016-02-08 00:00:00,2016-02-08,12.9,HUMEDO,LATAS,5,True
235,2016-02-08 00:00:00,2016-02-08,57.1,HUMEDO,LATAS,5,True
182,2016-02-08 00:00:00,2016-02-08,23.8,HUMEDO,LATAS,5,True
127,2016-02-08 00:00:00,2016-02-08,8.6,HUMEDO,LATAS,5,True
114,2016-02-08 00:00:00,2016-02-08,26.1,HUMEDO,LATAS,5,True
349,2016-02-08 00:00:00,2016-02-08,4.1,HUMEDO,LATAS,5,True
227,2016-02-10 00:00:00,2016-02-10,55.2,HUMEDO,LATAS,5,True
349,2016-02-10 00:00:00,2016-02-10,29.2,HUMEDO,LATAS,5,True
48,2016-02-10 00:00:00,2016-02-10,3.6,HUMEDO,LATAS,5,True
7,2016-02-10 00:00:00,2016-02-10,42.5,HUMEDO,LATAS,5,True
N011,2016-02-11 00:00:00,2016-02-11,171.2,HUMEDO,LATAS,5,True
235,2016-02-11 00:00:00,2016-02-11,14.5,HUMEDO,LATAS,5,True
82,2016-02-11 00:00:00,2016-02-11,54.6,HUMEDO,LATAS,5,True
48,2016-02-11 00:00:00,2016-02-11,118.1,HUMEDO,LATAS,5,True
382,2016-02-11 00:00:00,2016-02-11,33.4,HUMEDO,LATAS,5,True
267,2016-02-11 00:00:00,2016-02-11,8.4,HUMEDO,LATAS,5,True
392,2016-02-11 00:00:00,2016-02-11,88.7,HUMEDO,LATAS,5,True
N021,2016-02-11 00:00:00,2016-02-11,290.9,HUMEDO,LATAS,5,True
200,2016-02-12 00:00:00,2016-02-12,320.8,SECO,LATAS,5,True
277,2016-02-12 00:00:00,2016-02-12,248.8,HUMEDO,LATAS,5,True
N012,2016-02-13 00:00:00,2016-02-13,229.4,HUMEDO,LATAS,5,True
293,2016-02-13 00:00:00,2016-02-13,432.0,HUMEDO,LATAS,5,True
374,2016-02-13 00:00:00,2016-02-13,84.2,HUMEDO,LATAS,5,True
202,2016-02-13 00:00:00,2016-02-13,11.6,HUMEDO,LATAS,5,True
N034,2016-02-14 00:00:00,2016-02-14,120.9,HUMEDO,LATAS,5,True
N020,2016-02-14 00:00:00,2016-02-14,109.1,HUMEDO,LATAS,5,True
247,2016-02-14 00:00:00,2016-02-14,27.6,HUMEDO,LATAS,5,True
261,2016-02-14 00:00:00,2016-02-14,9.6,HUMEDO,LATAS,5,True
401,2016-02-14 00:00:00,2016-02-14,14.5,HUMEDO,LATAS,5,True
300,2016-02-14 00:00:00,2016-02-14,335.0,HUMEDO,LATAS,5,True
267,2016-02-15 00:00:00,2016-02-15,33.8,HUMEDO,LATAS,5,True
291,2016-02-15 00:00:00,2016-02-15,2.4,HUMEDO,LATAS,5,True
N021,2016-02-15 00:00:00,2016-02-15,27.6,HUMEDO,LATAS,5,True
281,2016-02-15 00:00:00,2016-02-15,154.1,HUMEDO,LATAS,5,True
N023,2016-02-15 00:00:00,2016-02-15,125.8,HUMEDO,LATAS,5,True
79,2016-02-16 00:00:00,2016-02-16,14.9,HUMEDO,LATAS,5,True
38,2016-02-16 00:00:00,2016-02-16,10.6,HUMEDO,LATAS,5,True
228,2016-02-16 00:00:00,2016-02-16,42.2,HUMEDO,LATAS,5,True
200,2016-02-16 00:00:00,2016-02-16,30.6,HUMEDO,LATAS,5,True
350,2016-02-16 00:00:00,2016-02-16,4.9,HUMEDO,LATAS,5,True
N018,2016-02-16 00:00:00,2016-02-16,27.8,HUMEDO,LATAS,5,True
289,2016-02-16 00:00:00,2016-02-16,33.4,HUMEDO,LATAS,5,True
84,2016-02-16 00:00:00,2016-02-16,23.3,HUMEDO,LATAS,5,True
373,2016-02-17 00:00:00,2016-02-17,161.6,HUMEDO,LATAS,5,True
253,2016-02-17 00:00:00,2016-02-17,113.9,HUMEDO,LATAS,5,True
186,2016-02-17 00:00:00,2016-02-17,17.7,HUMEDO,LATAS,5,True
267,2016-02-17 00:00:00,2016-02-17,63.3,HUMEDO,LATAS,5,True
374,2016-02-17 00:00:00,2016-02-17,59.5,HUMEDO,LATAS,5,True
82,2016-02-17 00:00:00,2016-02-17,27.1,HUMEDO,LATAS,5,True
185,2016-02-18 00:00:00,2016-02-18,23.7,HUMEDO,LATAS,5,True
255,2016-02-18 00:00:00,2016-02-18,187.7,HUMEDO,LATAS,5,True
392,2016-02-18 00:00:00,2016-02-18,118.5,HUMEDO,LATAS,5,True
200,2016-02-18 00:00:00,2016-02-18,201.4,HUMEDO,LATAS,5,True
289,2016-02-18 00:00:00,2016-02-18,71.5,SECO,LATAS,5,True
247,2016-02-18 00:00:00,2016-02-18,37.8,HUMEDO,LATAS,5,True
N012,2016-02-19 00:00:00,2016-02-19,1.9,HUMEDO,LATAS,5,True
259,2016-02-19 00:00:00,2016-02-19,346.7,HUMEDO,LATAS,5,True
277,2016-02-19 00:00:00,2016-02-19,124.7,HUMEDO,LATAS,5,True
234,2016-02-19 00:00:00,2016-02-19,130.3,HUMEDO,LATAS,5,True
45,2016-02-19 00:00:00,2016-02-19,355.8,HUMEDO,LATAS,5,True
273,2016-02-19 00:00:00,2016-02-19,137.2,HUMEDO,LATAS,5,True
202,2016-02-20 00:00:00,2016-02-20,22.6,HUMEDO,LATAS,5,True
291,2016-02-20 00:00:00,2016-02-20,14.1,HUMEDO,LATAS,5,True
150,2016-02-20 00:00:00,2016-02-20,68.7,HUMEDO,LATAS,5,True
N031,2016-02-20 00:00:00,2016-02-20,382.1,HUMEDO,LATAS,5,True
23,2016-02-21 00:00:00,2016-02-21,150.2,HUMEDO,LATAS,5,True
118,2016-02-21 00:00:00,2016-02-21,36.7,HUMEDO,LATAS,5,True
N032,2016-02-21 00:00:00,2016-02-21,32.8,HUMEDO,LATAS,5,True
N002,2016-02-21 00:00:00,2016-02-21,2.2,HUMEDO,LATAS,5,True
235,2016-02-21 00:00:00,2016-02-21,24.8,HUMEDO,LATAS,5,True
N036,2016-02-21 00:00:00,2016-02-21,25.5,HUMEDO,LATAS,5,True
85,2016-02-22 00:00:00,2016-02-22,38.9,HUMEDO,LATAS,5,True
43,2016-02-22 00:00:00,2016-02-22,32.8,HUMEDO,LATAS,5,True
375,2016-02-22 00:00:00,2016-02-22,11.6,HUMEDO,LATAS,5,True
277,2016-02-22 00:00:00,2016-02-22,159.0,HUMEDO,LATAS,5,True
N027,2016-02-22 00:00:00,2016-02-22,1.6,HUMEDO,LATAS,5,True
83,2016-02-22 00:00:00,2016-02-22,39.2,HUMEDO,LATAS,5,True
150,2016-02-23 00:00:00,2016-02-23,12.3,HUMEDO,LATAS,5,True
N028,2016-02-23 00:00:00,2016-02-23,57.4,HUMEDO,LATAS,5,True
23,2016-02-23 00:00:00,2016-02-23,17.9,HUMEDO,LATAS,5,True
364,2016-02-23 00:00:00,2016-02-23,15.6,HUMEDO,LATAS,5,True
246,2016-02-23 00:00:00,2016-02-23,28.1,HUMEDO,LATAS,5,True
N023,2016-02-23 00:00:00,2016-02-23,11.1,HUMEDO,LATAS,5,True
350,2016-02-23 00:00:00,2016-02-23,39.4,HUMEDO,LATAS,5,True
83,2016-02-23 00:00:00,2016-02-23,43.1,HUMEDO,LATAS,5,True
173,2016-02-23 00:00:00,2016-02-23,44.0,HUMEDO,LATAS,5,True
291,2016-02-23 00:00:00,2016-02-23,3.9,HUMEDO,LATAS,5,True
N013,2016-02-23 00:00:00,2016-02-23,33.1,HUMEDO,LATAS,5,True
N005,2016-02-24 00:00:00,2016-02-24,11.1,HUMEDO,LATAS,5,True
227,2016-02-24 00:00:00,2016-02-24,62.8,HUMEDO,LATAS,5,True
N001,2016-02-24 00:00:00,2016-02-24,85.8,HUMEDO,LATAS,5,True
150,2016-02-24 00:00:00,2016-02-24,89.9,HUMEDO,LATAS,5,True
N027,2016-02-25 00:00:00,2016-02-25,58.6,HUMEDO,LATAS,5,True
267,2016-02-25 00:00:00,2016-02-25,20.1,HUMEDO,LATAS,5,True
193,2016-02-25 00:00:00,2016-02-25,46.6,HUMEDO,LATAS,5,True
38,2016-02-25 00:00:00,2016-02-25,36.4,HUMEDO,LATAS,5,True
246,2016-02-25 00:00:00,2016-02-25,106.5,HUMEDO,LATAS,5,True
N004,2016-02-25 00:00:00,2016-02-25,37.4,HUMEDO,LATAS,5,True
338,2016-02-27 00:00:00,2016-02-27,45.7,HUMEDO,LATAS,5,True
43,2016-02-27 00:00:00,2016-02-27,12.5,HUMEDO,LATAS,5,True
N035,2016-02-27 00:00:00,2016-02-27,4.8,HUMEDO,LATAS,5,True
368,2016-02-27 00:00:00,2016-02-27,74.1,HUMEDO,LATAS,5,True
125,2016-02-27 00:00:00,2016-02-27,5.9,HUMEDO,LATAS,5,True
235,2016-02-27 00:00:00,2016-02-27,17.1,HUMEDO,LATAS,5,True
273,2016-02-27 00:00:00,2016-02-27,6.1,HUMEDO,LATAS,5,True
N019,2016-02-27 00:00:00,2016-02-27,65.2,HUMEDO,LATAS,5,True
N034,2016-02-27 00:00:00,2016-02-27,18.2,HUMEDO,LATAS,5,True
246,2016-02-28 00:00:00,2016-02-28,36.4,HUMEDO,LATAS,5,True
374,2016-02-28 00:00:00,2016-02-28,29.0,HUMEDO,LATAS,5,True
N038,2016-02-28 00:00:00,2016-02-28,155.3,HUMEDO,LATAS,5,True
N014,2016-02-28 00:00:00,2016-02-28,3.0,HUMEDO,LATAS,5,True
46,2016-02-28 00:00:00,2016-02-28,2.5,HUMEDO,LATAS,5,True
N016,2016-02-28 00:00:00,2016-02-28,51.3,HUMEDO,LATAS,5,True
82,2016-02-28 00:00:00,2016-02-28,15.6,HUMEDO,LATAS,5,True
294,2016-02-29 00:00:00,2016-02-29,2.4,HUMEDO,LATAS,5,True
261,2016-02-29 00:00:00,2016-02-29,255.2,HUMEDO,LATAS,5,True
119,2016-02-29 00:00:00,2016-02-29,45.0,HUMEDO,LATAS,5,True
N013,2016-02-29 00:00:00,2016-02-29,102.8,HUMEDO,LATAS,5,True
173,2016-02-29 00:00:00,2016-02-29,5.1,HUMEDO,LATAS,5,True
N024,2016-02-29 00:00:00,2016-02-29,51.1,HUMEDO,LATAS,5,True
177,2016-03-01 00:00:00,2016-03-01,36.3,HUMEDO,LATAS,5,True
N001,2016-03-01 00:00:00,2016-03-01,48.0,HUMEDO,LATAS,5,True
238,2016-03-01 00:00:00,2016-03-01,110.7,HUMEDO,LATAS,5,True
23,2016-03-01 00:00:00,2016-03-01,34.7,HUMEDO,LATAS,5,True
288,2016-03-01 00:00:00,2016-03-01,5.2,HUMEDO,LATAS,5,True
347,2016-03-02 00:00:00,2016-03-02,4.2,HUMEDO,LATAS,5,True
236,2016-03-02 00:00:00,2016-03-02,54.4,HUMEDO,LATAS,5,True
190,2016-03-02 00:00:00,2016-03-02,29.2,HUMEDO,LATAS,5,True
47,2016-03-02 00:00:00,2016-03-02,50.5,HUMEDO,LATAS,5,True
N022,2016-03-02 00:00:00,2016-03-02,42.3,HUMEDO,LATAS,5,True
43,2016-03-02 00:00:00,2016-03-02,31.3,HUMEDO,LATAS,5,True
255,2016-03-02 00:00:00,2016-03-02,20.9,HUMEDO,LATAS,5,True
344,2016-03-02 00:00:00,2016-03-02,8.0,HUMEDO,LATAS,5,True
46,2016-03-03 00:00:00,2016-03-03,23.6,HUMEDO,LATAS,5,True
N010,2016-03-03 00:00:00,2016-03-03,18.5,HUMEDO,LATAS,5,True
N031,2016-03-03 00:00:00,2016-03-03,33.7,HUMEDO,LATAS,5,True
230,2016-03-03 00:00:00,2016-03-03,18.3,HUMEDO,LATAS,5,True
249,2016-03-03 00:00:00,2016-03-03,4.7,HUMEDO,LATAS,5,True
235,2016-03-03 00:00:00,2016-03-03,20.6,HUMEDO,LATAS,5,True
84,2016-03-05 00:00:00,2016-03-05,15.6,HUMEDO,LATAS,5,True
N009,2016-03-05 00:00:00,2016-03-05,17.3,HUMEDO,LATAS,5,True
N012,2016-03-05 00:00:00,2016-03-05,66.2,HUMEDO,LATAS,5,True
401,2016-03-05 00:00:00,2016-03-05,38.9,HUMEDO,LATAS,5,True
N019,2016-03-06 00:00:00,2016-03-06,9.5,HUMEDO,LATAS,5,True
47,2016-03-06 00:00:00,2016-03-06,8.5,HUMEDO,LATAS,5,True
228,2016-03-06 00:00:00,2016-03-06,2.3,HUMEDO,LATAS,5,True
395,2016-03-06 00:00:00,2016-03-06,2.5,HUMEDO,LATAS,5,True
350,2016-03-06 00:00:00,2016-03-06,7.0,HUMEDO,LATAS,5,True
N010,2016-03-06 00:00:00,2016-03-06,15.1,HUMEDO,LATAS,5,True
N001,2016-03-07 00:00:00,2016-03-07,33.8,HUMEDO,LATAS,5,True
150,2016-03-07 00:00:00,2016-03-07,99.6,HUMEDO,LATAS,5,True
118,2016-03-07 00:00:00,2016-03-07,96.9,HUMEDO,LATAS,5,True
200,2016-03-08 00:00:00,2016-03-08,16.5,HUMEDO,LATAS,5,True
332,2016-03-08 00:00:00,2016-03-08,21.6,HUMEDO,LATAS,5,True
368,2016-03-08 00:00:00,2016-03-08,12.9,HUMEDO,LATAS,5,True
86,2016-03-08 00:00:00,2016-03-08,6.5,HUMEDO,LATAS,5,True
83,2016-03-08 00:00:00,2016-03-08,22.0,HUMEDO,LATAS,5,True
233,2016-03-08 00:00:00,2016-03-08,3.9,HUMEDO,LATAS,5,True
291,2016-03-09 00:00:00,2016-03-09,1.0,HUMEDO,LATAS,5,True
48,2016-03-09 00:00:00,2016-03-09,50.6,HUMEDO,LATAS,5,True
46,2016-03-09 00:00:00,2016-03-09,38.9,HUMEDO,LATAS,5,True
249,2016-03-10 00:00:00,2016-03-10,7.7,HUMEDO,LATAS,5,True
368,2016-03-10 00:00:00,2016-03-10,4.4,HUMEDO,LATAS,5,True
45,2016-03-10 00:00:00,2016-03-10,1.1,HUMEDO,LATAS,5,True
395,2016-03-10 00:00:00,2016-03-10,1.0,HUMEDO,LATAS,5,True
114,2016-03-10 00:00:00,2016-03-10,5.0,HUMEDO,LATAS,5,True
N024,2016-03-10 00:00:00,2016-03-10,1.1,HUMEDO,LATAS,5,True
294,2016-03-10 00:00:00,2016-03-10,18.4,HUMEDO,LATAS,5,True
127,2016-03-10 00:00:00,2016-03-10,4.5,HUMEDO,LATAS,5,True
282,2016-03-10 00:00:00,2016-03-10,7.0,HUMEDO,LATAS,5,True
228,2016-03-10 00:00:00,2016-03-10,9.3,HUMEDO,LATAS,5,True
N037,2016-03-10 00:00:00,2016-03-10,1.2,HUMEDO,LATAS,5,True
173,2016-03-10 00:00:00,2016-03-10,1.0,HUMEDO,LATAS,5,True
351,2016-03-11 00:00:00,2016-03-11,73.2,HUMEDO,LATAS,5,True
N018,2016-03-11 00:00:00,2016-03-11,47.2,HUMEDO,LATAS,5,True
137,2016-03-11 00:00:00,2016-03-11,78.4,HUMEDO,LATAS,5,True
380,2016-03-11 00:00:00,2016-03-11,39.7,HUMEDO,LATAS,5,True
255,2016-03-11 00:00:00,2016-03-11,66.6,HUMEDO,LATAS,5,True
150,2016-03-11 00:00:00,2016-03-11,90.8,HUMEDO,LATAS,5,True
338,2016-03-12 00:00:00,2016-03-12,73.8,HUMEDO,LATAS,5,True
379,2016-03-12 00:00:00,2016-03-12,261.3,HUMEDO,LATAS,5,True
300,2016-03-12 00:00:00,2016-03-12,62.2,HUMEDO,LATAS,5,True
127,2016-03-13 00:00:00,2016-03-13,7.7,HUMEDO,LATAS,5,True
396,2016-03-13 00:00:00,2016-03-13,6.3,HUMEDO,LATAS,5,True
83,2016-03-13 00:00:00,2016-03-13,29.7,HUMEDO,LATAS,5,True
392,2016-03-13 00:00:00,2016-03-13,5.3,HUMEDO,LATAS,5,True
185,2016-03-13 00:00:00,2016-03-13,32.2,HUMEDO,LATAS,5,True
353,2016-03-13 00:00:00,2016-03-13,20.8,HUMEDO,LATAS,5,True
261,2016-03-13 00:00:00,2016-03-13,18.3,HUMEDO,LATAS,5,True
45,2016-03-14 00:00:00,2016-03-14,15.7,SECO,LATAS,5,True
114,2016-03-14 00:00:00,2016-03-14,62.5,HUMEDO,LATAS,5,True
382,2016-03-14 00:00:00,2016-03-14,11.9,HUMEDO,LATAS,5,True
N019,2016-03-14 00:00:00,2016-03-14,44.5,HUMEDO,LATAS,5,True
395,2016-03-14 00:00:00,2016-03-14,18.2,HUMEDO,LATAS,5,True
N008,2016-03-14 00:00:00,2016-03-14,14.5,HUMEDO,LATAS,5,True
177,2016-03-14 00:00:00,2016-03-14,16.0,HUMEDO,LATAS,5,True
N040,2016-03-15 00:00:00,2016-03-15,16.9,HUMEDO,LATAS,5,True
N005,2016-03-15 00:00:00,2016-03-15,59.2,SECO,LATAS,5,True
86,2016-03-16 00:00:00,2016-03-16,6.1,HUMEDO,LATAS,5,True
368,2016-03-16 00:00:00,2016-03-16,62.4,HUMEDO,LATAS,5,True
396,2016-03-16 00:00:00,2016-03-16,12.6,HUMEDO,LATAS,5,True
N021,2016-03-17 00:00:00,2016-03-17,4.8,HUMEDO,LATAS,5,True
354,2016-03-17 00:00:00,2016-03-17,11.2,HUMEDO,LATAS,5,True
338,2016-03-17 00:00:00,2016-03-17,13.0,HUMEDO,LATAS,5,True
N031,2016-03-17 00:00:00,2016-03-17,16.4,HUMEDO,LATAS,5,True
N012,2016-03-17 00:00:00,2016-03-17,9.7,HUMEDO,LATAS,5,True
137,2016-03-17 00:00:00,2016-03-17,18.8,HUMEDO,LATAS,5,True
347,2016-03-17 00:00:00,2016-03-17,26.7,HUMEDO,LATAS,5,True
186,2016-03-17 00:00:00,2016-03-17,15.9,HUMEDO,LATAS,5,True
173,2016-03-17 00:00:00,2016-03-17,1.8,SECO,LATAS,5,True
282,2016-03-18 00:00:00,2016-03-18,49.1,HUMEDO,LATAS,5,True
N021,2016-03-18 00:00:00,2016-03-18,40.2,HUMEDO,LATAS,5,True
N029,2016-03-18 00:00:00,2016-03-18,51.6,HUMEDO,LATAS,5,True
150,2016-03-18 00:00:00,2016-03-18,118.4,HUMEDO,LATAS,5,True
231,2016-03-19 00:00:00,2016-03-19,24.8,HUMEDO,LATAS,5,True
79,2016-03-19 00:00:00,2016-03-19,4.2,HUMEDO,LATAS,5,True
237,2016-03-19 00:00:00,2016-03-19,5.4,HUMEDO,LATAS,5,True
332,2016-03-19 00:00:00,2016-03-19,20.4,HUMEDO,LATAS,5,True
267,2016-03-19 00:00:00,2016-03-19,17.1,HUMEDO,LATAS,5,True
N003,2016-03-19 00:00:00,2016-03-19,2.9,HUMEDO,LATAS,5,True
356,2016-03-19 00:00:00,2016-03-19,6.2,SECO,LATAS,5,True
17,2016-03-19 00:00:00,2016-03-19,95.2,HUMEDO,LATAS,5,True
14,2016-03-19 00:00:00,2016-03-19,2.9,HUMEDO,LATAS,5,True
N038,2016-03-19 00:00:00,2016-03-19,8.4,HUMEDO,LATAS,5,True
N009,2016-03-20 00:00:00,2016-03-20,34.5,HUMEDO,LATAS,5,True
387,2016-03-20 00:00:00,2016-03-20,1.5,HUMEDO,LATAS,5,True
85,2016-03-20 00:00:00,2016-03-20,50.5,HUMEDO,LATAS,5,True
N008,2016-03-20 00:00:00,2016-03-20,11.1,HUMEDO,LATAS,5,True
400,2016-03-20 00:00:00,2016-03-20,7.5,HUMEDO,LATAS,5,True
114,2016-03-20 00:00:00,2016-03-20,12.3,HUMEDO,LATAS,5,True
401,2016-03-20 00:00:00,2016-03-20,1.7,HUMEDO,LATAS,5,True
346,2016-03-20 00:00:00,2016-03-20,136.2,HUMEDO,LATAS,5,True
259,2016-03-20 00:00:00,2016-03-20,38.6,HUMEDO,LATAS,5,True
118,2016-03-20 00:00:00,2016-03-20,16.8,HUMEDO,LATAS,5,True
17,2016-03-20 00:00:00,2016-03-20,4.2,HUMEDO,LATAS,5,True
272,2016-03-20 00:00:00,2016-03-20,7.9,HUMEDO,LATAS,5,True
193,2016-03-21 00:00:00,2016-03-21,100.0,HUMEDO,LATAS,5,True
105,2016-03-21 00:00:00,2016-03-21,36.6,HUMEDO,LATAS,5,True
7,2016-03-21 00:00:00,2016-03-21,84.8,HUMEDO,LATAS,5,True
347,2016-03-21 00:00:00,2016-03-21,86.4,HUMEDO,LATAS,5,True
379,2016-03-21 00:00:00,2016-03-21,41.6,HUMEDO,LATAS,5,True
300,2016-03-21 00:00:00,2016-03-21,149.6,HUMEDO,LATAS,5,True
N018,2016-03-21 00:00:00,2016-03-21,234.4,HUMEDO,LATAS,5,True
186,2016-03-21 00:00:00,2016-03-21,6.8,HUMEDO,LATAS,5,True
N032,2016-03-21 00:00:00,2016-03-21,57.9,HUMEDO,LATAS,5,True
395,2016-03-21 00:00:00,2016-03-21,17.1,HUMEDO,LATAS,5,True
202,2016-03-21 00:00:00,2016-03-21,1.0,HUMEDO,LATAS,5,True
172,2016-03-22 00:00:00,2016-03-22,99.3,HUMEDO,LATAS,5,True
234,2016-03-22 00:00:00,2016-03-22,16.2,HUMEDO,LATAS,5,True
399,2016-03-22 00:00:00,2016-03-22,32.2,HUMEDO,LATAS,5,True
N036,2016-03-22 00:00:00,2016-03-22,1.8,HUMEDO,LATAS,5,True
249,2016-03-22 00:00:00,2016-03-22,58.0,HUMEDO,LATAS,5,True
364,2016-03-22 00:00:00,2016-03-22,63.6,HUMEDO,LATAS,5,True
310,2016-03-22 00:00:00,2016-03-22,46.7,HUMEDO,LATAS,5,True
82,2016-03-22 00:00:00,2016-03-22,46.7,HUMEDO,LATAS,5,True
289,2016-03-22 00:00:00,2016-03-22,18.9,HUMEDO,LATAS,5,True
29,2016-03-23 00:00:00,2016-03-23,45.9,HUMEDO,LATAS,5,True
373,2016-03-23 00:00:00,2016-03-23,8.0,HUMEDO,LATAS,5,True
267,2016-03-23 00:00:00,2016-03-23,36.1,HUMEDO,LATAS,5,True
23,2016-03-23 00:00:00,2016-03-23,3.9,HUMEDO,LATAS,5,True
N002,2016-03-23 00:00:00,2016-03-23,6.3,HUMEDO,LATAS,5,True
397,2016-03-23 00:00:00,2016-03-23,106.5,HUMEDO,LATAS,5,True
113,2016-03-23 00:00:00,2016-03-23,33.5,HUMEDO,LATAS,5,True
300,2016-03-24 00:00:00,2016-03-24,2.8,HUMEDO,LATAS,5,True
251,2016-03-24 00:00:00,2016-03-24,6.1,HUMEDO,LATAS,5,True
253,2016-03-24 00:00:00,2016-03-24,1.2,HUMEDO,LATAS,5,True
7,2016-03-24 00:00:00,2016-03-24,68.1,HUMEDO,LATAS,5,True
N030,2016-03-24 00:00:00,2016-03-24,5.6,HUMEDO,LATAS,5,True
276,2016-03-24 00:00:00,2016-03-24,30.5,HUMEDO,LATAS,5,True
83,2016-03-25 00:00:00,2016-03-25,14.4,HUMEDO,LATAS,5,True
N011,2016-03-25 00:00:00,2016-03-25,1.9,HUMEDO,LATAS,5,True
294,2016-03-25 00:00:00,2016-03-25,6.0,HUMEDO,LATAS,5,True
271,2016-03-25 00:00:00,2016-03-25,1.0,HUMEDO,LATAS,5,True
335,2016-03-25 00:00:00,2016-03-25,5.0,HUMEDO,LATAS,5,True
43,2016-03-25 00:00:00,2016-03-25,2.8,HUMEDO,LATAS,5,True
105,2016-03-25 00:00:00,2016-03-25,1.0,HUMEDO,LATAS,5,True
291,2016-03-25 00:00:00,2016-03-25,54.9,HUMEDO,LATAS,5,True
N001,2016-03-25 00:00:00,2016-03-25,18.6,HUMEDO,LATAS,5,True
251,2016-03-26 00:00:00,2016-03-26,1.0,HUMEDO,LATAS,5,True
N035,2016-03-26 00:00:00,2016-03-26,18.3,SECO,LATAS,5,True
N029,2016-03-26 00:00:00,2016-03-26,4.4,HUMEDO,LATAS,5,True
43,2016-03-26 00:00:00,2016-03-26,2.8,HUMEDO,LATAS,5,True
79,2016-03-26 00:00:00,2016-03-26,2.5,HUMEDO,LATAS,5,True
N032,2016-03-26 00:00:00,2016-03-26,54.5,SECO,LATAS,5,True
228,2016-03-26 00:00:00,2016-03-26,25.4,HUMEDO,LATAS,5,True
N039,2016-03-26 00:00:00,2016-03-26,11.7,HUMEDO,LATAS,5,True
187,2016-03-26 00:00:00,2016-03-26,30.4,SECO,LATAS,5,True
54,2016-03-26 00:00:00,2016-03-26,11.8,HUMEDO,LATAS,5,True
193,2016-03-26 00:00:00,2016-03-26,2.8,HUMEDO,LATAS,5,True
N002,2016-03-26 00:00:00,2016-03-26,1.1,HUMEDO,LATAS,5,True
271,2016-03-26 00:00:00,2016-03-26,1.0,HUMEDO,LATAS,5,True
182,2016-03-26 00:00:00,2016-03-26,15.1,HUMEDO,LATAS,5,True
113,2016-03-27 00:00:00,2016-03-27,84.6,HUMEDO,LATAS,5,True
N021,2016-03-27 00:00:00,2016-03-27,6.6,HUMEDO,LATAS,5,True
236,2016-03-28 00:00:00,2016-03-28,30.0,HUMEDO,LATAS,5,True
272,2016-03-28 00:00:00,2016-03-28,9.4,HUMEDO,LATAS,5,True
356,2016-03-28 00:00:00,2016-03-28,43.5,HUMEDO,LATAS,5,True
N024,2016-03-28 00:00:00,2016-03-28,2.7,HUMEDO,LATAS,5,True
124,2016-03-28 00:00:00,2016-03-28,1.7,HUMEDO,LATAS,5,True
387,2016-03-28 00:00:00,2016-03-28,8.7,HUMEDO,LATAS,5,True
234,2016-03-29 00:00:00,2016-03-29,1.0,HUMEDO,LATAS,5,True
N013,2016-03-29 00:00:00,2016-03-29,1.0,HUMEDO,LATAS,5,True
N031,2016-03-29 00:00:00,2016-03-29,1.0,HUMEDO,LATAS,5,True
N006,2016-03-29 00:00:00,2016-03-29,1.1,HUMEDO,LATAS,5,True
46,2016-03-29 00:00:00,2016-03-29,1.1,HUMEDO,LATAS,5,True
N037,2016-03-29 00:00:00,2016-03-29,4.4,HUMEDO,LATAS,5,True
368,2016-03-29 00:00:00,2016-03-29,1.0,HUMEDO,LATAS,5,True
N020,2016-03-29 00:00:00,2016-03-29,3.2,HUMEDO,LATAS,5,True
354,2016-03-29 00:00:00,2016-03-29,1.0,HUMEDO,LATAS,5,True
347,2016-03-29 00:00:00,2016-03-29,21.2,HUMEDO,LATAS,5,True
N025,2016-03-29 00:00:00,2016-03-29,1.0,HUMEDO,LATAS,5,True
247,2016-03-29 00:00:00,2016-03-29,2.0,HUMEDO,LATAS,5,True
23,2016-03-29 00:00:00,2016-03-29,7.0,HUMEDO,LATAS,5,True
246,2016-03-30 00:00:00,2016-03-30,18.8,HUMEDO,LATAS,5,True
N015,2016-03-30 00:00:00,2016-03-30,7.9,HUMEDO,LATAS,5,True
173,2016-03-30 00:00:00,2016-03-30,39.6,HUMEDO,LATAS,5,True
354,2016-03-30 00:00:00,2016-03-30,11.9,HUMEDO,LATAS,5,True
N034,2016-03-30 00:00:00,2016-03-30,1.4,HUMEDO,LATAS,5,True
38,2016-03-31 00:00:00,2016-03-31,87.0,HUMEDO,LATAS,5,True
83,2016-03-31 00:00:00,2016-03-31,1.8,HUMEDO,LATAS,5,True
N012,2016-03-31 00:00:00,2016-03-31,8.2,HUMEDO,LATAS,5,True
368,2016-03-31 00:00:00,2016-03-31,34.3,HUMEDO,LATAS,5,True
293,2016-03-31 00:00:00,2016-03-31,114.5,HUMEDO,LATAS,5,True
335,2016-03-31 00:00:00,2016-03-31,1.0,HUMEDO,LATAS,5,True
137,2016-03-31 00:00:00,2016-03-31,20.1,HUMEDO,LATAS,5,True
282,2016-03-31 00:00:00,2016-03-31,23.4,HUMEDO,LATAS,5,True
186,2016-04-16 00:00:00,2016-04-16,3.0,HUMEDO,LATAS,5,True
N021,2016-04-16 00:00:00,2016-04-16,4.7,HUMEDO,LATAS,5,True
251,2016-04-16 00:00:00,2016-04-16,33.8,HUMEDO,LATAS,5,True
253,2016-04-16 00:00:00,2016-04-16,27.2,HUMEDO,LATAS,5,True
N023,2016-04-16 00:00:00,2016-04-16,10.3,HUMEDO,LATAS,5,True
272,2016-04-17 00:00:00,2016-04-17,11.4,HUMEDO,LATAS,5,True
288,2016-04-17 00:00:00,2016-04-17,19.1,HUMEDO,LATAS,5,True
7,2016-04-17 00:00:00,2016-04-17,7.8,HUMEDO,LATAS,5,True
247,2016-04-17 00:00:00,2016-04-17,6.4,HUMEDO,LATAS,5,True
397,2016-04-17 00:00:00,2016-04-17,50.3,HUMEDO,LATAS,5,True
350,2016-04-17 00:00:00,2016-04-17,10.8,HUMEDO,LATAS,5,True
253,2016-04-24 00:00:00,2016-04-24,2.8,HUMEDO,LATAS,5,True
351,2016-04-24 00:00:00,2016-04-24,2.3,HUMEDO,LATAS,5,True
365,2016-04-24 00:00:00,2016-04-24,2.4,HUMEDO,LATAS,5,True
397,2016-04-24 00:00:00,2016-04-24,15.6,HUMEDO,LATAS,5,True
395,2016-04-24 00:00:00,2016-04-24,4.0,HUMEDO,LATAS,5,True
N027,2016-04-24 00:00:00,2016-04-24,1.4,HUMEDO,LATAS,5,True
294,2016-04-24 00:00:00,2016-04-24,1.1,HUMEDO,LATAS,5,True
350,2016-05-08 00:00:00,2016-05-08,5.1,HUMEDO,LATAS,5,True
114,2016-05-08 00:00:00,2016-05-08,1.0,HUMEDO,QUINTALES,5,True
190,2016-05-08 00:00:00,2016-05-08,7.9,HUMEDO,LATAS,5,True
137,2016-05-08 00:00:00,2016-05-08,1.2,HUMEDO,LATAS,5,True
344,2016-05-08 00:00:00,2016-05-08,1.0,HUMEDO,LATAS,5,True
N024,2016-05-08 00:00:00,2016-05-08,5.8,HUMEDO,LATAS,5,True
54,2016-05-08 00:00:00,2016-05-08,6.4,HUMEDO,LATAS,5,True
N012,2016-05-08 00:00:00,2016-05-08,1.0,HUMEDO,LATAS,5,True
N019,2016-05-12 00:00:00,2016-05-12,1.0,HUMEDO,LATAS,5,True
227,2016-05-12 00:00:00,2016-05-12,1.0,HUMEDO,LATAS,5,True
190,2016-05-12 00:00:00,2016-05-12,1.5,HUMEDO,LATAS,5,True
397,2016-05-12 00:00:00,2016-05-12,1.2,HUMEDO,LATAS,5,True
N026,2016-05-12 00:00:00,2016-05-12,1.1,HUMEDO,LATAS,5,True
379,2016-05-12 00:00:00,2016-05-12,1.2,HUMEDO,LATAS,5,True
294,2016-05-12 00:00:00,2016-05-12,2.4,HUMEDO,LATAS,5,True
137,2016-05-14 00:00:00,2016-05-14,1.0,HUMEDO,LATAS,5,True
33,2016-05-14 00:00:00,2016-05-14,1.0,HUMEDO,LATAS,5,True
17,2016-05-14 00:00:00,2016-05-14,1.2,HUMEDO,LATAS,5,True
79,2016-05-14 00:00:00,2016-05-14,1.0,HUMEDO,LATAS,5,True
371,2016-05-14 00:00:00,2016-05-14,1.0,HUMEDO,LATAS,5,True
N023,2016-05-14 00:00:00,2016-05-14,1.1,HUMEDO,LATAS,5,True
N025,2016-05-14 00:00:00,2016-05-14,1.0,HUMEDO,LATAS,5,True
113,2016-05-14 00:00:00,2016-05-14,1.0,HUMEDO,LATAS,5,True
54,2016-05-14 00:00:00,2016-05-14,1.2,HUMEDO,LATAS,5,True
310,2016-05-14 00:00:00,2016-05-14,1.0,HUMEDO,LATAS,5,True
371,2016-05-21 00:00:00,2016-05-21,1.0,SECO,LATAS,5,True
177,2016-05-21 00:00:00,2016-05-21,1.0,HUMEDO,LATAS,5,True
288,2016-05-21 00:00:00,2016-05-21,1.0,HUMEDO,LATAS,5,True
375,2016-05-21 00:00:00,2016-05-21,1.1,HUMEDO,LATAS,5,True
346,2016-05-21 00:00:00,2016-05-21,1.2,HUMEDO,LATAS,5,True
85,2016-05-21 00:00:00,2016-05-21,1.0,HUMEDO,LATAS,5,True
38,2016-05-21 00:00:00,2016-05-21,1.7,HUMEDO,LATAS,5,True
105,2016-05-21 00:00:00,2016-05-21,1.1,HUMEDO,LATAS,5,True
N037,2016-05-21 00:00:00,2016-05-21,1.2,HUMEDO,LATAS,5,True
N005,2016-05-21 00:00:00,2016-05-21,2.9,HUMEDO,LATAS,5,True
